SeniorCitizen,tenure,MonthlyCharges,TotalCharges,Churn,gender_Male,Partner_Yes,Dependents_Yes,PhoneService_Yes,MultipleLines_No phone service,MultipleLines_Yes,InternetService_Fiber optic,InternetService_No,OnlineSecurity_No internet service,OnlineSecurity_Yes,OnlineBackup_No internet service,OnlineBackup_Yes,DeviceProtection_No internet service,DeviceProtection_Yes,TechSupport_No internet service,TechSupport_Yes,StreamingTV_No internet service,StreamingTV_Yes,StreamingMovies_No internet service,StreamingMovies_Yes,Contract_One year,Contract_Two year,PaperlessBilling_Yes,PaymentMethod_Credit card (automatic),PaymentMethod_Electronic check,PaymentMethod_Mailed check,churn_probability,revenue_at_risk
1,1,95.1,95.1,1,1,1,0,1,0,1,1,0,0,0,0,0,0,0,0,0,0,1,0,1,0,0,1,0,1,0,0.9313720950371299,88.57348623803105
1,1,100.8,100.8,1,0,1,0,1,0,1,1,0,0,0,0,0,0,1,0,0,0,1,0,1,0,0,1,0,1,0,0.9299941405524513,93.7434093676871
1,2,93.85,170.85,1,0,0,0,1,0,1,1,0,0,0,0,0,0,0,0,0,0,1,0,1,0,0,1,0,1,0,0.9285564684954217,87.14502456829533
1,1,94.0,94.0,1,1,0,0,1,0,1,1,0,0,0,0,0,0,0,0,0,0,1,0,1,0,0,1,0,1,0,0.9282127375337569,87.25199732817315
1,1,93.55,93.55,1,1,0,0,1,0,1,1,0,0,0,0,0,0,0,0,0,0,1,0,1,0,0,1,0,1,0,0.9278852343862132,86.80366367683024
1,3,94.6,279.55,1,1,1,0,1,0,1,1,0,0,0,0,0,0,0,0,0,0,1,0,1,0,0,1,0,1,0,0.9275426674177824,87.7455363377222
1,4,95.45,396.1,1,0,0,0,1,0,1,1,0,0,0,0,0,0,0,0,0,0,1,0,1,0,0,1,0,1,0,0.9269010043359724,88.47270086386857
1,4,94.3,424.45,1,0,0,0,1,0,1,1,0,0,0,0,0,0,0,0,0,0,1,0,1,0,0,1,0,1,0,0.9266110176111537,87.3794189607318
1,2,93.85,196.75,1,1,0,0,1,0,1,1,0,0,0,0,0,0,0,0,0,0,1,0,1,0,0,1,0,1,0,0.9265153566266201,86.9534662194083
1,2,94.0,181.7,1,1,0,0,1,0,1,1,0,0,0,0,0,0,0,0,0,0,1,0,1,0,0,1,0,1,0,0.9263366283621467,87.07564306604179
1,3,94.85,335.75,0,1,0,0,1,0,1,1,0,0,0,0,0,0,0,0,0,0,1,0,1,0,0,1,0,1,0,0.9263220889294171,87.86165013495521
0,1,94.6,94.6,1,0,0,0,1,0,1,1,0,0,0,0,0,0,0,0,0,0,1,0,1,0,0,1,0,1,0,0.920342784859075,87.06442744766848
1,1,85.05,85.05,1,0,0,0,1,0,1,1,0,0,0,0,0,0,0,0,0,0,0,0,1,0,0,1,0,1,0,0.9201384187765819,78.25777251694828
0,3,95.2,292.85,1,0,1,0,1,0,1,1,0,0,0,0,0,0,0,0,0,0,1,0,1,0,0,1,0,1,0,0.9198681892942644,87.57145162081397
0,1,93.85,93.85,1,0,0,0,1,0,1,1,0,0,0,0,0,0,0,0,0,0,1,0,1,0,0,1,0,1,0,0.9197414391168335,86.31773406111482
0,2,96.0,174.8,1,0,0,0,1,0,1,1,0,0,0,0,0,0,0,0,0,0,1,0,1,0,0,1,0,1,0,0.9192320238377264,88.24627428842173
0,2,95.15,196.9,1,0,0,0,1,0,1,1,0,0,0,0,0,0,0,0,0,0,1,0,1,0,0,1,0,1,0,0.9190211580859547,87.4448631918786
1,1,91.3,91.3,1,0,0,0,1,0,0,1,0,0,0,0,0,0,0,0,0,0,1,0,1,0,0,1,0,1,0,0.918948279362067,83.89997790575671
0,3,96.6,291.9,1,0,0,0,1,0,1,1,0,0,0,0,0,0,0,0,0,0,1,0,1,0,0,1,0,1,0,0.9182453282968048,88.70249871347134
0,1,95.45,95.45,1,1,0,0,1,0,1,1,0,0,0,0,0,0,0,0,0,0,1,0,1,0,0,1,0,1,0,0.9182387856396795,87.64589208930741
1,7,101.95,700.85,1,1,1,0,1,0,1,1,0,0,0,0,0,0,1,0,0,0,1,0,1,0,0,1,0,1,0,0.9179594617075023,93.58596712107986
1,2,84.05,186.05,0,0,0,0,1,0,1,1,0,0,0,0,0,0,0,0,0,0,0,0,1,0,0,1,0,1,0,0.9175498530243902,77.12006514669999
1,1,89.3,89.3,1,0,0,0,1,0,0,1,0,0,0,0,0,0,0,0,0,0,1,0,1,0,0,1,0,1,0,0.9173097803878638,81.91576338863624
1,7,99.25,665.45,1,1,1,0,1,0,1,1,0,0,0,0,0,0,1,0,0,0,1,0,1,0,0,1,0,1,0,0.9150062815796877,90.814373446784
0,1,101.45,101.45,1,1,0,0,1,0,1,1,0,0,0,0,0,0,1,0,0,0,1,0,1,0,0,1,0,1,0,0.9139573288172829,92.72097100851335
1,4,84.6,360.1,1,0,0,0,1,0,1,1,0,0,0,0,0,0,0,0,0,0,0,0,1,0,0,1,0,1,0,0.9136731141574796,77.29674545772278
1,8,100.6,819.4,1,1,0,0,1,0,1,1,0,0,0,0,0,0,1,0,0,0,1,0,1,0,0,1,0,1,0,0.9125364188757833,91.8011637389038
1,11,99.55,1131.2,1,0,1,0,1,0,1,1,0,0,0,0,0,0,1,0,0,0,1,0,1,0,0,1,0,1,0,0.9119812126352476,90.78772971783889
1,1,86.05,86.05,1,1,1,0,1,0,1,1,0,0,0,0,0,0,0,0,0,0,1,0,0,0,0,1,0,1,0,0.9118350007331493,78.46340181308749
1,2,88.55,179.25,1,0,0,0,1,0,1,1,0,0,0,0,0,0,1,0,0,0,0,0,1,0,0,1,0,1,0,0.9116770237084705,80.72900044938505
1,1,85.7,85.7,1,0,0,0,1,0,1,1,0,0,0,0,0,0,0,0,0,0,1,0,0,0,0,1,0,1,0,0.9116251215965847,78.12627292082732
1,3,105.9,334.65,1,1,1,0,1,0,1,1,0,0,0,0,1,0,1,0,0,0,1,0,1,0,0,1,0,1,0,0.9111873602982039,96.4947414555798
1,10,95.35,898.35,1,1,0,0,1,0,1,1,0,0,0,0,0,0,0,0,0,0,1,0,1,0,0,1,0,1,0,0.91114594513755,86.87776586886538
1,6,84.35,474.9,1,0,1,0,1,0,1,1,0,0,0,0,0,0,0,0,0,0,0,0,1,0,0,1,0,1,0,0.9105588513926346,76.80563911496873
1,9,100.5,918.6,1,1,0,0,1,0,1,1,0,0,0,0,0,0,1,0,0,0,1,0,1,0,0,1,0,1,0,0.9104663572744214,91.50186890607935
1,7,84.55,646.85,1,0,1,0,1,0,1,1,0,0,0,0,0,0,0,0,0,0,0,0,1,0,0,1,0,1,0,0.9103874904856393,76.97326232056079
0,3,100.95,329.95,1,1,0,0,1,0,1,1,0,0,0,0,0,0,1,0,0,0,1,0,1,0,0,1,0,1,0,0.9102636886694476,91.89111937118074
1,13,95.05,1290.0,1,0,0,0,1,0,1,1,0,0,0,0,0,0,0,0,0,0,1,0,1,0,0,1,0,1,0,0.9100857783622033,86.50365323332741
1,2,85.55,187.45,1,0,0,0,1,0,1,1,0,0,0,0,0,0,0,0,0,0,1,0,0,0,0,1,0,1,0,0.9095507038665753,77.81206271578552
1,13,95.25,1233.65,1,1,1,0,1,0,1,1,0,0,0,0,0,0,0,0,0,0,1,0,1,0,0,1,0,1,0,0.9088619547491145,86.56910118985316
0,5,100.5,514.0,1,0,0,0,1,0,1,1,0,0,0,0,0,0,1,0,0,0,1,0,1,0,0,1,0,1,0,0.9085852995639462,91.3128226061766
0,1,85.0,85.0,1,0,0,0,1,0,1,1,0,0,0,0,0,0,0,0,0,0,0,0,1,0,0,1,0,1,0,0.9077930533840601,77.16240953764512
1,4,88.85,372.45,1,0,0,0,1,0,1,1,0,0,0,0,0,0,1,0,0,0,0,0,1,0,0,1,0,1,0,0.9077789690896151,80.6561614036123
1,5,91.4,449.75,1,1,0,0,1,0,0,1,0,0,0,0,0,0,0,0,0,0,1,0,1,0,0,1,0,1,0,0.9074119007738263,82.93744773072773
1,6,89.35,567.8,0,0,0,0,1,0,0,1,0,0,0,0,0,0,0,0,0,0,1,0,1,0,0,1,0,1,0,0.907120151860742,81.05118556875729
1,6,98.25,560.6,1,0,0,0,1,0,1,1,0,0,0,0,1,0,0,0,0,0,1,0,1,0,0,1,0,1,0,0.9068215300916369,89.09521533150333
1,3,105.0,294.45,1,1,0,0,1,0,1,1,0,0,0,0,1,0,1,0,0,0,1,0,1,0,0,1,0,1,0,0.9064455186877474,95.17677946221347
1,5,89.5,477.7,1,1,0,0,1,0,0,1,0,0,0,0,0,0,0,0,0,0,1,0,1,0,0,1,0,1,0,0.9063692025740476,81.12004363037727
0,1,86.6,86.6,1,1,0,0,1,0,1,1,0,0,0,0,0,0,0,0,0,0,0,0,1,0,0,1,0,1,0,0.9060895359003184,78.46735380896757
0,2,85.7,169.8,1,0,0,0,1,0,1,1,0,0,0,0,0,0,0,0,0,0,0,0,1,0,0,1,0,1,0,0.9060030472698928,77.64446115102982
0,1,90.75,90.75,1,1,1,0,1,0,0,1,0,0,0,0,0,0,0,0,0,0,1,0,1,0,0,1,0,1,0,0.9058715917221366,82.2078469487839
0,7,94.1,701.3,0,1,0,0,1,0,1,1,0,0,0,0,0,0,0,0,0,0,1,0,1,0,0,1,0,1,0,0.9054835149197213,85.20599875394578
1,7,89.5,676.7,1,1,1,0,1,0,0,1,0,0,0,0,0,0,0,0,0,0,1,0,1,0,0,1,0,1,0,0.9052929219876248,81.02371651789242
0,1,93.3,93.3,1,1,0,1,1,0,1,1,0,0,0,0,0,0,0,0,0,0,1,0,1,0,0,1,0,1,0,0.9049474758219908,84.43159949419173
1,16,96.4,1581.2,1,0,0,0,1,0,1,1,0,0,0,0,0,0,0,0,0,0,1,0,1,0,0,1,0,1,0,0.9049453781581074,87.23673445444156
0,9,94.75,889.9,1,0,0,0,1,0,1,1,0,0,0,0,0,0,0,0,0,0,1,0,1,0,0,1,0,1,0,0.9048464914110753,85.73420506119939
1,8,84.0,613.4,1,0,1,0,1,0,1,1,0,0,0,0,0,0,0,0,0,0,0,0,1,0,0,1,0,1,0,0.904718027668672,75.99631432416845
1,4,83.25,308.05,0,0,1,0,1,0,1,1,0,0,0,0,0,0,0,0,0,0,1,0,0,0,0,1,0,1,0,0.9045782554295426,75.30613976450942
1,4,94.75,422.4,0,1,0,0,1,0,0,1,0,0,0,0,0,0,1,0,0,0,1,0,1,0,0,1,0,1,0,0.9039256483531494,85.6469551814609
0,7,93.85,635.6,1,1,0,0,1,0,1,1,0,0,0,0,0,0,0,0,0,0,1,0,1,0,0,1,0,1,0,0.9036660889285217,84.80906244594176
1,16,96.15,1529.2,1,0,0,0,1,0,1,1,0,0,0,0,0,0,0,0,0,0,1,0,1,0,0,1,0,1,0,0.9034539067179996,86.86709313093567
1,7,89.0,605.45,0,1,1,0,1,0,0,1,0,0,0,0,0,0,0,0,0,0,1,0,1,0,0,1,0,1,0,0.9031045154928694,80.37630187886538
0,2,90.4,168.2,1,0,0,0,1,0,0,1,0,0,0,0,0,0,0,0,0,0,1,0,1,0,0,1,0,1,0,0.9030020709925692,81.63138721772826
0,2,86.0,165.45,1,1,0,0,1,0,1,1,0,0,0,0,0,0,0,0,0,0,0,0,1,0,0,1,0,1,0,0.9029222574050186,77.6513141368316
1,12,99.45,1200.15,1,1,0,0,1,0,1,1,0,0,0,0,0,0,1,0,0,0,1,0,1,0,0,1,0,1,0,0.9029020670731113,89.79361057042092
0,11,94.0,1078.9,1,0,1,0,1,0,1,1,0,0,0,0,0,0,0,0,0,0,1,0,1,0,0,1,0,1,0,0.9028141187498823,84.86452716248893
1,7,89.15,574.35,0,0,0,0,1,0,0,1,0,0,0,0,0,0,0,0,0,0,1,0,1,0,0,1,0,1,0,0.902586080380343,80.46554906590758
1,6,95.75,573.75,1,1,1,0,1,0,0,1,0,0,0,0,0,0,1,0,0,0,1,0,1,0,0,1,0,1,0,0.9025848605449295,86.422500397177
1,14,95.6,1273.3,0,1,0,0,1,0,1,1,0,0,0,0,0,0,0,0,0,0,1,0,1,0,0,1,0,1,0,0.9025459686714393,86.2833946049896
0,1,90.55,90.55,1,1,0,0,1,0,0,1,0,0,0,0,0,0,0,0,0,0,1,0,1,0,0,1,0,1,0,0.9025285869263802,81.72396354618373
1,2,79.6,195.05,1,0,0,0,1,0,0,1,0,0,0,0,0,0,0,0,0,0,0,0,1,0,0,1,0,1,0,0.9024872472097959,71.83798487789974
0,1,89.9,89.9,1,1,0,0,1,0,0,1,0,0,0,0,0,0,0,0,0,0,1,0,1,0,0,1,0,1,0,0.901903578521143,81.08113170905077
0,8,99.65,820.5,1,0,0,0,1,0,1,1,0,0,0,0,0,0,1,0,0,0,1,0,1,0,0,1,0,1,0,0.9016900435635236,89.85341284110513
0,1,89.55,89.55,1,1,0,0,1,0,0,1,0,0,0,0,0,0,0,0,0,0,1,0,1,0,0,1,0,1,0,0.9015655580645472,80.7351957246802
0,1,89.25,89.25,0,1,0,0,1,0,0,1,0,0,0,0,0,0,0,0,0,0,1,0,1,0,0,1,0,1,0,0.901275000812823,80.43879382254445
0,1,89.1,89.1,1,1,0,0,1,0,0,1,0,0,0,0,0,0,0,0,0,0,1,0,1,0,0,1,0,1,0,0.9011294359771483,80.29063274556391
1,1,88.8,88.8,1,1,0,0,1,0,1,1,0,0,0,0,0,0,1,0,0,0,1,0,0,0,0,1,0,1,0,0.9010276967247509,80.01125946915788
1,9,84.45,762.5,1,0,0,0,1,0,1,1,0,0,0,0,0,0,0,0,0,0,0,0,1,0,0,1,0,1,0,0.9010119199569933,76.09045664036809
1,17,92.55,1614.7,0,0,1,0,1,0,1,1,0,0,0,0,0,0,0,0,0,0,1,0,1,0,0,1,0,1,0,0.9007829209583358,83.36745933469398
0,9,95.5,829.1,1,1,0,0,1,0,1,1,0,0,0,0,0,0,0,0,0,0,1,0,1,0,0,1,0,1,0,0.9007500711449659,86.02163179434424
1,10,86.65,856.65,1,1,1,0,1,0,1,1,0,0,0,0,0,0,0,0,0,0,0,0,1,0,0,1,0,1,0,0.9006671052817173,78.04280467266081
0,4,100.2,420.2,1,1,1,0,1,0,1,1,0,0,0,0,1,0,0,0,0,0,1,0,1,0,0,1,0,1,0,0.9005788066250684,90.23799642383186
0,1,99.75,99.75,1,1,0,1,1,0,1,1,0,0,0,0,0,0,1,0,0,0,1,0,1,0,0,1,0,1,0,0.9004861518877297,89.82349365080104
1,8,105.5,829.55,1,0,0,0,1,0,1,1,0,0,0,0,1,0,1,0,0,0,1,0,1,0,0,1,0,1,0,0.9004168816150478,94.99398101038754
0,1,88.35,88.35,1,1,0,0,1,0,0,1,0,0,0,0,0,0,0,0,0,0,1,0,1,0,0,1,0,1,0,0.9003987424528527,79.55022889570952
0,3,85.3,264.8,1,1,0,0,1,0,1,1,0,0,0,0,0,0,0,0,0,0,0,0,1,0,0,1,0,1,0,0.9000816235063249,76.77696248508951
1,1,74.45,74.45,1,0,1,0,1,0,1,1,0,0,0,0,0,0,0,0,0,0,0,0,0,0,0,1,0,1,0,0.8995325425078926,66.97019778971261
0,3,89.45,240.45,1,0,0,0,1,0,0,1,0,0,0,0,0,0,0,0,0,0,1,0,1,0,0,1,0,1,0,0.8992390550485165,80.43693347408981
0,10,100.6,1060.2,1,0,0,0,1,0,1,1,0,0,0,0,0,0,1,0,0,0,1,0,1,0,0,1,0,1,0,0.89922095777532,90.46162835219718
1,1,90.6,90.6,1,0,1,0,1,0,1,1,0,0,0,0,1,0,0,0,0,0,1,0,0,0,0,1,0,1,0,0.8991507256208483,81.46305574124885
0,3,92.0,266.8,0,1,0,0,1,0,0,1,0,0,0,0,0,0,0,0,0,0,1,0,1,0,0,1,0,1,0,0.8989519391010287,82.70357839729463
1,17,94.2,1608.15,0,0,0,0,1,0,1,1,0,0,0,0,0,0,0,0,0,0,1,0,1,0,0,1,0,1,0,0.8989148157632185,84.67777564489519
1,1,85.0,85.0,1,0,0,0,1,0,0,1,0,0,0,0,0,0,1,0,0,0,0,0,1,0,0,1,0,1,0,0.8987095597150573,76.39031257577987
1,14,95.8,1346.3,0,0,1,1,1,0,1,1,0,0,0,0,0,0,0,0,0,0,1,0,1,0,0,1,0,1,0,0.8985005381284795,86.07635155270833
1,17,94.8,1563.9,0,1,1,0,1,0,1,1,0,0,0,0,0,0,0,0,0,0,1,0,1,0,0,1,0,1,0,0.8982560998635469,85.15467826706424
1,12,101.35,1218.55,1,1,1,0,1,0,1,1,0,0,0,0,1,0,0,0,0,0,1,0,1,0,0,1,0,1,0,0.898175001510713,91.03003640311076
1,9,85.05,746.5,1,1,0,0,1,0,1,1,0,0,0,0,0,0,0,0,0,0,0,0,1,0,0,1,0,1,0,0.8977789287545267,76.3560978905725
1,9,83.85,790.15,1,1,0,0,1,0,1,1,0,0,0,0,0,0,0,0,0,0,0,0,1,0,0,1,0,1,0,0.8977313801428142,75.27477622497496
0,4,85.65,338.9,1,1,0,0,1,0,1,1,0,0,0,0,0,0,0,0,0,0,0,0,1,0,0,1,0,1,0,0.8975429910450157,76.87455718300559
1,19,94.95,1760.25,0,0,1,0,1,0,1,1,0,0,0,0,0,0,0,0,0,0,1,0,1,0,0,1,0,1,0,0.8972869308377556,85.1973940830449
1,4,89.2,346.2,1,0,0,0,1,0,1,1,0,0,0,0,0,0,1,0,0,0,1,0,0,0,0,1,0,1,0,0.8971087995189377,80.02210491708925
0,1,84.6,84.6,0,0,0,0,1,0,1,1,0,0,0,0,0,0,0,0,0,0,1,0,0,0,0,1,0,1,0,0.8970574340930639,75.89105892427321
0,11,99.5,1056.95,1,0,1,0,1,0,1,1,0,0,0,0,0,0,1,0,0,0,1,0,1,0,0,1,0,1,0,0.8966032370926688,89.21202209072054
0,10,98.5,1037.75,1,1,1,0,1,0,1,1,0,0,0,0,0,0,1,0,0,0,1,0,1,0,0,1,0,1,0,0.8964885936371996,88.30412647326416
1,16,98.75,1587.55,1,1,1,0,1,0,1,1,0,0,0,0,0,0,1,0,0,0,1,0,1,0,0,1,0,1,0,0.8963991428597269,88.51941535739803
0,11,100.75,1129.75,1,0,0,0,1,0,1,1,0,0,0,0,0,0,1,0,0,0,1,0,1,0,0,1,0,1,0,0.8963476773143589,90.30702848942167
0,2,84.05,134.05,0,0,1,0,1,0,1,1,0,0,0,0,0,0,0,0,0,0,1,0,0,0,0,1,0,1,0,0.8963201832848245,75.3357114050895
1,1,74.4,74.4,1,1,1,0,1,0,1,1,0,0,0,0,0,0,0,0,0,0,0,0,0,0,0,1,0,1,0,0.8960301372980138,66.66464221497223
1,1,74.2,74.2,1,0,0,0,1,0,1,1,0,0,0,0,0,0,0,0,0,0,0,0,0,0,0,1,0,1,0,0.8959394564433419,66.47870766809598
1,18,95.45,1752.55,1,1,0,0,1,0,1,1,0,0,0,0,0,0,0,0,0,0,1,0,1,0,0,1,0,1,0,0.8955690491539637,85.48206574174584
0,8,84.9,764.95,1,0,1,0,1,0,1,1,0,0,0,0,0,0,0,0,0,0,0,0,1,0,0,1,0,1,0,0.8953019948960935,76.01113936667835
1,1,73.55,73.55,1,1,1,0,1,0,1,1,0,0,0,0,0,0,0,0,0,0,0,0,0,0,0,1,0,1,0,0.8951638976131112,65.83930466944433
0,12,96.05,1148.1,1,1,0,0,1,0,1,1,0,0,0,0,0,0,0,0,0,0,1,0,1,0,0,1,0,1,0,0.8950708348881284,85.97155369100473
1,14,100.2,1369.8,1,0,1,0,1,0,1,1,0,0,0,0,1,0,0,0,0,0,1,0,1,0,0,1,0,1,0,0.8947412792499269,89.65307618084267
1,1,76.45,76.45,1,1,0,0,1,0,1,1,0,0,0,0,0,0,0,0,0,0,0,0,0,0,0,1,0,1,0,0.894711752692636,68.40071349335203
0,2,95.85,197.7,1,1,0,0,1,0,0,1,0,0,0,0,0,0,1,0,0,0,1,0,1,0,0,1,0,1,0,0.8945834833378146,85.74582687792952
1,10,89.8,914.3,1,1,1,0,1,0,1,1,0,0,0,0,0,0,1,0,0,0,0,0,1,0,0,1,0,1,0,0.894083288977727,80.28867935019989
0,12,94.2,1046.1,1,0,0,0,1,0,1,1,0,0,0,0,0,0,0,0,0,0,1,0,1,0,0,1,0,1,0,0.8940721581278481,84.22159729564329
1,1,75.75,75.75,1,1,0,0,1,0,1,1,0,0,0,0,0,0,0,0,0,0,0,0,0,0,0,1,0,1,0,0.8939908699472583,67.71980839850481
1,1,72.1,72.1,0,0,0,0,1,0,1,1,0,0,0,0,0,0,0,0,0,0,0,0,0,0,0,1,0,1,0,0.8937861072841807,64.44197833518943
1,5,89.8,502.6,1,1,0,0,1,0,1,1,0,0,0,0,1,0,0,0,0,0,0,0,1,0,0,1,0,1,0,0.893672321060093,80.25177443119635
1,1,75.35,75.35,1,1,0,0,1,0,1,1,0,0,0,0,0,0,0,0,0,0,0,0,0,0,0,1,0,1,0,0.8935769864431965,67.33102592849485
1,8,92.1,729.95,1,0,0,0,1,0,0,1,0,0,0,0,0,0,1,0,0,0,1,0,1,0,0,1,0,1,0,0.8935671204397694,82.29753179250275
0,6,89.5,573.3,1,0,0,0,1,0,0,1,0,0,0,0,0,0,0,0,0,0,1,0,1,0,0,1,0,1,0,0.893347349476112,79.95458777811203
0,4,88.45,370.65,1,1,0,0,1,0,0,1,0,0,0,0,0,0,0,0,0,0,1,0,1,0,0,1,0,1,0,0.8932747586253738,79.01015240041431
1,1,79.2,79.2,1,0,0,0,1,0,0,1,0,0,0,0,0,0,0,0,0,0,1,0,0,0,0,1,0,1,0,0.8931366878563662,70.73642567822421
1,1,74.7,74.7,1,1,0,0,1,0,1,1,0,0,0,0,0,0,0,0,0,0,0,0,0,0,0,1,0,1,0,0.8929013897160123,66.69973381178612
1,4,99.6,347.65,1,0,1,0,1,0,1,1,0,0,1,0,0,0,0,0,0,0,1,0,1,0,0,1,0,1,0,0.892755801254166,88.91847780491493
0,4,85.95,381.3,1,0,1,1,1,0,1,1,0,0,0,0,0,0,0,0,0,0,0,0,1,0,0,1,0,1,0,0.8925967564888332,76.71869122021522
1,1,74.4,74.4,1,1,0,0,1,0,1,1,0,0,0,0,0,0,0,0,0,0,0,0,0,0,0,1,0,1,0,0.8925883046603298,66.40856986672854
0,1,90.1,90.1,0,1,1,1,1,0,0,1,0,0,0,0,0,0,0,0,0,0,1,0,1,0,0,1,0,1,0,0.8923890037158442,80.40424923479756
0,1,81.95,81.95,1,0,0,0,1,0,0,1,0,0,0,0,0,0,0,0,0,0,0,0,1,0,0,1,0,1,0,0.8922690964080823,73.12145245064235
0,2,85.65,181.5,1,1,0,0,1,0,1,1,0,0,0,0,0,0,0,0,0,0,1,0,0,0,0,1,0,1,0,0.8921824411159899,76.41542608158454
1,20,94.55,1899.65,1,1,1,0,1,0,1,1,0,0,0,0,0,0,0,0,0,0,1,0,1,0,0,1,0,1,0,0.8920855150142628,84.34668544459855
0,6,91.1,455.3,1,0,0,0,1,0,0,1,0,0,0,0,0,0,0,0,0,0,1,0,1,0,0,1,0,1,0,0.891807742695342,81.24368535954565
1,1,73.65,73.65,1,1,0,0,1,0,1,1,0,0,0,0,0,0,0,0,0,0,0,0,0,0,0,1,0,1,0,0.8918020677767581,65.68122229175823
0,2,45.25,85.5,1,0,0,0,0,1,0,0,0,0,0,0,0,0,0,0,0,0,1,0,1,0,0,1,0,1,0,0.8917433780708126,40.35138785770427
0,1,89.35,89.35,0,0,0,1,1,0,0,1,0,0,0,0,0,0,0,0,0,0,1,0,1,0,0,1,0,1,0,0.8917180684807351,79.67500941875367
1,3,80.4,224.05,1,0,1,0,1,0,0,1,0,0,0,0,0,0,0,0,0,0,1,0,0,0,0,1,0,1,0,0.8916926817038888,71.69209160899267
0,3,94.9,273.2,0,0,1,0,1,0,1,1,0,0,0,0,0,0,0,0,0,0,1,0,1,0,0,0,0,1,0,0.8916546391492912,84.61802525526774
0,1,81.1,81.1,1,0,0,0,1,0,0,1,0,0,0,0,0,0,0,0,0,0,0,0,1,0,0,1,0,1,0,0.8913753198601716,72.29053844065992
0,6,105.3,545.2,1,0,1,0,1,0,1,1,0,0,0,0,1,0,1,0,0,0,1,0,1,0,0,1,0,1,0,0.8913480170197353,93.85894619217812
0,7,86.8,620.35,1,1,0,0,1,0,1,1,0,0,0,0,0,0,0,0,0,0,0,0,1,0,0,1,0,1,0,0.8913013677426015,77.36495872005781
1,7,84.8,546.95,1,1,0,0,1,0,1,1,0,0,0,0,0,0,0,0,0,0,1,0,0,0,0,1,0,1,0,0.8910332281476243,75.55961774691853
0,11,102.0,1145.35,1,0,1,0,1,0,1,1,0,0,0,0,1,0,0,0,0,0,1,0,1,0,0,1,0,1,0,0.8905932044644014,90.84050685536894
1,6,44.4,263.05,0,0,0,0,0,1,0,0,0,0,0,0,0,0,0,0,0,0,1,0,1,0,0,1,0,1,0,0.8905665765823766,39.54115600025752
1,7,95.6,644.35,1,1,1,0,1,0,1,1,0,0,0,0,0,0,0,0,0,0,1,0,1,0,0,1,0,0,0,0.8905325979178385,85.13491636094535
0,2,91.4,193.6,1,0,0,0,1,0,1,1,0,0,0,0,0,0,1,0,0,0,1,0,0,0,0,1,0,1,0,0.8903375070781849,81.3768481469461
0,1,79.7,79.7,1,0,0,0,1,0,0,1,0,0,0,0,0,0,0,0,0,0,0,0,1,0,0,1,0,1,0,0.8898890218964787,70.92415504514935
0,2,91.45,171.45,0,1,1,0,1,0,1,1,0,0,0,0,0,0,1,0,0,0,1,0,0,0,0,1,0,1,0,0.8896640207324785,81.35977469598517
0,1,90.85,90.85,1,1,0,1,1,0,0,1,0,0,0,0,0,0,0,0,0,0,1,0,1,0,0,1,0,1,0,0.8896466754768381,80.82440046707073
0,5,94.45,498.1,1,1,1,0,1,0,0,1,0,0,0,0,0,0,1,0,0,0,1,0,1,0,0,1,0,1,0,0.8896302256013203,84.02557480804471
1,3,77.0,237.75,1,1,0,0,1,0,1,1,0,0,0,0,0,0,0,0,0,0,0,0,0,0,0,1,0,1,0,0.8895396670474063,68.49455436265028
0,4,85.65,321.65,1,0,0,0,1,0,1,1,0,0,0,0,0,0,0,0,0,0,1,0,0,0,0,1,0,1,0,0.8894698598887084,76.18309349946789
1,1,79.1,79.1,1,1,0,0,1,0,0,1,0,0,0,0,0,0,0,0,0,0,1,0,0,0,0,1,0,1,0,0.8893851193973201,70.35036294432801
0,1,50.35,50.35,1,1,1,0,0,1,0,0,0,0,0,0,0,0,1,0,0,0,1,0,1,0,0,1,0,1,0,0.8892452608344096,44.77349888301252
1,1,86.0,86.0,1,0,0,0,1,0,0,1,0,0,0,0,1,0,0,0,0,0,0,0,1,0,0,1,0,1,0,0.8888784772175541,76.44354904070966
1,21,94.25,1973.75,1,0,0,0,1,0,1,1,0,0,0,0,0,0,0,0,0,0,1,0,1,0,0,1,0,1,0,0.888807047818717,83.77006425691408
1,14,104.85,1531.4,1,0,0,0,1,0,1,1,0,0,0,0,1,0,1,0,0,0,1,0,1,0,0,1,0,1,0,0.8886698311782203,93.1770317990364
0,7,99.8,673.25,1,1,0,0,1,0,1,1,0,0,0,0,1,0,0,0,0,0,1,0,1,0,0,1,0,1,0,0.888620581431039,88.68433402681768
1,13,82.0,1127.2,1,0,0,0,1,0,1,1,0,0,0,0,0,0,0,0,0,0,0,0,1,0,0,1,0,1,0,0.8884601176066685,72.85372964374682
1,3,76.05,231.8,1,1,0,0,1,0,1,1,0,0,0,0,0,0,0,0,0,0,0,0,0,0,0,1,0,1,0,0.8883793730282881,67.56125131880131
1,4,74.9,321.75,1,0,0,0,1,0,1,1,0,0,0,0,0,0,0,0,0,0,0,0,0,0,0,1,0,1,0,0.8882027106494339,66.52638302764261
0,5,85.2,474.8,1,0,0,0,1,0,1,1,0,0,0,0,0,0,0,0,0,0,1,0,0,0,0,1,0,1,0,0.8880591109824025,75.6626362557007
1,13,106.9,1364.3,1,1,0,0,1,0,1,1,0,0,0,0,1,0,1,0,0,0,1,0,1,0,0,1,0,1,0,0.8876497280743469,94.88975593114769
0,4,97.95,384.5,1,0,1,1,1,0,1,1,0,0,0,0,1,0,0,0,0,0,1,0,1,0,0,1,0,1,0,0.8875174790906956,86.93233707693363
1,13,90.5,1201.15,1,1,0,0,1,0,0,1,0,0,0,0,0,0,0,0,0,0,1,0,1,0,0,1,0,1,0,0.8873797030323315,80.307863124426
0,1,80.8,80.8,1,1,0,0,1,0,0,1,0,0,0,0,0,0,0,0,0,0,0,0,1,0,0,1,0,1,0,0.8873519902548493,71.69804081259183
1,15,91.5,1400.3,0,0,0,0,1,0,0,1,0,0,0,0,0,0,0,0,0,0,1,0,1,0,0,1,0,1,0,0.8873047745449546,81.18838687086334
1,4,74.45,294.45,0,0,0,0,1,0,1,1,0,0,0,0,0,0,0,0,0,0,0,0,0,0,0,1,0,1,0,0.8869630121630128,66.03439625553631
1,13,96.85,1235.55,0,0,0,0,1,0,0,1,0,0,0,0,0,0,1,0,0,0,1,0,1,0,0,1,0,1,0,0.8867365222007569,85.8804321751433
0,8,86.55,649.65,1,1,0,0,1,0,1,1,0,0,0,0,0,0,0,0,0,0,0,0,1,0,0,1,0,1,0,0.8866802269318825,76.74217364095443
1,8,101.35,780.5,1,0,0,0,1,0,1,1,0,0,0,0,0,0,1,0,0,0,1,0,1,0,0,0,0,1,0,0.8865107601318762,89.84786553936566
0,15,101.1,1504.05,1,1,1,0,1,0,1,1,0,0,0,0,0,0,1,0,0,0,1,0,1,0,0,1,0,1,0,0.8864609348721751,89.6212005155769
1,5,74.35,334.8,1,0,1,0,1,0,1,1,0,0,0,0,0,0,0,0,0,0,0,0,0,0,0,1,0,1,0,0.8863874069053025,65.90290370340924
0,2,104.4,242.8,1,0,1,0,1,0,1,1,0,0,0,0,0,0,1,0,1,0,1,0,1,0,0,1,0,1,0,0.8862128714325423,92.52062377755743
0,9,83.3,803.3,1,0,0,0,1,0,1,1,0,0,0,0,0,0,0,0,0,0,0,0,1,0,0,1,0,1,0,0.8860517053186923,73.80810705304707
0,1,79.25,79.25,1,1,0,0,1,0,0,1,0,0,0,0,0,0,0,0,0,0,0,0,1,0,0,1,0,1,0,0.885652229136909,70.18793915910004
1,2,78.55,149.55,1,0,0,0,1,0,1,1,0,0,0,0,0,0,1,0,0,0,0,0,0,0,0,1,0,1,0,0.8856140766747642,69.56498572280273
0,7,86.5,582.5,1,0,1,0,1,0,1,1,0,0,0,0,0,0,0,0,0,0,1,0,0,0,0,1,0,1,0,0.885612174367633,76.60545308280025
1,22,96.7,2082.95,1,1,0,0,1,0,1,1,0,0,0,0,0,0,0,0,0,0,1,0,1,0,0,1,0,1,0,0.8854623430757698,85.62420857542693
1,9,90.1,816.8,0,0,0,0,1,0,1,1,0,0,0,0,0,0,1,0,0,0,1,0,0,0,0,1,0,1,0,0.8854356468542097,79.77775178156429
0,5,84.0,424.75,0,0,0,0,1,0,1,1,0,0,0,0,0,0,0,0,0,0,1,0,0,0,0,1,0,1,0,0.8853711010392803,74.37117248729955
0,15,93.35,1444.65,1,1,0,0,1,0,1,1,0,0,0,0,0,0,0,0,0,0,1,0,1,0,0,1,0,1,0,0.8850196163776404,82.61658118885272
1,3,79.9,260.9,1,1,0,0,1,0,0,1,0,0,0,0,0,0,0,0,0,0,1,0,0,0,0,1,0,1,0,0.8848436034615949,70.69900391658143
0,7,95.35,660.9,1,0,0,0,1,0,0,1,0,0,0,0,0,0,1,0,0,0,1,0,1,0,0,1,0,1,0,0.8847866637600768,84.36440838952332
0,2,80.95,171.15,1,1,0,0,1,0,0,1,0,0,0,0,0,0,0,0,0,0,0,0,1,0,0,1,0,1,0,0.8847791062535363,71.62286865122377
1,1,36.45,36.45,1,0,0,0,0,1,0,0,0,0,0,0,0,0,0,0,0,0,1,0,0,0,0,1,0,1,0,0.8846787054844301,32.24653881490748
0,2,80.2,181.1,1,1,0,0,1,0,0,1,0,0,0,0,0,0,0,0,0,0,0,0,1,0,0,1,0,1,0,0.884250213784289,70.91686714549998
0,10,85.25,855.3,1,1,1,0,1,0,1,1,0,0,0,0,0,0,0,0,0,0,0,0,1,0,0,1,0,1,0,0.8841889429331022,75.37710738504697
0,3,95.1,307.4,1,0,0,0,1,0,0,1,0,0,0,0,1,0,0,0,0,0,1,0,1,0,0,1,0,1,0,0.8841065758972252,84.0785353678261
1,24,93.55,2264.05,1,0,1,0,1,0,1,1,0,0,0,0,0,0,0,0,0,0,1,0,1,0,0,1,0,1,0,0.8840903829770974,82.70665532750746
1,1,39.65,39.65,1,1,0,0,0,1,0,0,0,0,0,0,0,0,1,0,0,0,0,0,1,0,0,1,0,1,0,0.884046438048712,35.052441268631426
0,1,77.15,77.15,1,0,0,0,1,0,1,1,0,0,0,0,0,0,0,0,0,0,0,0,0,0,0,1,0,1,0,0.8837415994445623,68.18066439714799
0,4,101.7,364.55,1,1,0,1,1,0,1,1,0,0,0,0,1,0,0,0,0,0,1,0,1,0,0,1,0,1,0,0.8834819688653897,89.85011623361014
1,4,78.85,292.8,1,0,0,0,1,0,0,1,0,0,0,0,0,0,0,0,0,0,1,0,0,0,0,1,0,1,0,0.8831024544608604,69.63262853423885
1,3,86.85,220.95,1,0,0,0,1,0,0,1,0,0,0,0,0,0,1,0,0,0,1,0,0,0,0,1,0,1,0,0.8826997548154655,76.66247370572317
0,8,87.05,762.1,1,0,0,0,1,0,1,1,0,0,0,0,0,0,0,0,0,0,1,0,0,0,0,1,0,1,0,0.882261748435269,76.80088520129017
0,4,88.95,355.2,1,0,0,0,1,0,1,1,0,0,0,0,1,0,0,0,0,0,0,0,1,0,0,1,0,1,0,0.8820314024269661,78.45669324587864
0,6,90.75,512.25,0,0,1,0,1,0,1,1,0,0,0,0,1,0,0,0,0,0,0,0,1,0,0,1,0,1,0,0.8814838319633077,79.99465775067017
0,1,75.1,75.1,1,0,0,0,1,0,1,1,0,0,0,0,0,0,0,0,0,0,0,0,0,0,0,1,0,1,0,0.8814262269958029,66.1951096473848
0,18,94.75,1691.9,0,1,1,0,1,0,1,1,0,0,0,0,0,0,0,0,0,0,1,0,1,0,0,1,0,1,0,0.8812401699007384,83.49750609809496
0,3,80.35,253.8,0,1,0,0,1,0,0,1,0,0,0,0,0,0,0,0,0,0,0,0,1,0,0,1,0,1,0,0.8810990437706151,70.79630816696891
0,18,94.7,1687.95,1,1,1,0,1,0,1,1,0,0,0,0,0,0,0,0,0,0,1,0,1,0,0,1,0,1,0,0.8810687172816548,83.4372075265727
0,12,86.55,1066.9,0,0,0,0,1,0,1,1,0,0,0,0,0,0,0,0,0,0,0,0,1,0,0,1,0,1,0,0.8810296729987371,76.2531181980407
0,1,74.5,74.5,1,0,0,0,1,0,1,1,0,0,0,0,0,0,0,0,0,0,0,0,0,0,0,1,0,1,0,0.8807410468274455,65.61520798864468
1,1,69.55,69.55,1,0,1,0,1,0,0,1,0,0,0,0,0,0,0,0,0,0,0,0,0,0,0,1,0,1,0,0.8806949967914576,61.25233702684587
0,5,96.25,512.45,1,0,0,0,1,0,0,1,0,0,0,0,1,0,0,0,0,0,1,0,1,0,0,1,0,1,0,0.8804584696657053,84.74412770532413
0,3,75.85,256.6,1,0,1,0,1,0,1,1,0,0,0,0,0,0,0,0,0,0,0,0,0,0,0,1,0,1,0,0.8804240164015469,66.78016164405733
1,11,95.0,1120.3,1,0,0,0,1,0,0,1,0,0,0,0,1,0,0,0,0,0,1,0,1,0,0,1,0,1,0,0.8803916874641498,83.63721030909423
0,21,97.35,2119.5,1,0,0,0,1,0,1,1,0,0,0,0,0,0,0,0,0,0,1,0,1,0,0,1,0,1,0,0.8803395199425891,85.70105226641104
0,2,49.25,90.35,1,1,0,0,0,1,0,0,0,0,0,0,0,0,1,0,0,0,1,0,1,0,0,1,0,1,0,0.8801420550481602,43.34699621112189
0,4,79.15,317.25,1,0,0,0,1,0,0,1,0,0,0,0,0,0,0,0,0,0,0,0,1,0,0,1,0,1,0,0.88007558160341,69.65798228390992
0,4,90.05,368.1,1,1,0,0,1,0,1,1,0,0,0,0,1,0,0,0,0,0,0,0,1,0,0,1,0,1,0,0.8796880840165173,79.21591196568738
0,6,82.85,460.25,1,1,1,0,1,0,1,1,0,0,0,0,0,0,0,0,0,0,1,0,0,0,0,1,0,1,0,0.8795787003765291,72.87309532619543
0,13,85.95,1215.65,0,0,0,0,1,0,1,1,0,0,0,0,0,0,0,0,0,0,0,0,1,0,0,1,0,1,0,0.8792261117451448,75.56948430449519
0,2,75.55,166.3,1,0,0,0,1,0,1,1,0,0,0,0,0,0,0,0,0,0,0,0,0,0,0,1,0,1,0,0.8791008577232899,66.41606980099455
0,4,44.55,174.3,1,1,0,0,0,1,0,0,0,0,0,0,0,0,0,0,0,0,1,0,1,0,0,1,0,1,0,0.8790770882706235,39.162884282456275
0,5,92.5,452.7,1,1,0,0,1,0,1,1,0,0,0,0,0,0,1,0,0,0,1,0,0,0,0,1,0,1,0,0.8790713065287351,81.314095853908
1,11,95.15,997.65,1,0,0,0,1,0,1,1,0,0,0,0,0,0,0,0,0,0,1,0,1,0,0,1,0,0,0,0.8788977968149233,83.62712536693996
1,20,98.55,1842.8,1,1,0,0,1,0,1,1,0,0,0,0,0,0,1,0,0,0,1,0,1,0,0,1,0,1,0,0.8788145324418428,86.6071721721436
0,2,75.9,143.35,1,0,0,0,1,0,1,1,0,0,0,0,0,0,0,0,0,0,0,0,0,0,0,1,0,1,0,0.8788124441757986,66.70186451294312
1,1,71.25,71.25,0,0,0,0,1,0,0,1,0,0,0,0,0,0,0,0,0,0,0,0,0,0,0,1,0,1,0,0.8788026552429818,62.614689186062456
1,1,71.15,71.15,1,0,0,0,1,0,0,1,0,0,0,0,0,0,0,0,0,0,0,0,0,0,0,1,0,1,0,0.8786865211837793,62.5185459822259
0,1,80.55,80.55,1,1,1,0,1,0,0,1,0,0,0,0,0,0,0,0,0,0,1,0,0,0,0,1,0,1,0,0.878680407074325,70.77770678983688
1,7,75.4,533.05,0,1,1,0,1,0,1,1,0,0,0,0,0,0,0,0,0,0,0,0,0,0,0,1,0,1,0,0.8785363511926045,66.24164087992239
0,1,80.25,80.25,1,0,0,0,1,0,0,1,0,0,0,0,0,0,0,0,0,0,1,0,0,0,0,1,0,1,0,0.8784603239836628,70.49644099968894
0,2,35.1,68.75,1,0,1,0,0,1,0,0,0,0,0,0,0,0,0,0,0,0,0,0,1,0,0,1,0,1,0,0.8783839469346131,30.83127653740492
0,5,80.0,412.5,1,0,0,0,1,0,0,1,0,0,0,0,0,0,0,0,0,0,0,0,1,0,0,1,0,1,0,0.8783038266245582,70.26430612996465
1,1,70.55,70.55,1,0,0,0,1,0,0,1,0,0,0,0,0,0,0,0,0,0,0,0,0,0,0,1,0,1,0,0.8779877010689705,61.94203231041587
0,1,75.45,75.45,1,1,0,0,1,0,1,1,0,0,0,0,0,0,0,0,0,0,0,0,0,0,0,1,0,1,0,0.877846927639299,66.2335506903851
0,1,79.65,79.65,1,0,0,0,1,0,0,1,0,0,0,0,0,0,0,0,0,0,1,0,0,0,0,1,0,1,0,0.8777603821395898,69.91361443741833
0,1,75.3,75.3,1,1,0,0,1,0,1,1,0,0,0,0,0,0,0,0,0,0,0,0,0,0,0,1,0,1,0,0.8776715078626034,66.08866454205403
1,1,70.2,70.2,0,0,0,0,1,0,0,1,0,0,0,0,0,0,0,0,0,0,0,0,0,0,0,1,0,1,0,0.8775784573046188,61.60600770278424
1,1,70.3,70.3,1,1,1,0,1,0,0,1,0,0,0,0,0,0,0,0,0,0,0,0,0,0,0,1,0,1,0,0.8775658964609189,61.69288252120259
1,1,70.15,70.15,1,0,0,0,1,0,0,1,0,0,0,0,0,0,0,0,0,0,0,0,0,0,0,1,0,1,0,0.8775198975823355,61.55802081540084
1,3,41.15,132.2,1,1,0,0,0,1,0,0,0,0,0,0,0,0,1,0,0,0,0,0,1,0,0,1,0,1,0,0.8774392756334612,36.10662619231693
0,1,75.1,75.1,0,1,0,0,1,0,1,1,0,0,0,0,0,0,0,0,0,0,0,0,0,0,0,1,0,1,0,0.8774372776168211,65.89553954902325
0,2,85.85,167.3,1,1,0,0,1,0,0,1,0,0,0,0,0,0,1,0,0,0,0,0,1,0,0,1,0,1,0,0.8774319702729063,75.327534647929
1,2,69.3,153.8,0,0,1,0,1,0,0,1,0,0,0,0,0,0,0,0,0,0,0,0,0,0,0,1,0,1,0,0.8773515027538248,60.800459140840054
1,1,69.95,69.95,1,0,0,0,1,0,0,1,0,0,0,0,0,0,0,0,0,0,0,0,0,0,0,1,0,1,0,0.8772854176275646,61.36611496304815
1,9,79.55,718.55,0,1,0,0,1,0,0,1,0,0,0,0,0,0,0,0,0,0,0,0,1,0,0,1,0,1,0,0.877282671262208,69.78783649890865
0,1,74.95,74.95,1,1,0,0,1,0,1,1,0,0,0,0,0,0,0,0,0,0,0,0,0,0,0,1,0,1,0,0.8772613518085921,65.75073831805398
0,1,74.9,74.9,1,1,0,0,1,0,1,1,0,0,0,0,0,0,0,0,0,0,0,0,0,0,0,1,0,1,0,0.8772026616255191,65.70247935575138
1,1,69.85,69.85,1,0,0,0,1,0,0,1,0,0,0,0,0,0,0,0,0,0,0,0,0,0,0,1,0,1,0,0.8771680329243785,61.27018709976783
0,4,79.9,324.3,1,1,0,0,1,0,0,1,0,0,0,0,0,0,0,0,0,0,0,0,1,0,0,1,0,1,0,0.8771227996771327,70.08211169420291
0,8,94.7,740.3,1,1,0,0,1,0,0,1,0,0,0,0,0,0,1,0,0,0,1,0,1,0,0,1,0,1,0,0.8769531855316004,83.04746666984256
1,1,69.65,69.65,1,0,0,0,1,0,0,1,0,0,0,0,0,0,0,0,0,0,0,0,0,0,0,1,0,1,0,0.8769329738197267,61.078381626543965
1,1,69.6,69.6,1,0,0,0,1,0,0,1,0,0,0,0,0,0,0,0,0,0,0,0,0,0,0,1,0,1,0,0.8768741486538151,61.03044074630552
1,1,69.6,69.6,1,0,0,0,1,0,0,1,0,0,0,0,0,0,0,0,0,0,0,0,0,0,0,1,0,1,0,0.8768741486538151,61.03044074630552
0,4,91.65,365.4,1,0,1,0,1,0,1,1,0,0,0,0,1,0,0,0,0,0,1,0,0,0,0,1,0,1,0,0.8767580544782463,80.35487569293127
0,1,81.05,81.05,0,1,1,1,1,0,0,1,0,0,0,0,0,0,0,0,0,0,0,0,1,0,0,1,0,1,0,0.8766780354122742,71.05475477016482
1,7,74.85,485.25,0,1,1,0,1,0,1,1,0,0,0,0,0,0,0,0,0,0,0,0,0,0,0,1,0,1,0,0.8764695682027365,65.60374717997482
0,10,89.5,863.1,1,1,0,0,1,0,0,1,0,0,0,0,0,0,0,0,0,0,1,0,1,0,0,1,0,1,0,0.8764683364499175,78.44391611226762
1,1,69.25,69.25,1,0,0,0,1,0,0,1,0,0,0,0,0,0,0,0,0,0,0,0,0,0,0,1,0,1,0,0.8764616954380308,60.69497240908363
0,3,101.55,298.35,1,1,0,0,1,0,1,1,0,0,0,0,0,0,1,0,0,0,1,0,1,0,0,1,0,0,0,0.8762924459954144,88.98749789083433
0,3,75.8,246.3,1,0,0,0,1,0,1,1,0,0,0,0,0,0,0,0,0,0,0,0,0,0,0,1,0,1,0,0.8761666233142815,66.41343004722253
0,2,76.5,162.45,1,1,0,0,1,0,1,1,0,0,0,0,0,0,0,0,0,0,0,0,0,0,0,1,0,1,0,0.8760266057281466,67.01603533820321
0,21,94.3,1948.35,0,0,1,0,1,0,1,1,0,0,0,0,0,0,0,0,0,0,1,0,1,0,0,1,0,1,0,0.8756366500652882,82.57253610115667
1,8,75.75,606.25,1,0,0,0,1,0,1,1,0,0,0,0,0,0,0,0,0,0,0,0,0,0,0,1,0,1,0,0.8756300319334794,66.32897491896107
0,1,35.55,35.55,1,1,0,0,0,1,0,0,0,0,0,0,0,0,0,0,0,0,0,0,1,0,0,1,0,1,0,0.8755598924753835,31.12615417749988
0,1,35.45,35.45,1,1,0,0,0,1,0,0,0,0,0,0,0,0,0,0,0,0,0,0,1,0,0,1,0,1,0,0.8754410915450102,31.034386695270612
0,5,94.85,462.8,1,1,0,0,1,0,1,1,0,0,0,0,0,0,0,0,0,0,1,0,1,0,0,1,0,0,0,0.8753408330640642,83.02607801612648
1,1,71.65,71.65,1,1,0,0,1,0,0,1,0,0,0,0,0,0,0,0,0,0,0,0,0,0,0,1,0,1,0,0.8752149067748874,62.70914807042069
0,2,80.65,144.15,1,0,0,0,1,0,0,1,0,0,0,0,0,0,0,0,0,0,1,0,0,0,0,1,0,1,0,0.8751945569114039,70.58444101490473
0,10,94.9,1048.85,1,1,0,0,1,0,0,1,0,0,0,0,0,0,1,0,0,0,1,0,1,0,0,1,0,1,0,0.8751912538842251,83.05564999361297
0,1,79.6,79.6,1,0,0,1,1,0,0,1,0,0,0,0,0,0,0,0,0,0,0,0,1,0,0,1,0,1,0,0.8750911980548792,69.65725936516839
0,3,75.5,220.6,1,0,0,0,1,0,1,1,0,0,0,0,0,0,0,0,0,0,0,0,0,0,0,1,0,1,0,0.875035619280809,66.06518925570107
1,6,79.7,497.6,0,1,0,0,1,0,0,1,0,0,0,0,0,0,0,0,0,0,1,0,0,0,0,1,0,1,0,0.8750247514666489,69.73947269189192
1,6,80.8,457.1,0,1,1,0,1,0,1,1,0,0,0,0,0,0,1,0,0,0,0,0,0,0,0,1,0,1,0,0.8750086315777372,70.70069743148116
0,5,93.9,486.85,1,0,0,0,1,0,1,1,0,0,0,0,0,0,0,0,0,0,1,0,1,0,0,1,0,0,1,0.874844690230821,82.14791641267409
0,2,79.75,164.5,1,0,0,0,1,0,0,1,0,0,0,0,0,0,0,0,0,0,1,0,0,0,0,1,0,1,0,0.8747725568262145,69.7631114068906
0,1,80.55,80.55,0,1,0,0,1,0,0,1,0,0,0,0,0,0,0,0,0,0,1,0,0,0,0,1,0,1,0,0.8747445143038016,70.46067062717121
0,2,80.2,146.05,1,0,0,0,1,0,0,1,0,0,0,0,0,0,0,0,0,0,1,0,0,0,0,1,0,1,0,0.8747299770282762,70.15334415766775
0,13,84.6,1115.2,1,0,0,0,1,0,1,1,0,0,0,0,0,0,0,0,0,0,0,0,1,0,0,1,0,1,0,0.8746433425085323,73.99482677622183
1,2,70.65,142.35,1,0,0,0,1,0,0,1,0,0,0,0,0,0,0,0,0,0,0,0,0,0,0,1,0,1,0,0.87460435144483,61.79079742957724
0,6,93.55,536.4,1,0,0,0,1,0,1,1,0,0,0,0,0,0,0,0,0,0,1,0,1,0,0,1,0,0,0,0.8744704881569233,81.80671416708017
0,7,96.2,639.7,0,1,0,0,1,0,1,1,0,0,0,0,0,0,0,0,0,0,1,0,1,0,0,0,0,1,0,0.8744212761007526,84.1193267608924
0,1,90.6,90.6,1,0,0,0,1,0,0,1,0,0,0,0,0,0,0,0,0,0,1,0,1,0,0,0,0,1,0,0.8743187649004277,79.21328009997875
0,1,90.55,90.55,1,0,0,0,1,0,0,1,0,0,0,0,0,0,0,0,0,0,1,0,1,0,0,0,0,1,0,0.8742588693342475,79.16414061821611
1,2,70.35,139.05,1,0,0,0,1,0,0,1,0,0,0,0,0,0,0,0,0,0,0,0,0,0,0,1,0,1,0,0.8741529096615138,61.496657194687494
0,3,74.95,212.4,0,0,0,0,1,0,1,1,0,0,0,0,0,0,0,0,0,0,0,0,0,0,0,1,0,1,0,0.8741431226652816,65.51702704376285
0,1,79.95,79.95,1,1,0,0,1,0,0,1,0,0,0,0,0,0,0,0,0,0,1,0,0,0,0,1,0,1,0,0.8740262419752106,69.87839804591809
0,2,34.7,62.25,1,0,0,0,0,1,0,0,0,0,0,0,0,0,0,0,0,0,0,0,1,0,0,1,0,1,0,0.8737720484405324,30.319890080886474
0,3,80.3,250.05,1,0,1,1,1,0,0,1,0,0,0,0,0,0,0,0,0,0,0,0,1,0,0,1,0,1,0,0.8736433912745787,70.15356431934866
0,1,79.55,79.55,1,1,0,0,1,0,0,1,0,0,0,0,0,0,0,0,0,0,1,0,0,0,0,1,0,1,0,0.8735454375494999,69.49053955706272
1,10,79.25,793.55,1,1,0,0,1,0,0,1,0,0,0,0,0,0,0,0,0,0,0,0,1,0,0,1,0,1,0,0.8735127476836468,69.22588525392901
0,1,79.5,79.5,1,1,0,0,1,0,0,1,0,0,0,0,0,0,0,0,0,0,1,0,0,0,0,1,0,1,0,0.8734852267692567,69.44207552815591
1,1,70.05,70.05,0,1,0,0,1,0,0,1,0,0,0,0,0,0,0,0,0,0,0,0,0,0,0,1,0,1,0,0.8732978577909747,61.17451493825777
0,3,74.25,210.3,1,0,0,0,1,0,1,1,0,0,0,0,0,0,0,0,0,0,0,0,0,0,0,1,0,1,0,0.8732579638242913,64.83940381395364
0,12,106.7,1253.9,1,1,0,0,1,0,1,1,0,0,0,0,1,0,1,0,0,0,1,0,1,0,0,1,0,1,0,0.8732043648112134,93.17090572535648
1,2,69.6,131.65,1,0,0,0,1,0,0,1,0,0,0,0,0,0,0,0,0,0,0,0,0,0,0,1,0,1,0,0.8730446040248736,60.7639044401312
0,1,79.05,79.05,1,1,0,0,1,0,0,1,0,0,0,0,0,0,0,0,0,0,1,0,0,0,0,1,0,1,0,0.8729422258494981,69.00608295340282
1,1,69.75,69.75,1,1,0,0,1,0,0,1,0,0,0,0,0,0,0,0,0,0,0,0,0,0,0,1,0,1,0,0.8729356202277619,60.887259510886395
0,3,76.95,228.4,1,1,0,0,1,0,1,1,0,0,0,0,0,0,0,0,0,0,0,0,0,0,0,1,0,1,0,0.872827636728663,67.16408664627062
0,1,78.95,78.95,1,1,0,0,1,0,0,1,0,0,0,0,0,0,0,0,0,0,1,0,0,0,0,1,0,1,0,0.8728212888721509,68.90924075645631
1,1,69.65,69.65,1,1,0,0,1,0,0,1,0,0,0,0,0,0,0,0,0,0,0,0,0,0,0,1,0,1,0,0.872814677879066,60.79154231427695
1,8,85.2,695.75,0,0,0,0,1,0,1,1,0,0,0,0,0,0,0,0,0,0,0,0,1,0,0,0,0,1,0,0.8728126040062617,74.3636338613335
0,14,100.55,1415.55,1,1,0,0,1,0,1,1,0,0,0,0,1,0,0,0,0,0,1,0,1,0,0,1,0,1,0,0.8727948953396749,87.7595267264043
0,9,94.05,811.65,0,1,0,0,1,0,0,1,0,0,0,0,0,0,1,0,0,0,1,0,1,0,0,1,0,1,0,0.8726488791623646,82.07262708522039
0,16,100.0,1534.75,1,0,1,0,1,0,1,1,0,0,0,0,1,0,0,0,0,0,1,0,1,0,0,1,0,1,0,0.8724409626450988,87.24409626450989
1,12,80.45,950.2,1,1,1,0,1,0,0,1,0,0,0,0,0,0,0,0,0,0,0,0,1,0,0,1,0,1,0,0.8722104253559992,70.16932871989015
0,2,94.2,193.8,1,0,0,1,1,0,1,1,0,0,0,0,0,0,0,0,0,0,1,0,1,0,0,1,0,0,0,0.8721150496163281,82.15323767385811
0,14,92.9,1337.45,0,1,0,0,1,0,0,1,0,0,0,0,0,0,0,0,0,0,1,0,1,0,0,1,0,1,0,0.8720071433381463,81.0094636161138
0,3,80.5,232.35,0,0,0,0,1,0,0,1,0,0,0,0,0,0,0,0,0,0,1,0,0,0,0,1,0,1,0,0.8719616288526133,70.19291112263537
1,6,84.2,519.15,1,1,1,0,1,0,0,1,0,0,0,0,1,0,0,0,0,0,0,0,1,0,0,1,0,1,0,0.8719606938268211,73.41909042021834
0,4,75.65,302.35,0,0,0,0,1,0,1,1,0,0,0,0,0,0,0,0,0,0,0,0,0,0,0,1,0,1,0,0.8719532570207811,65.9632638936221
0,1,95.85,95.85,0,0,0,0,1,0,0,1,0,0,0,0,0,0,0,0,1,0,1,0,1,0,0,1,0,1,0,0.8719317108302829,83.57465448308261
1,5,85.55,408.5,0,1,0,0,1,0,0,1,0,0,0,0,1,0,0,0,0,0,0,0,1,0,0,1,0,1,0,0.8718840390557969,74.58967954122342
1,2,86.85,156.35,1,1,1,0,1,0,1,1,0,0,0,0,0,0,0,0,0,0,1,0,0,0,0,1,0,0,1,0.8717631369207962,75.71262844157114
0,9,85.5,791.7,0,1,0,0,1,0,1,1,0,0,0,0,0,0,0,0,0,0,1,0,0,0,0,1,0,1,0,0.8716746987589681,74.52818674389177
0,9,94.4,857.25,1,0,0,0,1,0,1,1,0,0,0,0,0,0,0,0,0,0,1,0,1,0,0,0,0,1,0,0.8716133480967291,82.28030006033123
0,1,85.45,85.45,1,0,0,0,1,0,0,1,0,0,0,0,0,0,1,0,0,0,1,0,0,0,0,1,0,1,0,0.8714114677108785,74.46210991589457
1,3,70.3,235.5,1,0,0,0,1,0,0,1,0,0,0,0,0,0,0,0,0,0,0,0,0,0,0,1,0,1,0,0.8712756915344495,61.250681114871796
0,23,93.5,2341.55,0,0,0,0,1,0,1,1,0,0,0,0,0,0,0,0,0,0,1,0,1,0,0,1,0,1,0,0.8712646367524448,81.46324353635359
0,2,79.95,174.45,0,1,0,0,1,0,0,1,0,0,0,0,0,0,0,0,0,0,1,0,0,0,0,1,0,1,0,0.8711448513173101,69.64803086281894
0,3,79.4,244.65,1,0,0,0,1,0,0,1,0,0,0,0,0,0,0,0,0,0,1,0,0,0,0,1,0,1,0,0.871039277377762,69.1605186237943
1,9,80.85,751.65,1,0,0,0,1,0,0,1,0,0,0,0,0,0,0,0,0,0,1,0,0,0,0,1,0,1,0,0.8710159664894366,70.42164089067094
0,10,85.6,813.85,1,1,1,0,1,0,1,1,0,0,0,0,0,0,0,0,0,0,1,0,0,0,0,1,0,1,0,0.8706981759734562,74.53176386332785
0,15,100.15,1415.0,0,0,0,0,1,0,1,1,0,0,0,0,1,0,0,0,0,0,1,0,1,0,0,1,0,1,0,0.8706521968672124,87.19581751625132
0,4,74.65,301.4,1,1,1,0,1,0,1,1,0,0,0,0,0,0,0,0,0,0,0,0,0,0,0,1,0,1,0,0.8705970859020881,64.99007246259087
0,2,80.25,144.55,1,1,0,0,1,0,0,1,0,0,0,0,0,0,0,0,0,0,1,0,0,0,0,1,0,1,0,0.8705613350518878,69.86254713791399
0,9,85.35,758.6,1,1,0,0,1,0,1,1,0,0,0,0,0,0,0,0,0,0,1,0,0,0,0,1,0,1,0,0.8704546568492568,74.29330496208406
1,2,95.5,181.65,0,1,1,0,1,0,0,1,0,0,0,0,0,0,1,0,0,0,1,0,1,0,0,1,1,0,0,0.8704360297400321,83.12664084017307
1,3,70.4,204.7,1,0,0,0,1,0,0,1,0,0,0,0,0,0,0,0,0,0,0,0,0,0,0,1,0,1,0,0.8704249495298301,61.27791644690004
1,3,79.4,205.05,1,0,0,0,1,0,1,1,0,0,0,0,1,0,0,0,0,0,0,0,0,0,0,1,0,1,0,0.870384025225079,69.10849160287127
0,10,88.85,929.45,0,0,1,1,1,0,0,1,0,0,0,0,0,0,0,0,0,0,1,0,1,0,0,1,0,1,0,0.8702701315501894,77.32350118823432
0,14,85.15,1139.2,1,1,1,0,1,0,1,1,0,0,0,0,0,0,0,0,0,0,0,0,1,0,0,1,0,1,0,0.8700753028886633,74.08691204096968
0,8,94.2,777.3,1,0,1,1,1,0,0,1,0,0,0,0,0,0,1,0,0,0,1,0,1,0,0,1,0,1,0,0.870028166578971,81.95665329173907
1,2,89.5,161.5,1,0,0,0,1,0,1,1,0,0,0,0,1,0,0,0,0,0,0,0,1,0,0,0,0,1,0,0.8699773042879404,77.86296873377067
0,9,79.75,769.1,0,0,1,0,1,0,0,1,0,0,0,0,0,0,0,0,0,0,0,0,1,0,0,1,0,1,0,0.8699553135562482,69.37893625611079
1,5,81.0,371.65,1,0,1,0,1,0,1,1,0,0,0,0,1,0,0,0,0,0,0,0,0,0,0,1,0,1,0,0.8698527431364049,70.4580721940488
0,3,74.4,229.55,1,1,0,0,1,0,1,1,0,0,0,0,0,0,0,0,0,0,0,0,0,0,0,1,0,1,0,0.8698279001236455,64.71519576919923
0,3,50.6,155.35,1,0,0,0,0,1,0,0,0,0,0,0,1,0,0,0,0,0,1,0,1,0,0,1,0,1,0,0.8695544392913237,43.99945462814098
0,7,90.45,593.45,1,1,0,0,1,0,1,1,0,0,0,0,0,0,1,0,0,0,1,0,0,0,0,1,0,1,0,0.8695002771408966,78.64630006739411
0,1,85.45,85.45,1,0,0,0,1,0,1,1,0,0,0,0,0,0,0,0,0,0,0,0,1,0,0,1,0,0,1,0.8694920519461435,74.29809583879796
0,3,35.15,99.75,1,1,1,0,0,1,0,0,0,0,0,0,0,0,0,0,0,0,0,0,1,0,0,1,0,1,0,0.8694858710538276,30.562428367542037
0,12,96.0,1062.1,1,0,0,0,1,0,0,1,0,0,0,0,0,0,1,0,0,0,1,0,1,0,0,1,0,1,0,0.8694276418745015,83.46505361995214
0,13,91.1,1135.7,1,1,0,0,1,0,0,1,0,0,0,0,0,0,0,0,0,0,1,0,1,0,0,1,0,1,0,0.8693914438812231,79.20156053757943
1,3,81.35,233.7,1,1,0,0,1,0,1,1,0,0,0,0,1,0,0,0,0,0,0,0,0,0,0,1,0,1,0,0.8693775484162669,70.72386356366331
0,7,79.3,523.15,1,0,0,0,1,0,0,1,0,0,0,0,0,0,0,0,0,0,0,0,1,0,0,1,0,1,0,0.8693533634215115,68.93972171932586
1,11,78.5,874.2,0,1,0,0,1,0,0,1,0,0,0,0,0,0,0,0,0,0,0,0,1,0,0,1,0,1,0,0.8692814556230969,68.2385942664131
0,22,95.1,2162.6,0,1,0,0,1,0,1,1,0,0,0,0,0,0,0,0,0,0,1,0,1,0,0,1,0,1,0,0.8691904465056055,82.66001146268307
1,13,100.8,1308.1,1,0,0,0,1,0,1,1,0,0,1,0,0,0,0,0,0,0,1,0,1,0,0,1,0,1,0,0.8691049267639324,87.60577661780438
1,26,93.6,2404.1,0,1,0,0,1,0,1,1,0,0,0,0,0,0,0,0,0,0,1,0,1,0,0,1,0,1,0,0.8690625463574142,81.34425433905396
1,16,84.75,1350.15,1,0,0,0,1,0,1,1,0,0,0,0,0,0,0,0,0,0,1,0,0,0,0,1,0,1,0,0.8689751190153009,73.64564133654675
1,1,24.8,24.8,1,0,1,0,0,1,0,0,0,0,0,0,0,0,0,0,0,0,0,0,0,0,0,1,0,1,0,0.8689313623332885,21.549497785865555
1,9,74.55,622.9,1,0,0,0,1,0,1,1,0,0,0,0,0,0,0,0,0,0,0,0,0,0,0,1,0,1,0,0.8688944802096812,64.77608349963172
1,7,84.35,609.65,0,0,0,0,1,0,0,1,0,0,0,0,0,0,1,0,0,0,1,0,0,0,0,1,0,1,0,0.8688726348961826,73.289406753493
0,4,76.05,318.9,1,1,0,0,1,0,1,1,0,0,0,0,0,0,0,0,0,0,0,0,0,0,0,1,0,1,0,0.8687098943566585,66.06538746582387
0,5,90.8,455.5,1,0,0,0,1,0,1,1,0,0,0,0,1,0,0,0,0,0,1,0,0,0,0,1,0,1,0,0.8686972580547644,78.8777110313726
0,4,80.35,307.4,1,1,1,0,1,0,0,1,0,0,0,0,0,0,0,0,0,0,1,0,0,0,0,1,0,1,0,0.8680986396694641,69.75172569744143
0,10,98.5,1058.25,1,0,0,0,1,0,1,1,0,0,0,0,0,0,0,0,1,0,1,0,1,0,0,1,0,1,0,0.8680674064365357,85.50463953399877
0,7,94.25,669.0,1,1,0,0,1,0,0,1,0,0,0,0,1,0,0,0,0,0,1,0,1,0,0,1,0,1,0,0.8672654831445751,81.7397717863762
1,21,104.35,2271.85,0,1,0,0,1,0,1,1,0,0,0,0,1,0,1,0,0,0,1,0,1,0,0,1,0,1,0,0.8670336842232501,90.47496494869614
0,1,85.0,85.0,0,1,0,0,1,0,0,1,0,0,0,0,1,0,0,0,0,0,0,0,1,0,0,1,0,1,0,0.8669331442134728,73.68931725814518
0,1,35.75,35.75,1,0,0,0,0,1,0,0,0,0,0,0,0,0,0,0,0,0,1,0,0,0,0,1,0,1,0,0.8668246113090201,30.98897985429747
1,29,98.5,3004.15,1,1,1,0,1,0,1,1,0,0,0,0,0,0,1,0,0,0,1,0,1,0,0,1,0,1,0,0.8665669935838417,85.35684886800841
1,4,70.2,280.35,0,1,1,0,1,0,0,1,0,0,0,0,0,0,0,0,0,0,0,0,0,0,0,1,0,1,0,0.8664807139244763,60.82694611749824
0,4,79.0,303.15,1,0,0,0,1,0,0,1,0,0,0,0,0,0,0,0,0,0,1,0,0,0,0,1,0,1,0,0.8664503686012034,68.44957911949507
0,1,84.85,84.85,1,1,0,0,1,0,0,1,0,0,0,0,0,0,1,0,0,0,1,0,0,0,0,1,0,1,0,0.8663811590213932,73.51244134296522
0,6,47.95,305.1,1,0,0,0,0,1,0,0,0,0,0,0,0,0,1,0,0,0,1,0,1,0,0,1,0,1,0,0.8662503029018552,41.53670202414396
1,10,85.55,851.75,1,1,1,0,1,0,1,1,0,0,0,0,0,0,0,0,0,0,0,0,1,0,0,0,0,1,0,0.8661678268752284,74.10065758917578
0,2,94.2,167.5,1,1,1,0,1,0,0,1,0,0,0,0,0,0,0,0,1,0,1,0,1,0,0,1,0,1,0,0.8661226043366068,81.58874932850837
1,15,94.65,1285.05,0,0,1,0,1,0,0,1,0,0,0,0,1,0,0,0,0,0,1,0,1,0,0,1,0,1,0,0.8659309523445796,81.96036463941446
0,8,94.75,759.55,0,1,1,1,1,0,0,1,0,0,0,0,0,0,1,0,0,0,1,0,1,0,0,1,0,1,0,0.8658152216565821,82.03599225196115
0,4,81.0,340.85,1,1,0,0,1,0,0,1,0,0,0,0,0,0,0,0,0,0,1,0,0,0,0,1,0,1,0,0.865774716490015,70.12775203569122
1,9,74.05,678.45,0,1,0,0,1,0,1,1,0,0,0,0,0,0,0,0,0,0,0,0,0,0,0,1,0,1,0,0.865744367097307,64.10837038355558
1,12,91.3,1094.5,1,0,0,0,1,0,1,1,0,0,0,0,1,0,0,0,0,0,1,0,0,0,0,1,0,1,0,0.8657367510404161,79.04176536998999
1,5,69.35,341.6,0,0,1,0,1,0,0,1,0,0,0,0,0,0,0,0,0,0,0,0,0,0,0,1,0,1,0,0.8657115154173527,60.03709359419341
0,3,78.5,242.05,1,1,0,0,1,0,0,1,0,0,0,0,0,0,0,0,0,0,1,0,0,0,0,1,0,1,0,0.8655613548099002,67.94656635257716
0,1,34.7,34.7,1,0,0,0,0,1,0,0,0,0,0,0,0,0,0,0,0,0,1,0,0,0,0,1,0,1,0,0.8654979422590566,30.032778596389267
1,2,79.75,159.4,1,0,0,0,1,0,0,1,0,0,0,0,0,0,0,0,0,0,0,0,1,0,0,1,0,0,0,0.8653178334163041,69.00909721495024
0,1,94.4,94.4,1,0,0,0,1,0,0,1,0,0,0,0,0,0,1,0,0,0,1,0,1,0,0,0,0,1,0,0.8652974074990558,81.68407526791087
1,3,91.05,289.1,1,1,0,0,1,0,1,1,0,0,0,0,0,0,1,0,0,0,1,0,0,0,0,0,0,1,0,0.8652742878640474,78.7832239100215
1,1,25.2,25.2,1,0,0,0,0,1,0,0,0,0,0,0,0,0,0,0,0,0,0,0,0,0,0,1,0,1,0,0.865237037340056,21.80397334096941
1,2,74.2,140.1,0,1,1,0,1,0,0,1,0,0,0,0,0,0,1,0,0,0,0,0,0,0,0,1,0,1,0,0.8649526588010135,64.1794872830352
0,4,74.35,265.35,1,1,0,0,1,0,1,1,0,0,0,0,0,0,0,0,0,0,0,0,0,0,0,1,0,1,0,0.8648942654937747,64.30488863946215
0,1,74.5,74.5,1,1,1,1,1,0,1,1,0,0,0,0,0,0,0,0,0,0,0,0,0,0,0,1,0,1,0,0.8648868068072504,64.43406710714015
1,16,86.6,1281.0,1,1,0,0,1,0,1,1,0,0,0,0,0,0,0,0,0,0,1,0,0,0,0,1,0,1,0,0.8646642497236253,74.87992402606595
0,1,100.25,100.25,1,0,0,0,1,0,1,1,0,0,0,0,1,0,0,0,0,0,1,0,1,0,0,1,1,0,0,0.8646459836057638,86.68075985647782
1,1,69.25,69.25,1,0,1,1,1,0,0,1,0,0,0,0,0,0,0,0,0,0,0,0,0,0,0,1,0,1,0,0.8645942460612467,59.873151539741336
0,6,89.75,552.65,0,0,0,0,1,0,1,1,0,0,0,0,1,0,0,0,0,0,1,0,0,0,0,1,0,1,0,0.8644981262964799,77.58870683510908
1,24,101.25,2440.15,1,1,0,0,1,0,1,1,0,0,0,0,1,0,0,0,0,0,1,0,1,0,0,1,0,1,0,0.8644972071441881,87.53034222334904
0,4,101.15,385.9,1,1,1,1,1,0,1,1,0,0,0,0,0,0,1,0,0,0,1,0,1,0,0,0,0,1,0,0.864455277370321,87.43965130600797
1,23,106.4,2483.5,1,1,0,0,1,0,1,1,0,0,0,0,1,0,1,0,0,0,1,0,1,0,0,1,0,1,0,0.8642749739129137,91.95885722433403
1,29,94.45,2653.65,1,1,1,0,1,0,1,1,0,0,0,0,0,0,0,0,0,0,1,0,1,0,0,1,0,1,0,0.8642301181309041,81.62653465746389
0,9,79.55,723.4,1,0,0,0,1,0,0,1,0,0,0,0,0,0,0,0,0,0,0,0,1,0,0,1,0,1,0,0.8640359850359038,68.73406260960614
0,6,75.5,438.0,1,1,1,0,1,0,1,1,0,0,0,0,0,0,0,0,0,0,0,0,0,0,0,1,0,1,0,0.8639819478056953,65.23063705933
0,6,90.1,521.3,1,0,0,0,1,0,1,1,0,0,0,0,1,0,0,0,0,0,1,0,0,0,0,1,0,1,0,0.8639038942378422,77.83774087082958
0,7,81.1,576.65,1,0,1,0,1,0,0,1,0,0,0,0,0,0,0,0,0,0,1,0,0,0,0,1,0,1,0,0.8639033453766563,70.06256131004682
1,8,81.25,585.95,1,1,0,0,1,0,1,1,0,0,0,0,0,0,1,0,0,0,0,0,0,0,0,1,0,1,0,0.8636179283323255,70.16895667700145
1,4,70.65,293.85,0,1,0,0,1,0,0,1,0,0,0,0,0,0,0,0,0,0,0,0,0,0,0,1,0,1,0,0.8632248506867076,60.9868357010159
0,17,92.55,1515.1,1,1,1,1,1,0,1,1,0,0,0,0,0,0,0,0,0,0,1,0,1,0,0,1,0,1,0,0.8631801996224087,79.88732747505392
1,12,98.1,1060.2,1,0,1,0,1,0,1,1,0,0,0,0,1,0,1,0,0,0,1,0,0,0,0,1,0,1,0,0.8631484195232186,84.67485995522775
1,1,71.0,71.0,1,0,0,1,1,0,0,1,0,0,0,0,0,0,0,0,0,0,0,0,0,0,0,1,0,1,0,0.8625510216741238,61.24112253886279
0,1,68.95,68.95,1,0,1,0,1,0,0,1,0,0,0,0,0,0,0,0,0,0,0,0,0,0,0,1,0,1,0,0.862449476555864,59.46589140852683
1,1,43.3,43.3,1,1,0,0,0,1,0,0,0,0,0,0,1,0,1,0,0,0,0,0,1,0,0,1,0,1,0,0.8624110838760061,37.34239993183106
0,4,48.55,201.0,1,1,1,0,0,1,0,0,0,0,0,0,1,0,0,0,0,0,1,0,1,0,0,1,0,1,0,0.8622910065386947,41.86422836745363
1,13,98.0,1237.85,1,1,1,0,1,0,0,1,0,0,0,0,1,0,1,0,0,0,1,0,1,0,0,1,0,1,0,0.862218564817353,84.4974193521006
1,23,90.45,2117.25,0,1,1,0,1,0,0,1,0,0,0,0,0,0,0,0,0,0,1,0,1,0,0,1,0,1,0,0.8621030980826736,77.97722522157783
0,24,101.05,2391.8,1,1,1,0,1,0,1,1,0,0,0,0,0,0,1,0,0,0,1,0,1,0,0,1,0,1,0,0.8619682818312051,87.10189487904327
0,7,75.35,564.65,0,0,0,0,1,0,1,1,0,0,0,0,0,0,0,0,0,0,0,0,0,0,0,1,0,1,0,0.8619361583585857,64.94688953231943
0,1,95.6,95.6,1,0,0,0,1,0,0,1,0,0,1,0,0,0,0,0,0,0,1,0,1,0,0,1,0,1,0,0.8618285973548944,82.39081390712789
1,1,74.3,74.3,0,1,1,0,1,0,1,1,0,0,0,0,0,0,0,0,0,0,0,0,0,0,0,0,0,1,0,0.8616031665455408,64.01711527433368
0,5,80.6,415.55,1,1,0,0,1,0,0,1,0,0,0,0,0,0,0,0,0,0,1,0,0,0,0,1,0,1,0,0.8615703779938858,69.4425724663072
0,7,98.05,713.0,1,1,0,0,1,0,1,1,0,0,0,0,0,0,1,0,0,0,1,0,1,0,0,1,0,0,0,0.8614287032290664,84.46308435160996
0,24,93.0,2248.05,0,1,1,0,1,0,1,1,0,0,0,0,0,0,0,0,0,0,1,0,1,0,0,1,0,1,0,0.8614159193882406,80.11168050310637
0,1,79.35,79.35,1,0,0,1,1,0,0,1,0,0,0,0,0,0,0,0,0,0,1,0,0,0,0,1,0,1,0,0.8613259521686565,68.34621430458289
1,5,84.7,392.5,0,0,0,0,1,0,0,1,0,0,0,0,1,0,0,0,0,0,1,0,0,0,0,1,0,1,0,0.8610650331146426,72.93220830481023
0,24,94.1,2322.85,0,1,0,0,1,0,1,1,0,0,0,0,0,0,0,0,0,0,1,0,1,0,0,1,0,1,0,0.8609632854242981,81.01664515842644
0,1,95.0,95.0,1,1,1,0,1,0,0,1,0,0,1,0,0,0,0,0,0,0,1,0,1,0,0,1,0,1,0,0.86090357070653,81.78583921712035
0,12,84.45,1059.55,1,1,0,0,1,0,1,1,0,0,0,0,0,0,0,0,0,0,1,0,0,0,0,1,0,1,0,0.8608733131088069,72.70075129203875
0,11,89.2,990.3,0,0,0,0,1,0,1,1,0,0,0,0,0,0,1,0,0,0,1,0,0,0,0,1,0,1,0,0.8608666352130476,76.78930386100384
0,2,70.7,141.45,1,0,1,0,1,0,0,1,0,0,0,0,0,0,0,0,0,0,0,0,0,0,0,1,0,1,0,0.8608406693727418,60.86143532465285
0,9,80.8,713.1,1,1,0,0,1,0,0,1,0,0,0,0,0,0,0,0,0,0,0,0,1,0,0,1,0,1,0,0.8608047378949889,69.5530228219151
0,14,86.1,1235.55,1,1,1,0,1,0,1,1,0,0,0,0,0,0,0,0,0,0,1,0,0,0,0,1,0,1,0,0.8606890636957442,74.10532838420357
1,1,25.1,25.1,1,1,0,0,0,1,0,0,0,0,0,0,0,0,0,0,0,0,0,0,0,0,0,1,0,1,0,0.8606588246740566,21.602536499318823
1,5,45.7,198.0,1,0,0,0,0,1,0,0,0,0,0,0,0,0,0,0,0,0,1,0,1,0,0,0,0,1,0,0.860613928486717,39.33005653184297
0,7,74.9,541.15,1,0,0,0,1,0,1,1,0,0,0,0,0,0,0,0,0,0,0,0,0,0,0,1,0,1,0,0.8605786990069164,64.45734455561805
0,1,70.85,70.85,1,0,0,0,1,0,0,1,0,0,0,0,0,0,0,0,0,0,0,0,0,0,0,1,0,1,0,0.8605753926245092,60.97176656744647
0,1,74.35,74.35,1,1,0,1,1,0,1,1,0,0,0,0,0,0,0,0,0,0,0,0,0,0,0,1,0,1,0,0.8603781452049759,63.969115095989956
0,1,102.45,102.45,1,0,1,1,1,0,1,1,0,0,1,0,0,0,1,0,0,0,1,0,1,0,0,1,0,1,0,0.8603694150376683,88.14484657060912
0,1,70.6,70.6,1,0,0,0,1,0,0,1,0,0,0,0,0,0,0,0,0,0,0,0,0,0,0,1,0,1,0,0.8602481341978719,60.73351827436976
0,2,44.6,97.1,1,0,1,0,0,1,0,0,0,0,0,0,0,0,0,0,0,0,1,0,1,0,0,0,0,1,0,0.860244643925783,38.36691111908993
0,3,80.7,239.45,0,0,1,1,1,0,0,1,0,0,0,0,0,0,0,0,0,0,1,0,0,0,0,1,0,1,0,0.8602262593701028,69.4202591311673
0,12,105.3,1275.65,0,0,0,1,1,0,1,1,0,0,0,0,1,0,1,0,0,0,1,0,1,0,0,1,0,1,0,0.8601657397273749,90.57545239329257
0,6,74.9,469.8,1,1,0,0,1,0,1,1,0,0,0,0,0,0,0,0,0,0,0,0,0,0,0,1,0,1,0,0.8599509150121535,64.4103235344103
0,1,70.3,70.3,1,0,0,0,1,0,0,1,0,0,0,0,0,0,0,0,0,0,0,0,0,0,0,1,0,1,0,0.8598545751222765,60.44777663109603
0,1,70.25,70.25,1,0,0,0,1,0,0,1,0,0,0,0,0,0,0,0,0,0,0,0,0,0,0,1,0,1,0,0.8597888918255981,60.40016965074827
0,1,70.25,70.25,0,0,0,0,1,0,0,1,0,0,0,0,0,0,0,0,0,0,0,0,0,0,0,1,0,1,0,0.8597888918255981,60.40016965074827
1,14,46.35,672.7,0,0,0,0,0,1,0,0,0,0,0,0,0,0,0,0,0,0,1,0,1,0,0,1,0,1,0,0.8597129524821954,39.84769534754976
0,24,98.75,2407.3,1,0,0,0,1,0,1,1,0,0,0,0,0,0,1,0,0,0,1,0,1,0,0,1,0,1,0,0.8597070305654071,84.89606926833395
0,2,70.35,120.25,0,0,1,0,1,0,0,1,0,0,0,0,0,0,0,0,0,0,0,0,0,0,0,1,0,1,0,0.8596801254085266,60.47849682248984
0,1,70.1,70.1,1,0,0,0,1,0,0,1,0,0,0,0,0,0,0,0,0,0,0,0,0,0,0,1,0,1,0,0.8595916873405178,60.257377282570296
0,1,70.1,70.1,1,0,0,0,1,0,0,1,0,0,0,0,0,0,0,0,0,0,0,0,0,0,0,1,0,1,0,0.8595916873405178,60.257377282570296
1,28,106.15,3152.5,1,0,0,0,1,0,1,1,0,0,0,0,1,0,1,0,0,0,1,0,1,0,0,1,0,1,0,0.8595641930567953,91.24273909297882
0,12,94.55,1173.55,0,1,0,0,1,0,1,1,0,0,0,0,0,0,0,0,0,0,1,0,1,0,0,0,0,1,0,0.8594468095632456,81.26069584420488
0,10,94.85,953.45,1,0,0,0,1,0,1,1,0,0,0,0,1,0,1,0,0,0,0,0,1,0,0,1,0,1,0,0.8589505204261636,81.47145686242162
0,1,69.6,69.6,1,0,0,0,1,0,0,1,0,0,0,0,0,0,0,0,0,0,0,0,0,0,0,1,0,1,0,0.8589326626436548,59.78171331999837
0,1,69.5,69.5,1,0,0,0,1,0,0,1,0,0,0,0,0,0,0,0,0,0,0,0,0,0,0,1,0,1,0,0.8588005478903004,59.68663807837587
0,19,99.95,1931.75,1,1,0,0,1,0,1,1,0,0,0,0,1,0,0,0,0,0,1,0,1,0,0,1,0,1,0,0.8584141264268998,85.79849193636865
0,1,84.5,84.5,1,1,0,0,1,0,1,1,0,0,0,0,0,0,0,0,0,0,1,0,0,0,0,0,0,1,0,0.8584070370835025,72.53539463355597
0,1,69.2,69.2,1,0,0,0,1,0,0,1,0,0,0,0,0,0,0,0,0,0,0,0,0,0,0,1,0,1,0,0.8584035832313697,59.40152795961078
0,1,69.2,69.2,1,0,0,0,1,0,0,1,0,0,0,0,0,0,0,0,0,0,0,0,0,0,0,1,0,1,0,0.8584035832313697,59.40152795961078
0,7,73.85,511.25,1,0,0,0,1,0,1,1,0,0,0,0,0,0,0,0,0,0,0,0,0,0,0,1,0,1,0,0.8582195980128148,63.37951731324637
0,6,89.3,577.6,1,0,0,0,1,0,0,1,0,0,0,0,0,0,0,0,0,0,1,0,1,0,0,0,0,1,0,0.8581933881606109,76.63666956274255
0,1,69.15,69.15,1,1,1,0,1,0,0,1,0,0,0,0,0,0,0,0,0,0,0,0,0,0,0,1,0,1,0,0.8581905242281779,59.343874750378504
0,7,79.7,586.05,1,0,0,0,1,0,0,1,0,0,0,0,0,0,0,0,0,0,1,0,0,0,0,1,0,1,0,0.8580813358412975,68.38908246655141
0,9,45.4,418.8,1,1,0,0,0,1,0,0,0,0,0,0,0,0,0,0,0,0,1,0,1,0,0,1,0,1,0,0.8580640666094599,38.95610862406948
0,2,94.95,178.1,1,1,0,0,1,0,0,1,0,0,0,0,0,0,1,0,0,0,1,0,1,0,0,0,0,1,0,0.8580611336774051,81.47290464266962
1,24,104.25,2433.9,1,1,1,0,1,0,1,1,0,0,0,0,1,0,1,0,0,0,1,0,1,0,0,1,0,1,0,0.8579747893622257,89.44387179101203
0,17,102.55,1742.5,0,1,1,0,1,0,1,1,0,0,0,0,1,0,1,0,0,0,1,0,1,0,0,1,0,1,0,0.8577665330626348,87.9639579655732
1,32,93.2,2931.0,1,0,1,0,1,0,1,1,0,0,0,0,0,0,0,0,0,0,1,0,1,0,0,1,0,1,0,0.8576311009150372,79.93121860528147
0,9,48.75,442.2,1,0,1,0,0,1,0,0,0,0,0,0,0,0,1,0,0,0,1,0,1,0,0,1,0,1,0,0.8574611719837056,41.80123213420565
0,8,90.25,743.75,0,0,1,0,1,0,1,1,0,0,0,0,0,0,0,0,1,0,0,0,1,0,0,1,0,1,0,0.8574259110633448,77.38268847346687
0,10,95.25,1021.55,0,1,0,0,1,0,1,1,0,0,0,0,1,0,1,0,0,0,0,0,1,0,0,1,0,1,0,0.8572087213467924,81.64913070828197
0,12,89.15,1057.55,0,0,0,0,1,0,1,1,0,0,0,0,1,0,0,0,0,0,0,0,1,0,0,1,0,1,0,0.8571194176482283,76.41219608333955
0,16,88.45,1422.1,1,0,0,0,1,0,1,1,0,0,0,0,0,0,1,0,0,0,0,0,1,0,0,1,0,1,0,0.8570778963225084,75.80853992972587
1,1,78.45,78.45,1,0,0,0,1,0,0,1,0,0,0,0,0,0,0,0,0,0,1,0,0,0,0,0,0,1,0,0.8570377355599644,67.2346103546792
0,2,70.7,151.65,1,0,0,0,1,0,0,1,0,0,0,0,0,0,0,0,0,0,0,0,0,0,0,1,0,1,0,0.8567714998988444,60.5737450428483
1,5,78.95,378.4,1,0,0,0,1,0,0,1,0,0,0,0,0,0,0,0,0,0,0,0,1,0,0,0,0,1,0,0.8567254077801392,67.63847094424199
0,22,100.65,2415.95,0,1,0,0,1,0,1,1,0,0,0,0,1,0,0,0,0,0,1,0,1,0,0,1,0,1,0,0.85669062894097,86.22591180290864
0,2,70.95,137.95,1,0,0,0,1,0,0,1,0,0,0,0,0,0,0,0,0,0,0,0,0,0,0,1,0,1,0,0.8566263727197202,60.77764114446415
0,7,86.25,587.1,1,0,1,0,1,0,0,1,0,0,0,0,0,0,1,0,0,0,1,0,0,0,0,1,0,1,0,0.8562641435684792,73.85278238278133
0,2,82.0,184.65,1,1,0,0,1,0,1,1,0,0,0,0,1,0,0,0,0,0,0,0,0,0,0,1,0,1,0,0.8562285031868613,70.21073726132262
1,23,104.45,2184.85,0,1,1,0,1,0,1,1,0,0,0,0,1,0,1,0,0,0,1,0,1,0,0,1,0,1,0,0.8561071739894972,89.42039432320298
1,8,87.1,713.6,0,0,0,0,1,0,0,1,0,0,0,0,1,0,0,0,0,0,1,0,0,0,0,1,0,1,0,0.8559964648932316,74.55729209220047
0,16,84.95,1378.25,1,0,1,0,1,0,1,1,0,0,0,0,0,0,0,0,0,0,1,0,0,0,0,1,0,1,0,0.8558985541056117,72.70858217127171
0,8,75.25,576.7,0,0,0,0,1,0,1,1,0,0,0,0,0,0,0,0,0,0,0,0,0,0,0,1,0,1,0,0.8558689164747347,64.40413596472379
1,5,83.15,446.05,1,0,0,0,1,0,1,1,0,0,0,0,0,0,0,0,0,0,1,0,0,0,0,1,1,0,0,0.8556254732252712,71.1452580986813
0,8,73.5,632.2,0,0,0,0,1,0,1,1,0,0,0,0,0,0,0,0,0,0,0,0,0,0,0,1,0,1,0,0.8554935365936442,62.878774939632855
0,10,98.7,973.25,1,0,0,0,1,0,1,1,0,0,1,0,0,0,0,0,0,0,1,0,1,0,0,1,0,1,0,0.8553798548947704,84.42599167811385
0,1,70.35,70.35,0,1,0,0,1,0,0,1,0,0,0,0,0,0,0,0,0,0,0,0,0,0,0,1,0,1,0,0.8553265481168084,60.17222266001747
0,1,79.15,79.15,1,1,0,0,1,0,1,1,0,0,0,0,1,0,0,0,0,0,0,0,0,0,0,1,0,1,0,0.8553116912387785,67.69792036154932
0,1,70.3,70.3,1,1,0,0,1,0,0,1,0,0,0,0,0,0,0,0,0,0,0,0,0,0,0,1,0,1,0,0.8552590998591737,60.12471472009991
1,29,103.95,2964.8,0,1,1,1,1,0,1,1,0,0,0,0,0,0,1,0,0,0,1,0,1,0,0,1,0,1,0,0.8552046920325879,88.89852773678751
1,9,99.45,919.4,1,1,0,0,1,0,1,1,0,0,0,0,1,0,0,0,0,0,1,0,1,0,0,1,1,0,0,0.8551227274865546,85.04195524853786
0,2,70.15,123.8,0,0,0,0,1,0,0,1,0,0,0,0,0,0,0,0,0,0,0,0,0,0,0,1,0,1,0,0.8550894656487932,59.984526015262844
0,21,86.5,1808.7,1,0,1,0,1,0,1,1,0,0,0,0,0,0,0,0,0,0,0,0,1,0,0,1,0,1,0,0.8550043348728651,73.95787496650283
0,7,79.0,522.95,1,0,0,0,1,0,0,1,0,0,0,0,0,0,0,0,0,0,1,0,0,0,0,1,0,1,0,0.8549964458590933,67.54471922286837
0,5,96.1,453.4,1,1,0,0,1,0,0,1,0,0,0,0,0,0,0,0,1,0,1,0,1,0,0,1,0,1,0,0.8549273437118883,82.15851773071246
0,1,70.05,70.05,1,1,0,0,1,0,0,1,0,0,0,0,0,0,0,0,0,0,0,0,0,0,0,1,0,1,0,0.8549214666475405,59.88724873866021
1,15,79.4,1156.1,1,1,0,0,1,0,0,1,0,0,0,0,0,0,0,0,0,0,0,0,1,0,0,1,0,1,0,0.8549039875322963,67.87937661006434
0,2,69.7,135.2,0,0,0,0,1,0,0,1,0,0,0,0,0,0,0,0,0,0,0,0,0,0,0,1,0,1,0,0.8548928507569877,59.586031697762046
1,2,79.2,172.85,1,0,1,0,1,0,1,1,0,0,0,0,0,0,1,0,0,0,0,0,0,0,0,0,0,1,0,0.8547601617077405,67.69700480725305
1,17,101.8,1752.45,0,1,0,0,1,0,0,1,0,0,0,0,1,0,1,0,0,0,1,0,1,0,0,1,0,1,0,0.8547514212218886,87.01369468038826
0,1,69.9,69.9,0,1,0,0,1,0,0,1,0,0,0,0,0,0,0,0,0,0,0,0,0,0,0,1,0,1,0,0.8547185729966551,59.7448282524662
0,1,69.9,69.9,1,1,0,0,1,0,0,1,0,0,0,0,0,0,0,0,0,0,0,0,0,0,0,1,0,1,0,0.8547185729966551,59.7448282524662
0,1,69.9,69.9,1,1,0,0,1,0,0,1,0,0,0,0,0,0,0,0,0,0,0,0,0,0,0,1,0,1,0,0.8547185729966551,59.7448282524662
0,1,69.85,69.85,1,1,0,0,1,0,0,1,0,0,0,0,0,0,0,0,0,0,0,0,0,0,0,1,0,1,0,0.8546508894615761,59.69736462889109
0,1,69.8,69.8,1,1,0,0,1,0,0,1,0,0,0,0,0,0,0,0,0,0,0,0,0,0,0,1,0,1,0,0.854583179758899,59.64990594717115
0,9,76.85,663.55,0,0,0,0,1,0,1,1,0,0,0,0,0,0,0,0,0,0,0,0,0,0,0,1,0,1,0,0.8544980542510763,65.6681754691952
0,3,105.35,323.25,1,1,0,0,1,0,1,1,0,0,0,0,1,0,1,0,0,0,1,0,1,0,0,1,0,0,0,0.8543912170045109,90.01011471142522
0,1,69.65,69.65,1,1,0,0,1,0,0,1,0,0,0,0,0,0,0,0,0,0,0,0,0,0,0,1,0,1,0,0.8543798935941171,59.50755958883026
0,1,69.6,69.6,1,1,0,0,1,0,0,1,0,0,0,0,0,0,0,0,0,0,0,0,0,0,0,1,0,1,0,0.8543120791699053,59.460120710225404
1,33,94.5,3105.55,1,1,1,0,1,0,1,1,0,0,0,0,0,0,0,0,0,0,1,0,1,0,0,1,0,1,0,0.854263068062867,80.72785993194093
0,1,69.55,69.55,1,1,0,0,1,0,0,1,0,0,0,0,0,0,0,0,0,0,0,0,0,0,0,1,0,1,0,0.8542442385525432,59.41268679132938
0,3,84.75,264.85,1,0,1,1,1,0,1,1,0,0,0,0,0,0,0,0,0,0,0,0,1,0,0,1,0,0,0,0.8542051411553826,72.39388571291867
0,1,69.35,69.35,1,1,0,0,1,0,0,1,0,0,0,0,0,0,0,0,0,0,0,0,0,0,0,1,0,1,0,0.8539726140496733,59.22300078434484
0,1,69.35,69.35,1,1,0,0,1,0,0,1,0,0,0,0,0,0,0,0,0,0,0,0,0,0,0,1,0,1,0,0.8539726140496733,59.22300078434484
1,11,111.4,1183.05,0,1,0,0,1,0,1,1,0,0,0,0,1,0,1,0,1,0,1,0,1,0,0,1,0,1,0,0.8539425992291956,95.1292055541324
0,19,96.8,1743.05,0,0,1,0,1,0,0,1,0,0,0,0,0,0,1,0,0,0,1,0,1,0,0,1,0,1,0,0.8538154168400055,82.64933235011253
1,1,73.0,73.0,1,0,0,0,1,0,0,1,0,0,0,0,1,0,0,0,0,0,0,0,0,0,0,1,0,1,0,0.8537815376981915,62.32605225196798
0,1,69.1,69.1,1,1,0,0,1,0,0,1,0,0,0,0,0,0,0,0,0,0,0,0,0,0,0,1,0,1,0,0.8536324934644824,58.98600529839573
0,11,97.85,1105.4,1,0,0,0,1,0,1,1,0,0,0,0,0,0,1,0,0,0,1,0,1,0,0,1,0,0,0,0.8535937709979846,83.52415049215278
0,5,105.3,550.6,0,1,0,0,1,0,1,1,0,0,0,0,1,0,1,0,0,0,1,0,1,0,0,0,0,1,0,0.8532507092272581,89.84729968163028
1,1,74.45,74.45,1,0,0,0,1,0,1,1,0,0,0,0,0,0,0,0,0,0,0,0,0,0,0,1,0,0,1,0.8532364865017372,63.52345642005434
0,9,74.75,706.6,1,0,0,0,1,0,1,1,0,0,0,0,0,0,0,0,0,0,0,0,0,0,0,1,0,1,0,0.8532198632782317,63.77818478004782
1,14,74.3,1096.25,1,0,0,0,1,0,1,1,0,0,0,0,0,0,0,0,0,0,0,0,0,0,0,1,0,1,0,0.8531113679301512,63.38617463721023
0,9,89.45,853.1,1,0,1,0,1,0,0,1,0,0,0,0,0,0,0,0,0,0,1,0,1,0,0,0,0,1,0,0.8530068903129248,76.30146633849112
1,2,30.4,78.65,1,0,0,0,0,1,0,0,0,0,0,0,0,0,1,0,0,0,0,0,0,0,0,1,0,1,0,0.8527308602682827,25.923018152155795
0,3,70.25,229.7,0,0,0,0,1,0,0,1,0,0,0,0,0,0,0,0,0,0,0,0,0,0,0,1,0,1,0,0.8523845052474904,59.880011493636204
0,8,100.85,819.55,1,1,0,0,1,0,1,1,0,0,0,0,1,0,0,0,0,0,1,0,1,0,0,0,0,1,0,0.8522495438355153,85.94936649581172
0,12,100.15,1164.3,1,0,0,0,1,0,1,1,0,0,0,0,0,0,1,0,0,0,1,0,1,0,0,1,0,0,0,0.8521553116670569,85.34335446345575
0,2,80.55,184.1,1,0,0,0,1,0,0,1,0,0,0,0,0,0,0,0,0,0,0,0,1,0,0,0,0,1,0,0.8521262909592038,68.63877273676387
1,20,84.35,1745.2,0,1,0,0,1,0,1,1,0,0,0,0,0,0,0,0,0,0,1,0,0,0,0,1,0,1,0,0.8520992639619949,71.87457291519426
1,26,91.25,2351.8,1,0,0,0,1,0,0,1,0,0,0,0,0,0,0,0,0,0,1,0,1,0,0,1,0,1,0,0.8520926410075316,77.75345349193725
1,21,95.4,2025.1,0,0,0,0,1,0,1,1,0,0,0,0,0,0,0,0,0,0,1,0,1,0,0,1,0,0,0,0.8517769018380755,81.25951643535241
1,10,34.7,329.8,1,0,0,0,0,1,0,0,0,0,0,0,0,0,0,0,0,0,0,0,1,0,0,1,0,1,0,0.8516112606645252,29.550910745059028
0,3,70.3,208.85,1,1,1,0,1,0,0,1,0,0,0,0,0,0,0,0,0,0,0,0,0,0,0,1,0,1,0,0.8515628328231705,59.86486714746888
0,5,80.85,356.1,0,0,1,1,1,0,0,1,0,0,0,0,0,0,0,0,0,0,1,0,0,0,0,1,0,1,0,0.8515317396178478,68.846341148103
0,2,80.75,159.45,1,0,0,0,1,0,0,1,0,0,0,0,0,0,0,0,0,0,0,0,1,0,0,0,0,1,0,0.8515229813983767,68.76048074791892
0,2,79.45,145.15,0,1,0,0,1,0,1,1,0,0,0,0,1,0,0,0,0,0,0,0,0,0,0,1,0,1,0,0.8514691397903568,67.64922315634385
0,13,100.35,1358.85,1,0,0,0,1,0,1,1,0,0,1,0,0,0,0,0,0,0,1,0,1,0,0,1,0,1,0,0.851422198673461,85.44021763688181
0,12,89.55,1021.75,0,1,0,0,1,0,1,1,0,0,0,0,0,0,1,0,0,0,1,0,0,0,0,1,0,1,0,0.8513241111251647,76.23607415125849
0,2,70.3,144.0,0,1,0,0,1,0,0,1,0,0,0,0,0,0,0,0,0,0,0,0,0,0,0,1,0,1,0,0.851285143207957,59.845345567519374
1,4,74.95,308.7,1,1,1,0,1,0,1,1,0,0,0,0,0,0,0,0,0,0,0,0,0,0,0,0,0,1,0,0.8512031035917724,63.79767261420334
1,9,84.4,732.5,1,1,0,0,1,0,1,1,0,0,0,0,0,0,0,0,0,0,0,0,1,0,0,1,1,0,0,0.8511228702862128,71.83477025215636
1,14,75.1,1013.35,0,1,1,0,1,0,1,1,0,0,0,0,0,0,0,0,0,0,0,0,0,0,0,1,0,1,0,0.8511039972027019,63.91791018992291
0,1,74.9,74.9,1,0,0,0,1,0,0,1,0,0,0,0,0,0,1,0,0,0,0,0,0,0,0,1,0,1,0,0.8510816324723123,63.7460142721762
0,3,70.15,194.2,0,0,0,0,1,0,0,1,0,0,0,0,0,0,0,0,0,0,0,0,0,0,0,1,0,1,0,0.8509945059342734,59.69726459128928
1,2,75.45,158.4,1,0,0,0,1,0,1,1,0,0,0,0,0,0,0,0,0,0,0,0,0,0,0,1,0,0,1,0.8509360079906821,64.20312180289697
0,3,69.85,199.85,0,0,0,0,1,0,0,1,0,0,0,0,0,0,0,0,0,0,0,0,0,0,0,1,0,1,0,0.8507910805638325,59.427756977383694
1,35,95.45,3474.05,1,1,0,0,1,0,1,1,0,0,0,0,0,0,0,0,0,0,1,0,1,0,0,1,0,1,0,0.8507562882679064,81.20468771517167
0,3,98.7,293.65,1,1,0,0,1,0,0,1,0,0,0,0,0,0,1,0,1,0,1,0,1,0,0,1,0,1,0,0.8507263221868898,83.96668799984603
0,2,69.8,146.65,0,1,0,0,1,0,0,1,0,0,0,0,0,0,0,0,0,0,0,0,0,0,0,1,0,1,0,0.8507059878684327,59.379277953216594
0,9,75.85,724.65,0,1,0,0,1,0,1,1,0,0,0,0,0,0,0,0,0,0,0,0,0,0,0,1,0,1,0,0.8505847043959364,64.51684982843177
0,1,95.65,95.65,1,0,0,0,1,0,1,1,0,0,0,0,0,0,0,0,0,0,1,0,1,0,0,0,0,0,1,0.8505515873530388,81.35525933031816
0,8,74.85,572.45,0,1,0,0,1,0,1,1,0,0,0,0,0,0,0,0,0,0,0,0,0,0,0,1,0,1,0,0.8504751581911231,63.65806559060556
0,6,84.4,556.35,1,1,0,0,1,0,0,1,0,0,0,0,1,0,0,0,0,0,0,0,1,0,0,1,0,1,0,0.8504111679149081,71.77470257201826
1,8,94.45,742.95,1,0,0,0,1,0,0,1,0,0,0,0,0,0,1,0,0,0,1,0,1,0,0,1,1,0,0,0.8504042772835162,80.3206839894281
0,1,80.5,80.5,1,1,0,0,1,0,0,1,0,0,0,0,0,0,0,0,0,0,0,0,1,0,0,0,0,1,0,0.8502534847457943,68.44540552203644
0,1,24.8,24.8,1,0,1,0,0,1,0,0,0,0,0,0,0,0,0,0,0,0,0,0,0,0,0,1,0,1,0,0.8500304266940989,21.080754582013654
0,10,74.75,799.65,1,0,0,0,1,0,1,1,0,0,0,0,0,0,0,0,0,0,0,0,0,0,0,1,0,1,0,0.8498924732825317,63.529462377869244
0,1,84.65,84.65,1,1,0,0,1,0,1,1,0,0,0,0,0,0,0,0,0,0,1,0,0,0,0,1,0,0,1,0.8497267654255752,71.92937069327495
0,9,76.25,684.85,0,1,0,0,1,0,1,1,0,0,0,0,0,0,0,0,0,0,0,0,0,0,0,1,0,1,0,0.8497057784596938,64.79006560755165
0,14,87.25,1258.6,1,0,1,1,1,0,1,1,0,0,0,0,0,0,1,0,0,0,0,0,1,0,0,1,0,1,0,0.8496815202691399,74.13471264348246
1,16,78.75,1218.25,0,1,0,0,1,0,0,1,0,0,0,0,0,0,0,0,0,0,0,0,1,0,0,1,0,1,0,0.8496314529683944,66.90847692126106
0,17,85.45,1451.6,1,0,1,1,1,0,1,1,0,0,0,0,0,0,0,0,0,0,0,0,1,0,0,1,0,1,0,0.84954051430938,72.59323694773653
0,13,80.5,1011.8,0,0,0,0,1,0,0,1,0,0,0,0,0,0,0,0,0,0,0,0,1,0,0,1,0,1,0,0.8494825777747818,68.38334751086992
1,1,80.3,80.3,1,1,1,0,1,0,1,1,0,0,1,0,0,0,0,0,0,0,0,0,0,0,0,1,0,1,0,0.8494679387710126,68.21227548331231
0,8,85.65,659.45,0,1,1,0,1,0,1,1,0,0,0,0,0,0,0,0,0,0,0,0,1,0,0,1,0,0,0,0.849447479688208,72.75517663529502
0,1,79.9,79.9,1,1,0,0,1,0,0,1,0,0,0,0,0,0,0,0,0,0,0,0,1,0,0,0,0,1,0,0.8494189458627244,67.86857377443168
1,11,84.8,906.85,1,0,0,0,1,0,1,1,0,0,0,0,0,0,0,0,0,0,0,0,1,0,0,1,1,0,0,0.8493316184615631,72.02332124554056
0,2,89.55,185.55,1,1,1,1,1,0,0,1,0,0,0,0,0,0,0,0,0,0,1,0,1,0,0,1,0,0,0,0.8490650408190805,76.03377440534865
0,1,79.6,79.6,1,1,0,0,1,0,0,1,0,0,0,0,0,0,0,0,0,0,0,0,1,0,0,0,0,1,0,0.8490002434548076,67.58041937900268
0,5,89.15,413.25,0,1,1,0,1,0,1,1,0,0,1,0,0,0,0,0,0,0,0,0,1,0,0,1,0,1,0,0.8487070794816278,75.66223613578713
0,2,75.8,160.75,1,0,0,0,1,0,0,1,0,0,0,0,0,0,1,0,0,0,0,0,0,0,0,1,0,1,0,0.8486853427347828,64.33034897929653
0,5,81.3,416.3,1,1,1,0,1,0,1,1,0,0,0,0,1,0,0,0,0,0,0,0,0,0,0,1,0,1,0,0.8482603615090041,68.96356739068203
0,14,78.1,1122.4,0,0,1,0,1,0,0,1,0,0,0,0,0,0,0,0,0,0,0,0,1,0,0,1,0,1,0,0.8481379666376377,66.2395751943995
1,24,93.15,2231.05,1,1,1,0,1,0,0,1,0,0,0,0,0,0,1,0,0,0,1,0,1,0,0,1,0,1,0,0.8481183836615723,79.00222743807547
0,10,79.95,857.2,1,1,1,0,1,0,0,1,0,0,0,0,0,0,0,0,0,0,1,0,0,0,0,1,0,1,0,0.8480878278275858,67.80462183481549
1,31,99.95,3186.65,1,0,0,0,1,0,1,1,0,0,0,0,1,0,0,0,0,0,1,0,1,0,0,1,0,1,0,0.848046158566378,84.76221354870948
1,2,74.7,165.4,1,1,0,0,1,0,0,1,0,0,0,0,1,0,0,0,0,0,0,0,0,0,0,1,0,1,0,0.8479351548381621,63.340756066410705
0,1,45.3,45.3,1,1,0,0,0,1,0,0,0,0,0,0,0,0,0,0,0,0,1,0,1,0,0,1,0,0,1,0.8477802106236558,38.40444354125161
0,6,91.0,531.0,1,1,1,0,1,0,0,1,0,0,0,0,1,0,1,0,0,0,0,0,1,0,0,1,0,1,0,0.8476288494974369,77.13422530426676
0,17,92.6,1579.7,0,0,1,0,1,0,1,1,0,0,0,0,0,0,0,0,0,0,1,0,1,0,0,0,0,1,0,0.8475955843746823,78.48735111309557
0,10,86.45,830.85,1,0,0,0,1,0,1,1,0,0,0,0,0,0,0,0,0,0,0,0,1,0,0,0,0,1,0,0.8475740721481998,73.27277853721188
1,20,81.45,1671.6,0,0,0,0,1,0,0,1,0,0,0,0,0,0,0,0,0,0,0,0,1,0,0,1,0,1,0,0.8475408153365003,69.03219940915795
1,37,96.55,3580.3,1,0,0,0,1,0,1,1,0,0,0,0,0,0,0,0,0,0,1,0,1,0,0,1,0,1,0,0.8474628862475403,81.82254166720001
1,17,100.45,1622.45,1,1,1,0,1,0,1,1,0,0,0,0,0,0,1,0,0,0,1,0,1,0,0,1,1,0,0,0.8474521201726665,85.12656547134435
0,10,100.25,1064.65,1,0,1,1,1,0,1,1,0,0,1,0,0,0,0,0,0,0,1,0,1,0,0,1,0,1,0,0.8473719351299376,84.94903649677624
0,13,102.25,1359.0,1,1,1,0,1,0,1,1,0,0,0,0,0,0,1,0,0,0,1,0,1,0,0,1,1,0,0,0.8472144463112244,86.6276771353227
0,10,95.2,930.4,1,1,0,1,1,0,1,1,0,0,0,0,0,0,0,0,0,0,1,0,1,0,0,0,0,1,0,0.8471603488908058,80.64966521440472
1,15,85.6,1345.55,1,1,1,0,1,0,1,1,0,0,0,0,0,0,0,0,0,0,0,0,1,0,0,1,0,0,0,0.8470844053198306,72.5104250953775
1,14,74.95,1036.75,1,1,0,0,1,0,1,1,0,0,0,0,0,0,0,0,0,0,0,0,0,0,0,1,0,1,0,0.8470735401522727,63.488161834412836
0,4,70.15,268.35,1,0,0,0,1,0,0,1,0,0,0,0,0,0,0,0,0,0,0,0,0,0,0,1,0,1,0,0.8469407568512217,59.41289409311321
0,11,76.5,837.95,1,0,0,0,1,0,1,1,0,0,0,0,0,0,0,0,0,0,0,0,0,0,0,1,0,1,0,0.8469250118464824,64.7897634062559
0,2,67.75,116.65,1,1,0,0,1,0,0,1,0,0,0,0,0,0,0,0,0,0,0,0,0,0,0,1,0,1,0,0.8468333850127732,57.37296183461538
1,30,99.7,2967.35,1,0,0,0,1,0,1,1,0,0,0,0,1,0,0,0,0,0,1,0,1,0,0,1,0,1,0,0.8465336146669307,84.399401382293
0,3,95.4,293.15,0,0,0,0,1,0,0,1,0,0,0,0,1,0,0,0,0,0,1,0,1,0,0,0,0,1,0,0.8464452016180392,80.75087223436094
0,5,68.95,351.5,0,0,1,0,1,0,0,1,0,0,0,0,0,0,0,0,0,0,0,0,0,0,0,1,0,1,0,0.846236492013638,58.348006124340344
0,7,100.4,715.0,0,0,0,0,1,0,0,1,0,0,0,0,0,0,1,0,1,0,1,0,1,0,0,1,0,1,0,0.8461158725772047,84.95003360675135
0,1,69.8,69.8,1,0,1,1,1,0,0,1,0,0,0,0,0,0,0,0,0,0,0,0,0,0,0,1,0,1,0,0.8459620832257791,59.04815340915938
1,8,100.15,908.55,0,0,0,0,1,0,1,1,0,0,0,0,0,0,0,0,1,0,1,0,1,0,0,1,1,0,0,0.8458632101055887,84.71320049207472
1,35,100.8,3437.5,0,1,1,0,1,0,1,1,0,0,0,0,0,0,1,0,0,0,1,0,1,0,0,1,0,1,0,0.8458516262592376,85.26184392693115
1,27,85.25,2287.25,1,0,0,0,1,0,1,1,0,0,0,0,0,0,0,0,0,0,0,0,1,0,0,1,0,1,0,0.8456834245400714,72.09451194204108
1,8,69.7,572.85,0,1,0,0,1,0,0,1,0,0,0,0,0,0,0,0,0,0,0,0,0,0,0,1,0,1,0,0.8456460108830812,58.94152695855076
1,8,69.7,560.85,1,1,0,0,1,0,0,1,0,0,0,0,0,0,0,0,0,0,0,0,0,0,0,1,0,1,0,0.8452068171323937,58.91091515412784
1,2,74.85,156.4,1,1,0,0,1,0,1,1,0,0,0,0,0,0,0,0,0,0,0,0,0,0,0,1,0,0,1,0.8451956629977049,63.26289537537821
0,19,86.85,1564.4,0,0,1,0,1,0,1,1,0,0,0,0,0,0,0,0,0,0,1,0,0,0,0,1,0,1,0,0.8451155275399695,73.39828356684635
0,8,94.0,773.65,1,1,0,0,1,0,1,1,0,0,0,0,1,0,1,0,0,0,1,0,0,0,0,1,0,1,0,0.8451018963037226,79.43957825254992
0,26,98.35,2515.3,1,1,0,0,1,0,1,1,0,0,0,0,0,0,1,0,0,0,1,0,1,0,0,1,0,1,0,0.8450727856860399,83.11290847222202
0,13,80.85,1008.7,1,1,0,0,1,0,0,1,0,0,0,0,0,0,0,0,0,0,0,0,1,0,0,1,0,1,0,0.8449819440333842,68.31679017509911
0,1,35.0,35.0,0,0,1,0,0,1,0,0,0,0,0,0,0,0,0,0,0,0,0,0,1,0,0,0,0,1,0,0.8448767841118723,29.57068744391553
0,14,84.8,1203.9,0,0,1,1,1,0,1,1,0,0,0,0,0,0,0,0,0,0,1,0,0,0,0,1,0,1,0,0.8447764112214599,71.6370396715798
1,23,94.75,2293.6,1,0,0,0,1,0,0,1,0,0,0,0,1,0,0,0,0,0,1,0,1,0,0,1,0,1,0,0.8446822518467335,80.033643362478
0,5,78.75,412.1,1,1,1,0,1,0,1,1,0,0,0,0,1,0,0,0,0,0,0,0,0,0,0,1,0,1,0,0.8445876116012946,66.51127441360195
0,18,85.2,1553.9,1,0,0,0,1,0,1,1,0,0,0,0,0,0,0,0,0,0,1,0,0,0,0,1,0,1,0,0.8445262326650776,71.95363502306462
0,8,85.2,627.4,1,0,1,0,1,0,1,1,0,0,0,0,0,0,0,0,0,0,0,0,1,0,0,1,1,0,0,0.8445153532594616,71.95270809770614
0,1,76.0,76.0,1,0,0,0,1,0,1,1,0,0,0,0,0,0,0,0,0,0,0,0,0,0,0,0,0,1,0,0.8444478425817825,64.17803603621547
0,9,90.8,809.75,1,0,0,0,1,0,0,1,0,0,0,0,0,0,0,0,0,0,1,0,1,0,0,1,0,0,0,0.8444440491823973,76.67551966576168
1,3,75.05,256.25,1,0,0,0,1,0,1,1,0,0,0,0,0,0,0,0,0,0,0,0,0,0,0,1,1,0,0,0.8441738517010925,63.35524757016699
0,11,74.95,825.7,1,1,1,0,1,0,1,1,0,0,0,0,0,0,0,0,0,0,0,0,0,0,0,1,0,1,0,0.8441698207191657,63.27052806290147
0,2,95.65,167.3,1,1,0,0,1,0,0,1,0,0,0,0,1,0,0,0,0,0,1,0,1,0,0,0,0,1,0,0.8441132122748704,80.73942875409135
0,2,71.65,135.75,0,0,1,1,1,0,0,1,0,0,0,0,0,0,0,0,0,0,0,0,0,0,0,1,0,1,0,0.8440936367374646,60.479309072239346
1,35,101.4,3496.3,1,1,0,0,1,0,1,1,0,0,0,0,0,0,1,0,0,0,1,0,1,0,0,1,0,1,0,0.8440730323268296,85.58900547794053
0,12,84.05,966.55,0,0,0,1,1,0,1,1,0,0,0,0,0,0,0,0,0,0,1,0,0,0,0,1,0,1,0,0.8439764925918355,70.93622420234377
0,22,85.1,1873.7,1,1,1,0,1,0,1,1,0,0,0,0,0,0,0,0,0,0,0,0,1,0,0,1,0,1,0,0.8439257957119797,71.81808521508947
0,15,103.45,1539.8,0,1,1,0,1,0,1,1,0,0,0,0,0,0,1,0,1,0,1,0,1,0,0,1,0,1,0,0.8438522132204601,87.2965114576566
0,7,85.2,602.55,1,1,0,0,1,0,1,1,0,0,0,0,0,0,0,0,0,0,0,0,1,0,0,1,0,0,1,0.8437919201120057,71.89107159354289
1,4,99.8,442.85,1,0,0,0,1,0,0,1,0,0,0,0,1,0,1,0,0,0,1,0,1,0,0,1,1,0,0,0.8434908467872052,84.18038650936307
0,1,23.45,23.45,1,1,1,0,0,1,0,0,0,0,0,0,0,0,0,0,0,0,0,0,0,0,0,1,0,1,0,0.8432355961384005,19.77387472944549
0,32,101.35,3334.9,0,0,0,0,1,0,1,1,0,0,0,0,0,0,1,0,0,0,1,0,1,0,0,1,0,1,0,0.8430619168436525,85.44432527210418
0,1,71.0,71.0,1,1,1,1,1,0,0,1,0,0,0,0,0,0,0,0,0,0,0,0,0,0,0,1,0,1,0,0.8427364749086544,59.83428971851446
0,3,91.85,257.05,1,1,0,1,1,0,1,1,0,0,0,0,0,0,1,0,0,0,0,0,1,0,0,0,0,1,0,0.8427084812304392,77.40277400101583
0,3,91.5,242.95,1,0,1,0,1,0,1,1,0,0,0,0,1,0,0,0,0,0,0,0,1,0,0,1,1,0,0,0.842602837251605,77.09815960852185
0,24,104.65,2542.45,1,1,1,0,1,0,1,1,0,0,0,0,1,0,1,0,0,0,1,0,1,0,0,1,0,1,0,0.8424426323631676,88.1616214768055
1,30,104.1,3121.1,0,0,0,0,1,0,1,1,0,0,0,0,1,0,1,0,0,0,1,0,1,0,0,1,0,1,0,0.8424197879867923,87.69589992942507
0,1,78.8,78.8,1,0,1,0,1,0,0,1,0,0,0,0,0,0,0,0,0,0,1,0,0,0,0,0,0,1,0,0.8421654661514105,66.36263873273114
1,2,72.6,154.3,0,1,0,0,1,0,1,1,0,0,0,0,0,0,0,0,0,0,0,0,0,0,0,1,0,0,1,0.8419653991843025,61.12668798078035
1,18,84.95,1443.65,0,0,0,0,1,0,0,1,0,0,0,0,0,0,1,0,0,0,0,0,1,0,0,1,0,1,0,0.8418989974820071,71.51931983609651
0,5,83.6,404.2,1,0,1,1,1,0,0,1,0,0,0,0,1,0,0,0,0,0,0,0,1,0,0,1,0,1,0,0.8417586379127284,70.3710221295041
1,16,94.45,1511.2,1,0,0,0,1,0,0,1,0,0,0,0,0,0,0,0,1,0,1,0,1,0,0,1,0,1,0,0.8416585463127721,79.49464969924134
0,15,101.25,1457.25,1,0,0,0,1,0,0,1,0,0,0,0,1,0,1,0,0,0,1,0,1,0,0,1,0,1,0,0.8415138479661707,85.20327710657479
0,1,80.85,80.85,1,1,0,0,1,0,0,1,0,0,0,0,0,0,0,0,0,0,0,0,1,0,0,1,0,0,1,0.8414568769168194,68.03178849872484
0,1,70.0,70.0,1,1,1,1,1,0,0,1,0,0,0,0,0,0,0,0,0,0,0,0,0,0,0,1,0,1,0,0.8412865794294775,58.890060560063425
1,4,74.4,306.6,1,1,1,0,1,0,1,1,0,0,0,0,0,0,0,0,0,0,0,0,0,0,0,1,0,0,1,0.8410875948880117,62.57691705966807
0,1,69.65,69.65,1,0,0,1,1,0,0,1,0,0,0,0,0,0,0,0,0,0,0,0,0,0,0,1,0,1,0,0.8409380540302929,58.571335463209905
0,4,70.2,237.95,1,1,0,0,1,0,0,1,0,0,0,0,0,0,0,0,0,0,0,0,0,0,0,1,0,1,0,0.8409346920882708,59.03361538459661
0,1,25.15,25.15,1,1,0,0,0,1,0,0,0,0,0,0,0,0,0,0,0,0,0,0,0,0,0,1,0,1,0,0.8408564625445822,21.147540032996243
1,20,94.1,1782.4,1,0,0,0,1,0,1,1,0,0,0,0,1,0,1,0,0,0,0,0,1,0,0,1,0,1,0,0.8407291619278784,79.11261413741335
0,3,97.9,315.3,1,0,0,0,1,0,0,1,0,0,0,0,1,0,0,0,1,0,1,0,1,0,0,1,0,1,0,0.8403681303661484,82.27203996284594
0,4,93.5,362.2,1,0,0,0,1,0,1,1,0,0,0,0,1,0,0,0,1,0,0,0,1,0,0,1,0,1,0,0.8401310878273749,78.55225671185956
0,24,104.15,2494.65,0,0,0,0,1,0,1,1,0,0,0,0,1,0,1,0,0,0,1,0,1,0,0,1,0,1,0,0.8401072013306184,87.49716501858391
0,34,97.65,3207.55,1,0,1,0,1,0,1,1,0,0,0,0,0,0,0,0,0,0,1,0,1,0,0,1,0,1,0,0.8401023268568794,82.03599221757428
0,1,90.85,90.85,1,1,0,0,1,0,1,1,0,0,0,0,1,0,0,0,0,0,0,0,1,0,0,1,1,0,0,0.8400970397523791,76.32281606150364
1,11,70.2,834.7,0,1,1,0,1,0,0,1,0,0,0,0,0,0,0,0,0,0,0,0,0,0,0,1,0,1,0,0.8400718414845836,58.97304327221777
0,1,24.4,24.4,0,1,0,0,0,1,0,0,0,0,0,0,0,0,0,0,0,0,0,0,0,0,0,1,0,1,0,0.8397595365738529,20.49013269240201
0,25,100.25,2387.75,1,0,0,0,1,0,1,1,0,0,0,0,1,0,0,0,0,0,1,0,1,0,0,1,0,1,0,0.8397537971547256,84.18531816476124
1,4,29.9,118.25,0,1,1,0,0,1,0,0,0,0,0,0,0,0,1,0,0,0,0,0,0,0,0,1,0,1,0,0.8396988022718048,25.10699418792696
0,21,84.1,1737.45,0,1,0,0,1,0,1,1,0,0,0,0,0,0,0,0,0,0,0,0,1,0,0,1,0,1,0,0.839555138058544,70.60658711072354
0,1,24.25,24.25,1,1,0,0,0,1,0,0,0,0,0,0,0,0,0,0,0,0,0,0,0,0,0,1,0,1,0,0.8395394186318439,20.358830901822213
0,15,99.7,1566.75,0,1,0,0,1,0,1,1,0,0,1,0,0,0,0,0,0,0,1,0,1,0,0,1,0,1,0,0.8395295651823338,83.70109764867868
0,1,68.5,68.5,1,1,1,1,1,0,0,1,0,0,0,0,0,0,0,0,0,0,0,0,0,0,0,1,0,1,0,0.8390914255054602,57.477762647124024
1,39,99.75,4036.0,0,0,0,0,1,0,1,1,0,0,0,0,0,0,1,0,0,0,1,0,1,0,0,1,0,1,0,0.8389681398739123,83.68707195242276
1,37,101.1,3744.05,1,1,0,0,1,0,1,1,0,0,0,0,0,0,1,0,0,0,1,0,1,0,0,1,0,1,0,0.838929527973053,84.81577527807565
0,1,71.65,71.65,1,1,0,1,1,0,0,1,0,0,0,0,0,0,0,0,0,0,0,0,0,0,0,1,0,1,0,0.8388098487935388,60.10072566605706
0,1,79.35,79.35,1,0,1,0,1,0,0,1,0,0,0,0,0,0,0,0,0,0,1,0,0,0,0,1,0,0,0,0.838611985749112,66.54386106919203
0,1,79.55,79.55,1,0,0,0,1,0,0,1,0,0,0,0,0,0,0,0,0,0,1,0,0,0,0,0,0,1,0,0.8383750612370272,66.69273612140552
0,4,100.85,399.25,0,0,0,0,1,0,1,1,0,0,0,0,0,0,0,0,1,0,1,0,1,0,0,1,0,0,1,0.837978158759778,84.51009731092361
0,1,74.6,74.6,1,1,1,0,1,0,1,1,0,0,0,0,0,0,0,0,0,0,0,0,0,0,0,1,0,0,0,0.8379086338926024,62.507984088388135
1,16,85.35,1375.15,1,0,1,0,1,0,1,1,0,0,0,0,0,0,0,0,0,0,0,0,1,0,0,1,1,0,0,0.8376522258997018,71.49361748053954
1,37,92.5,3473.4,1,1,1,0,1,0,1,1,0,0,0,0,0,0,0,0,0,0,1,0,1,0,0,1,0,1,0,0.8376281730711584,77.48060600908215
0,3,76.1,257.6,0,0,0,0,1,0,1,1,0,0,0,0,0,0,0,0,0,0,0,0,0,0,0,0,0,1,0,0.8373792765241447,63.724562943487406
0,1,75.7,75.7,1,0,0,0,1,0,0,1,0,0,0,0,1,0,0,0,0,0,0,0,0,0,0,1,0,1,0,0.8371669634379861,63.37353913225555
1,4,80.25,303.7,0,0,0,0,1,0,1,1,0,0,1,0,0,0,0,0,0,0,0,0,0,0,0,1,0,1,0,0.8370616256844126,67.17419546117411
1,35,99.05,3395.8,1,1,0,0,1,0,1,1,0,0,0,0,0,0,1,0,0,0,1,0,1,0,0,1,0,1,0,0.8369557244632737,82.90046450808725
0,3,69.55,200.2,0,0,1,1,1,0,0,1,0,0,0,0,0,0,0,0,0,0,0,0,0,0,0,1,0,1,0,0.8364946117678896,58.17820024845672
0,5,69.75,324.6,1,1,0,0,1,0,0,1,0,0,0,0,0,0,0,0,0,0,0,0,0,0,0,1,0,1,0,0.8364850973101213,58.344835537380966
0,1,35.9,35.9,1,1,0,0,0,1,0,0,0,0,0,0,0,0,0,0,0,0,0,0,1,0,0,0,0,1,0,0.8362710329583911,30.02213008320624
1,3,30.75,82.85,0,0,1,0,0,1,0,0,0,0,0,0,1,0,0,0,0,0,0,0,0,0,0,1,0,1,0,0.8362486554395345,25.71464615476569
0,1,78.05,78.05,1,0,0,0,1,0,0,1,0,0,0,0,0,0,0,0,0,0,1,0,0,0,0,0,0,1,0,0.8361474812738625,65.26131091342496
0,5,69.7,316.9,1,1,0,0,1,0,0,1,0,0,0,0,0,0,0,0,0,0,0,0,0,0,0,1,0,1,0,0.8361171766543706,58.27736721280963
1,11,104.05,1133.65,1,0,1,0,1,0,1,1,0,0,0,0,0,0,1,0,1,0,1,0,1,0,0,1,0,0,0,0.8357661835092917,86.9614713941418
0,1,74.7,74.7,1,0,0,0,1,0,0,1,0,0,0,0,1,0,0,0,0,0,0,0,0,0,0,1,0,1,0,0.8356757320343643,62.42497718296701
0,1,80.0,80.0,1,1,1,1,1,0,0,1,0,0,0,0,0,0,0,0,0,0,0,0,1,0,0,0,0,1,0,0.8355912244695366,66.84729795756293
0,34,100.45,3414.65,0,0,1,0,1,0,1,1,0,0,0,0,0,0,1,0,0,0,1,0,1,0,0,1,0,1,0,0.8355682037891505,83.93282607062018
0,3,75.25,242.0,1,0,0,0,1,0,1,1,0,0,0,0,0,0,0,0,0,0,0,0,0,0,0,0,0,1,0,0.8355469074845263,62.87490478821061
0,1,84.8,84.8,1,1,1,0,1,0,0,1,0,0,0,0,0,0,0,0,1,0,1,0,0,0,0,1,0,1,0,0.8352678381719254,70.83071267697927
1,2,70.75,154.85,1,0,0,0,1,0,0,1,0,0,0,0,0,0,0,0,0,0,0,0,0,0,0,0,0,1,0,0.8351736327515826,59.08853451717447
0,9,88.4,788.6,0,0,0,0,1,0,0,1,0,0,0,0,0,0,0,0,0,0,1,0,1,0,0,1,0,0,1,0.8349955072636892,73.81360284211013
1,31,84.85,2633.4,0,0,1,0,1,0,1,1,0,0,0,0,0,0,0,0,0,0,0,0,1,0,0,1,0,1,0,0.834894128763095,70.8407668255486
0,24,90.35,2238.5,1,1,0,0,1,0,0,1,0,0,0,0,0,0,0,0,0,0,1,0,1,0,0,1,0,1,0,0.8348311453397539,75.42699398144676
0,2,25.05,56.35,1,1,0,0,0,1,0,0,0,0,0,0,0,0,0,0,0,0,0,0,0,0,0,1,0,1,0,0.8347822716305187,20.91129590434449
0,19,89.1,1620.8,0,0,1,0,1,0,1,1,0,0,0,0,1,0,0,0,0,0,0,0,1,0,0,1,0,1,0,0.8345902412757623,74.36199049767042
0,2,86.2,178.7,1,0,0,0,1,0,0,1,0,0,0,0,0,0,1,0,0,0,0,0,1,0,0,1,0,0,1,0.8344439216880073,71.92906604950623
0,2,51.4,96.8,0,0,0,0,0,1,0,0,0,0,0,0,1,0,0,0,0,0,1,0,1,0,0,0,0,1,0,0.8344352441632371,42.889971549990385
1,19,88.2,1775.8,1,1,0,0,1,0,1,1,0,0,0,0,1,0,0,0,0,0,1,0,0,0,0,1,0,1,0,0.8344305953402256,73.59677850900789
0,9,99.3,918.75,0,1,0,0,1,0,1,1,0,0,0,0,1,0,0,0,0,0,1,0,1,0,0,1,1,0,0,0.834364367762545,82.85238171882071
0,6,84.85,523.5,1,1,0,0,1,0,0,1,0,0,0,0,1,0,0,0,0,0,1,0,0,0,0,1,0,1,0,0.8342061382075411,70.78239082690986
1,13,70.15,916.75,1,0,1,0,1,0,0,1,0,0,0,0,0,0,0,0,0,0,0,0,0,0,0,1,0,1,0,0.8339752763974945,58.50336563928424
1,1,70.45,70.45,1,0,1,0,1,0,0,1,0,0,0,0,0,0,0,0,0,0,0,0,0,0,0,1,0,0,1,0.8338866158145487,58.74731208413496
0,10,85.95,858.6,0,0,1,1,1,0,1,1,0,0,0,0,0,0,0,0,0,0,0,0,1,0,0,0,0,1,0,0.8338003930960278,71.6651437866036
0,1,78.65,78.65,1,0,0,1,1,0,0,1,0,0,0,0,0,0,0,0,0,0,0,0,1,0,0,0,0,1,0,0.83372721421757,65.57264539821189
0,9,88.05,801.3,0,1,1,0,1,0,1,1,0,0,1,0,0,0,0,0,0,0,0,0,1,0,0,1,0,1,0,0.8336833621185475,73.40582003453811
0,6,85.35,489.45,1,1,0,0,1,0,0,1,0,0,0,0,1,0,0,0,0,0,1,0,0,0,0,1,0,1,0,0.8336207265954553,71.14952901492211
1,2,70.1,141.65,0,1,1,0,1,0,0,1,0,0,0,0,0,0,0,0,0,0,0,0,0,0,0,0,0,1,0,0.8335419707176536,58.43129214730751
0,1,75.05,75.05,1,0,0,0,1,0,1,1,0,0,0,0,0,0,0,0,0,0,0,0,0,0,0,1,0,0,1,0.8334183926968547,62.548050371898945
0,3,107.95,318.6,0,1,0,0,1,0,0,1,0,0,0,0,1,0,1,0,1,0,1,0,1,0,0,1,0,1,0,0.8333952435941893,89.96501654599274
0,12,81.45,912.0,0,1,0,0,1,0,0,1,0,0,0,0,0,0,0,0,0,0,1,0,0,0,0,1,0,1,0,0.8333799808137098,67.87879943727667
0,5,85.3,424.15,1,1,0,0,1,0,1,1,0,0,0,0,1,0,1,0,0,0,0,0,0,0,0,1,0,1,0,0.8331572601506765,71.0683142908527
1,41,99.8,4259.3,1,1,1,0,1,0,1,1,0,0,0,0,0,0,1,0,0,0,1,0,1,0,0,1,0,1,0,0.8330871087663879,83.14209345488551
1,25,98.5,2514.5,1,0,1,0,1,0,0,1,0,0,0,0,1,0,1,0,0,0,1,0,1,0,0,1,0,1,0,0.8328157572792664,82.03235209200774
1,29,84.3,2357.75,0,1,1,0,1,0,1,1,0,0,0,0,0,0,0,0,0,0,0,0,1,0,0,1,0,1,0,0.8326911006978693,70.19585978883038
0,6,69.1,435.0,0,1,0,0,1,0,0,1,0,0,0,0,0,0,0,0,0,0,0,0,0,0,0,1,0,1,0,0.8325680262843287,57.53045061624711
0,4,25.15,99.95,0,0,1,0,0,1,0,0,0,0,0,0,0,0,0,0,0,0,0,0,0,0,0,1,0,1,0,0.8323607989397623,20.93387409333502
0,8,95.65,778.1,1,0,0,0,1,0,1,1,0,0,0,0,0,0,0,0,0,0,1,0,1,0,0,0,0,0,0,0.8323241433816199,79.61180431445194
0,34,100.05,3480.0,1,1,1,0,1,0,1,1,0,0,0,0,0,0,1,0,0,0,1,0,1,0,0,1,0,1,0,0.8323043542146226,83.27205063917299
0,4,75.35,338.1,1,0,0,0,1,0,1,1,0,0,0,0,0,0,0,0,0,0,0,0,0,0,0,0,0,1,0,0.8321656062565623,62.70367843143197
0,20,85.25,1734.5,1,1,0,0,1,0,1,1,0,0,0,0,0,0,0,0,0,0,1,0,0,0,0,1,0,1,0,0.8321607438875938,70.94170341641737
1,5,79.9,343.95,1,1,1,0,1,0,1,1,0,0,0,0,0,0,1,0,0,0,0,0,0,0,0,1,0,0,0,0.832091793919184,66.48413433414281
0,21,106.1,2249.95,1,1,1,0,1,0,1,1,0,0,0,0,0,0,1,0,1,0,1,0,1,0,0,1,0,1,0,0.8320047661661797,88.27570569023166
0,5,96.55,500.1,0,1,0,0,1,0,1,1,0,0,0,0,1,0,1,0,0,0,0,0,1,0,0,0,0,1,0,0.8317200126009759,80.30256721662423
0,1,60.15,60.15,1,0,0,0,1,0,1,0,0,0,0,0,0,0,0,0,0,0,0,0,1,0,0,1,0,1,0,0.8315487445325055,50.017656983630204
1,1,69.1,69.1,1,1,0,0,1,0,0,1,0,0,0,0,0,0,0,0,0,0,0,0,0,0,0,0,0,1,0,0.8314543846911557,57.45349798215886
0,4,73.9,280.85,1,1,0,0,1,0,0,1,0,0,0,0,0,0,1,0,0,0,0,0,0,0,0,1,0,1,0,0.8313738772957124,61.438529532153154
0,7,69.35,451.1,1,1,1,0,1,0,0,1,0,0,0,0,0,0,0,0,0,0,0,0,0,0,0,1,0,1,0,0.8313372517870825,57.65323841143417
0,20,90.2,1776.55,1,1,1,1,1,0,0,1,0,0,0,0,0,0,0,0,0,0,1,0,1,0,0,1,0,1,0,0.8311035979344933,74.9655445336913
0,12,84.6,1017.35,0,0,0,0,1,0,0,1,0,0,0,0,1,0,0,0,0,0,0,0,1,0,0,1,0,1,0,0.8309514039003125,70.29848876996644
0,1,35.25,35.25,1,1,0,0,0,1,0,0,0,0,0,0,0,0,0,0,0,0,0,0,1,0,0,1,0,0,0,0.8307804562032258,29.28501108116371
1,25,89.7,2187.55,1,0,0,0,1,0,1,1,0,0,0,0,1,0,0,0,0,0,0,0,1,0,0,1,0,1,0,0.8305596482785201,74.50120045058326
0,1,82.3,82.3,1,0,0,0,1,0,0,1,0,0,0,0,1,0,1,0,0,0,0,0,0,0,0,1,0,1,0,0.8303519638902673,68.337966628169
0,30,100.05,3046.15,1,0,1,1,1,0,1,1,0,0,0,0,0,0,1,0,0,0,1,0,1,0,0,1,0,1,0,0.8300419882504851,83.04570092446103
0,1,74.35,74.35,1,1,0,0,1,0,0,1,0,0,0,0,1,0,0,0,0,0,0,0,0,0,0,1,0,1,0,0.8299059383418103,61.703506515713585
0,4,86.05,308.1,0,1,0,0,1,0,0,1,0,0,0,0,0,0,1,0,0,0,0,0,1,0,0,0,0,1,0,0.8293474411908643,71.36534731447388
0,15,88.15,1390.6,1,0,1,0,1,0,0,1,0,0,0,0,0,0,0,0,0,0,1,0,1,0,0,0,0,1,0,0.8293192756014953,73.10449414427181
0,7,69.55,521.35,0,1,0,0,1,0,0,1,0,0,0,0,0,0,0,0,0,0,0,0,0,0,0,1,0,1,0,0.8292776465718319,57.676260319070906
0,18,99.4,1742.95,1,1,1,0,1,0,1,1,0,0,1,0,0,0,0,0,0,0,1,0,1,0,0,1,0,1,0,0.8292270701804652,82.42517077593824
1,1,70.6,70.6,0,0,0,0,1,0,0,1,0,0,0,0,0,0,0,0,0,0,0,0,0,0,0,1,0,0,1,0.829012551013141,58.52828610152775
1,18,48.35,810.7,1,0,1,0,0,1,0,0,0,0,0,0,0,0,1,0,0,0,1,0,1,0,0,1,0,1,0,0.829001533225445,40.08222413145027
0,4,80.85,302.75,1,0,1,1,1,0,0,1,0,0,0,0,0,0,0,0,0,0,0,0,1,0,0,0,0,1,0,0.8288738535831899,67.01445106220089
1,15,89.85,1424.95,1,0,0,0,1,0,1,1,0,0,0,0,1,0,0,0,0,0,0,0,1,0,0,0,0,1,0,0.8288270195814091,74.47010770938961
0,1,85.8,85.8,1,0,0,0,1,0,1,1,0,0,0,0,0,0,0,0,0,0,0,0,1,0,0,0,0,0,1,0.8286623186592121,71.09922694096039
1,42,95.05,3944.5,0,0,1,0,1,0,1,1,0,0,0,0,0,0,0,0,0,0,1,0,1,0,0,1,0,1,0,0.8285532659218392,78.75398792587082
0,8,101.15,842.9,1,0,1,0,1,0,0,1,0,0,0,0,1,0,1,0,0,0,1,0,1,0,0,0,0,1,0,0.8285525736989072,83.80809282964447
1,32,100.4,3217.65,0,0,1,1,1,0,1,1,0,0,0,0,1,0,0,0,0,0,1,0,1,0,0,1,0,1,0,0.8285062933125743,83.18203184858247
1,14,78.95,1101.85,1,0,0,0,1,0,1,1,0,0,0,0,1,0,0,0,0,0,0,0,0,0,0,1,0,1,0,0.8284273811739007,65.40434174367947
1,2,70.2,115.95,1,0,0,0,1,0,0,1,0,0,0,0,0,0,0,0,0,0,0,0,0,0,0,1,0,0,0,0.8282854911968194,58.14564148201672
0,19,83.65,1465.75,1,1,1,1,1,0,1,1,0,0,0,0,0,0,0,0,0,0,0,0,1,0,0,1,0,1,0,0.8282761689939213,69.28530153634152
0,2,74.9,136.05,0,0,0,0,1,0,1,1,0,0,0,0,0,0,0,0,0,0,0,0,0,0,0,1,0,0,1,0.8282333243129045,62.03467599103655
0,3,74.5,217.45,0,1,0,0,1,0,1,1,0,0,0,0,0,0,0,0,0,0,0,0,0,0,0,0,0,1,0,0.8282105248155566,61.70168409875897
0,5,75.55,413.65,1,0,0,0,1,0,1,1,0,0,0,0,0,0,0,0,0,0,0,0,0,0,0,0,0,1,0,0.8280618243026945,62.56007082606857
1,7,74.4,527.9,1,1,1,0,1,0,1,1,0,0,0,0,0,0,0,0,0,0,0,0,0,0,0,1,0,0,1,0.8279503630089701,61.59950700786738
0,5,75.6,402.5,0,0,0,0,1,0,1,1,0,0,0,0,0,0,0,0,0,0,0,0,0,0,0,0,0,1,0,0.8276925012248983,62.57355309260231
0,2,79.0,143.65,1,1,0,0,1,0,0,1,0,0,0,0,0,0,0,0,0,0,1,0,0,0,0,0,0,1,0,0.8275399332550878,65.37565472715194
1,1,69.5,69.5,1,1,0,0,1,0,0,1,0,0,0,0,0,0,0,0,0,0,0,0,0,0,0,1,0,0,0,0.8274758193536021,57.50956944507535
0,36,95.4,3474.2,0,1,1,0,1,0,1,1,0,0,0,0,0,0,0,0,0,0,1,0,1,0,0,1,0,1,0,0.8274105819230522,78.93496951545919
1,26,98.1,2510.7,0,0,1,0,1,0,1,1,0,0,0,0,0,0,1,0,0,0,1,0,1,0,0,1,0,0,0,0.827307930201218,81.15890795273948
0,35,100.25,3527.6,1,0,0,0,1,0,1,1,0,0,0,0,0,0,1,0,0,0,1,0,1,0,0,1,0,1,0,0.8272591521760132,82.93273000564533
0,28,105.7,2979.5,1,1,0,0,1,0,1,1,0,0,0,0,1,0,1,0,0,0,1,0,1,0,0,1,0,1,0,0.8269434440411663,87.40792203515127
0,1,74.25,74.25,1,1,0,0,1,0,1,1,0,0,0,0,0,0,0,0,0,0,0,0,0,0,0,1,0,0,1,0.8268847333439331,61.39619145078703
1,4,50.95,207.35,0,1,0,0,0,1,0,0,0,0,0,0,1,0,0,0,0,0,1,0,1,0,0,1,1,0,0,0.8268512505345602,42.12807121473585
0,4,90.4,356.65,0,1,0,0,1,0,0,1,0,0,0,0,0,0,1,0,1,0,0,0,1,0,0,1,0,1,0,0.8266445220280063,74.72866479133178
0,30,100.2,2983.8,1,0,0,0,1,0,1,1,0,0,0,0,1,0,0,0,0,0,1,0,1,0,0,1,0,1,0,0.8264798459654811,82.81328056574121
0,3,75.15,216.75,1,0,1,0,1,0,1,1,0,0,0,0,0,0,0,0,0,0,0,0,0,0,0,1,1,0,0,0.8262571960601677,62.093228283921604
0,3,74.75,229.5,1,0,1,0,1,0,1,1,0,0,0,0,0,0,0,0,0,0,0,0,0,0,0,1,1,0,0,0.8261600167160319,61.755461249523385
0,5,80.15,385.0,1,1,1,1,1,0,1,1,0,0,0,0,1,0,0,0,0,0,0,0,0,0,0,1,0,1,0,0.826104886779561,66.21230667538181
0,7,75.15,525.0,0,0,0,0,1,0,0,1,0,0,0,0,0,0,1,0,0,0,0,0,0,0,0,1,0,1,0,0.825997213722444,62.073690611241666
0,2,74.75,144.8,0,1,0,0,1,0,0,1,0,0,0,0,1,0,0,0,0,0,0,0,0,0,0,1,0,1,0,0.8258585177583226,61.73292420243462
0,37,99.5,3762.0,1,0,1,0,1,0,1,1,0,0,0,0,0,0,1,0,0,0,1,0,1,0,0,1,0,1,0,0.8257294254534064,82.16007783261394
0,14,50.75,712.75,1,1,0,0,0,1,0,0,0,0,0,0,0,0,1,0,0,0,1,0,1,0,0,1,0,1,0,0.8256941472078143,41.903977970796575
0,4,24.45,86.6,1,0,0,0,0,1,0,0,0,0,0,0,0,0,0,0,0,0,0,0,0,0,0,1,0,1,0,0.8256149938419798,20.186286599436404
0,1,29.85,29.85,0,0,1,0,0,1,0,0,0,0,0,0,1,0,0,0,0,0,0,0,0,0,0,1,0,1,0,0.8255253496819127,24.641931688005094
0,3,79.25,267.6,1,1,0,0,1,0,0,1,0,0,0,0,0,0,0,0,0,0,1,0,0,0,0,0,0,1,0,0.8253865348239967,65.41188288480174
0,1,81.7,81.7,1,1,0,0,1,0,1,1,0,0,1,0,0,0,0,0,0,0,0,0,0,0,0,1,0,1,0,0.8252850641411991,67.42578974033597
1,3,36.45,93.7,1,1,1,0,0,1,0,0,0,0,0,0,0,0,0,0,0,0,1,0,0,0,0,1,0,0,1,0.8252242166567366,30.079422697138053
0,14,86.3,1180.95,1,0,0,0,1,0,0,1,0,0,0,0,1,0,0,0,0,0,0,0,1,0,0,1,0,1,0,0.8251287007563859,71.2086068752761
1,5,84.85,415.55,1,0,0,0,1,0,0,1,0,0,0,0,0,0,1,0,0,0,1,0,0,0,0,1,0,0,1,0.8251061671040604,70.01025827877952
0,3,74.1,228.0,1,0,1,0,1,0,1,1,0,0,0,0,0,0,0,0,0,0,0,0,0,0,0,1,1,0,0,0.8251058405410788,61.14034278409394
1,2,83.8,163.7,0,0,0,0,1,0,0,1,0,0,0,0,1,0,0,0,0,0,1,0,0,0,0,1,0,0,0,0.8250693986353637,69.14081560564347
1,26,93.85,2381.55,1,0,1,0,1,0,1,1,0,0,0,0,1,0,1,0,0,0,0,0,1,0,0,1,0,1,0,0.8250472841856349,77.43068762082183
1,1,75.3,75.3,1,0,0,0,1,0,0,1,0,0,0,0,0,0,1,0,0,0,0,0,0,0,0,1,0,0,0,0.8245627917015604,62.089578215127496
0,15,84.3,1308.4,1,0,1,0,1,0,0,1,0,0,0,0,0,0,1,0,0,0,1,0,0,0,0,1,0,1,0,0.8244563670032149,69.50167173837102
1,39,105.65,4284.8,1,1,1,0,1,0,1,1,0,0,0,0,1,0,1,0,0,0,1,0,1,0,0,1,0,1,0,0.8243435697219476,87.09189814112376
1,30,101.5,2917.65,0,1,1,0,1,0,1,1,0,0,0,0,0,0,0,0,1,0,1,0,1,0,0,1,0,1,0,0.8241054508599467,83.64670326228459
0,6,83.9,497.55,1,0,0,0,1,0,0,1,0,0,0,0,0,0,1,0,0,0,0,0,1,0,0,0,0,1,0,0.824058931085239,69.13854431805156
0,2,79.65,152.7,1,0,0,0,1,0,0,1,0,0,0,0,0,0,0,0,0,0,1,0,0,0,0,1,0,0,1,0.8240534309971158,65.63585577892027
0,11,74.35,834.2,1,1,1,1,1,0,1,1,0,0,0,0,0,0,0,0,0,0,0,0,0,0,0,1,0,1,0,0.8240196564224598,61.26586145500988
1,29,99.05,2952.85,1,0,1,0,1,0,1,1,0,0,0,0,0,0,1,0,0,0,1,0,1,0,0,1,0,0,0,0.8239636229881346,81.61359685697474
1,28,103.3,2890.65,1,0,0,0,1,0,1,1,0,0,0,0,0,0,1,0,1,0,1,0,1,0,0,1,0,1,0,0.8235855999009697,85.07639246977017
0,14,80.45,1072.0,1,0,0,0,1,0,1,1,0,0,0,0,0,0,1,0,0,0,0,0,0,0,0,1,0,1,0,0.8234529453400948,66.24678945261063
0,37,100.05,3810.55,0,0,0,0,1,0,1,1,0,0,0,0,0,0,1,0,0,0,1,0,1,0,0,1,0,1,0,0.8232726514928237,82.368428781857
0,4,73.75,325.45,1,0,1,1,1,0,0,1,0,0,0,0,0,0,1,0,0,0,0,0,0,0,0,1,0,1,0,0.8232552887367245,60.71507754433343
0,25,84.8,2043.45,1,1,0,0,1,0,1,1,0,0,0,0,0,0,0,0,0,0,0,0,1,0,0,1,0,1,0,0.8232495686941502,69.81156342526394
0,1,79.55,79.55,1,0,0,0,1,0,1,1,0,0,0,0,0,0,1,0,0,0,0,0,0,0,0,1,0,0,1,0.8231719998598311,65.48333258884956
0,3,75.1,270.7,1,0,0,0,1,0,1,1,0,0,0,0,0,0,0,0,0,0,0,0,0,0,0,1,1,0,0,0.8230998646448682,61.81479983482959
0,7,95.0,655.5,1,1,0,0,1,0,1,1,0,0,0,0,0,0,0,0,0,0,1,0,1,0,0,0,0,0,1,0.8230137632349275,78.1863075073181
1,41,98.4,4187.75,1,1,0,0,1,0,1,1,0,0,0,0,0,0,1,0,0,0,1,0,1,0,0,1,0,1,0,0.8229325968581105,80.97656753083808
0,26,83.95,2254.2,1,1,0,0,1,0,1,1,0,0,0,0,0,0,0,0,0,0,0,0,1,0,0,1,0,1,0,0.8229021507870933,69.08263555857648
1,5,70.05,302.6,0,0,1,0,1,0,0,1,0,0,0,0,0,0,0,0,0,0,0,0,0,0,0,0,0,1,0,0.822876472388445,57.64249689081057
1,1,25.25,25.25,1,0,0,0,0,1,0,0,0,0,0,0,0,0,0,0,0,0,0,0,0,0,0,0,0,1,0,0.8228704875132352,20.777479809709188
1,32,85.0,2642.05,1,1,1,0,1,0,1,1,0,0,0,0,0,0,0,0,0,0,0,0,1,0,0,1,0,1,0,0.8226967583410929,69.92922445899289
0,16,75.4,1189.4,0,1,1,0,1,0,1,1,0,0,0,0,0,0,0,0,0,0,0,0,0,0,0,1,0,1,0,0.8226356042072113,62.02672455722374
0,11,90.6,1020.2,0,1,1,1,1,0,0,1,0,0,0,0,0,0,0,0,0,0,1,0,1,0,0,0,0,1,0,0.822478166721341,74.51652190495349
0,12,76.6,893.0,0,0,0,1,1,0,1,1,0,0,0,0,0,0,0,0,0,0,0,0,0,0,0,1,0,1,0,0.8224457279921887,62.99934276420165
1,1,25.05,25.05,1,1,1,0,0,1,0,0,0,0,0,0,0,0,0,0,0,0,0,0,0,0,0,0,0,1,0,0.8223763232406002,20.600526897177033
0,21,103.9,2254.2,1,0,1,0,1,0,1,1,0,0,1,0,0,0,1,0,0,0,1,0,1,0,0,1,0,1,0,0.8220784197038282,85.41394780722776
1,15,80.2,1217.25,1,1,0,0,1,0,1,1,0,0,0,0,1,0,0,0,0,0,0,0,0,0,0,1,0,1,0,0.8220222781777332,65.9261867098542
0,5,80.2,384.25,0,0,0,0,1,0,0,1,0,0,0,0,0,0,0,0,0,0,1,0,0,0,0,0,0,1,0,0.8218439824041028,65.91188738880905
0,10,70.3,738.2,1,1,1,0,1,0,0,1,0,0,0,0,0,0,0,0,0,0,0,0,0,0,0,1,0,1,0,0.8217836085875699,57.771387683706166
0,22,84.75,1816.75,0,0,0,1,1,0,1,1,0,0,0,0,0,0,0,0,0,0,0,0,1,0,0,1,0,1,0,0.8216401482137045,69.63400256111146
1,13,45.3,528.45,0,0,1,0,0,1,0,0,0,0,0,0,0,0,0,0,0,0,1,0,1,0,0,0,0,1,0,0.8214269086167766,37.21063896033998
1,8,74.5,606.55,1,1,0,0,1,0,0,1,0,0,0,0,1,0,0,0,0,0,0,0,0,0,0,1,0,1,0,0.8213648884845846,61.19168419210155
0,10,86.05,834.1,1,1,0,0,1,0,1,1,0,0,0,0,0,0,0,0,0,0,1,0,0,0,0,1,0,0,0,0.8212117396501506,70.66527019689546
0,1,25.3,25.3,1,1,0,1,0,1,0,0,0,0,0,0,0,0,0,0,0,0,0,0,0,0,0,1,0,1,0,0.821196566917449,20.776273143011462
0,20,88.7,1761.45,1,1,0,0,1,0,1,1,0,0,0,0,0,0,1,0,0,0,1,0,0,0,0,1,0,1,0,0.8211404817210312,72.83516072865547
0,1,74.7,74.7,1,0,1,1,1,0,0,1,0,0,0,0,1,0,0,0,0,0,0,0,0,0,0,1,0,1,0,0.8206918197863782,61.305678938042455
0,6,89.25,487.05,0,0,0,0,1,0,0,1,0,0,0,0,0,0,1,0,1,0,0,0,1,0,0,1,0,1,0,0.8204199171957272,73.22247760971865
0,1,24.7,24.7,0,1,0,1,0,1,0,0,0,0,0,0,0,0,0,0,0,0,0,0,0,0,0,1,0,1,0,0.8202343306898565,20.259787968039454
1,1,40.2,40.2,1,1,1,0,0,1,0,0,0,0,0,0,1,0,0,0,0,0,1,0,0,0,0,0,0,1,0,0.8201573610701409,32.970325915019664
0,30,85.0,2624.25,1,0,1,0,1,0,1,1,0,0,0,0,0,0,0,0,0,0,0,0,1,0,0,1,0,1,0,0.8198643690760623,69.6884713714653
1,27,95.55,2510.2,1,1,1,0,1,0,1,1,0,0,0,0,1,0,1,0,0,0,0,0,1,0,0,1,0,1,0,0.819801176504335,78.3320024149892
1,23,86.8,1975.85,0,1,1,0,1,0,1,1,0,0,0,0,0,0,0,0,0,0,0,0,1,0,0,0,0,1,0,0.8197420101372395,71.15360647991238
0,5,24.95,100.4,1,1,1,0,0,1,0,0,0,0,0,0,0,0,0,0,0,0,0,0,0,0,0,1,0,1,0,0.8191274189766378,20.43722910346711
1,28,110.85,3204.4,0,0,1,0,1,0,1,1,0,0,0,0,1,0,1,0,1,0,1,0,1,0,0,1,0,1,0,0.819009941234814,90.78725198587912
0,7,74.9,490.55,0,1,0,0,1,0,0,1,0,0,0,0,0,0,1,0,0,0,0,0,0,0,0,1,0,1,0,0.8187042918839189,61.32095146210553
1,10,84.6,865.55,1,0,0,0,1,0,0,1,0,0,0,0,0,0,1,0,0,0,0,0,1,0,0,1,1,0,0,0.8186674437740191,69.25926574328201
0,9,70.5,597.9,0,1,0,0,1,0,0,1,0,0,0,0,0,0,0,0,0,0,0,0,0,0,0,1,0,1,0,0.8186571794261434,57.715331149543104
1,13,74.3,940.35,1,0,0,0,1,0,0,1,0,0,0,0,0,0,1,0,0,0,0,0,0,0,0,1,0,1,0,0.8186488816331869,60.82561190534579
1,20,90.8,1951.0,1,0,1,0,1,0,1,1,0,0,0,0,0,0,1,0,0,0,1,0,0,0,0,0,0,1,0,0.8184840848972549,74.31835490867074
0,10,70.1,659.65,1,1,1,0,1,0,0,1,0,0,0,0,0,0,0,0,0,0,0,0,0,0,0,1,0,1,0,0.8182231724241116,57.35744438693022
0,10,99.85,990.9,1,1,1,0,1,0,0,1,0,0,0,0,1,0,0,0,1,0,1,0,1,0,0,1,0,1,0,0.8180210885991657,81.67940569662669
0,7,69.0,506.9,1,0,1,1,1,0,0,1,0,0,0,0,0,0,0,0,0,0,0,0,0,0,0,1,0,1,0,0.8180058688894424,56.44240495337152
1,19,79.85,1471.75,1,1,0,0,1,0,1,1,0,0,0,0,0,0,1,0,0,0,0,0,0,0,0,1,0,1,0,0.8179716586888837,65.31503694630736
0,1,71.35,71.35,1,0,0,0,1,0,0,1,0,0,0,0,0,0,0,0,0,0,0,0,0,0,0,0,0,1,0,0.8177851887884061,58.34897322005277
0,13,88.35,1222.8,1,0,1,1,1,0,0,1,0,0,0,0,0,0,0,0,0,0,1,0,1,0,0,0,0,1,0,0.8174152457398413,72.21863696111497
0,11,86.2,893.2,0,1,0,1,1,0,1,1,0,0,0,0,0,0,0,0,0,0,0,0,1,0,0,0,0,1,0,0.8173843539719419,70.4585313123814
1,20,85.8,1727.5,1,0,0,0,1,0,1,1,0,0,0,0,0,0,0,0,0,0,0,0,1,0,0,1,1,0,0,0.8173313682691747,70.12703139749519
0,13,83.2,1060.6,1,1,0,0,1,0,0,1,0,0,0,0,0,0,1,0,0,0,1,0,0,0,0,1,0,1,0,0.8170492360661624,67.97849644070472
1,11,82.9,880.05,0,0,1,0,1,0,0,1,0,0,0,0,0,0,0,0,1,0,1,0,0,0,0,1,0,1,0,0.8170470235347255,67.73319825102875
0,1,85.55,85.55,1,0,0,0,1,0,0,1,0,0,0,0,0,0,1,0,0,0,1,0,0,0,0,1,1,0,0,0.8169859722339002,69.89314992461016
0,33,100.0,3320.6,0,0,0,0,1,0,1,1,0,0,0,0,1,0,0,0,0,0,1,0,1,0,0,1,0,1,0,0.8169671667541362,81.69671667541361
1,4,69.35,261.65,0,1,0,0,1,0,0,1,0,0,0,0,0,0,0,0,0,0,0,0,0,0,0,0,0,1,0,0.8168874519342835,56.65114479164255
0,4,77.85,299.2,1,1,0,0,1,0,0,1,0,0,0,0,0,0,0,0,0,0,1,0,0,0,0,0,0,1,0,0.8168090811832649,63.58858697011717
1,3,73.85,196.4,0,0,0,0,1,0,0,1,0,0,0,0,0,0,1,0,0,0,0,0,0,0,0,0,0,1,0,0.8166494554746391,60.30956228680209
0,2,73.25,131.05,1,1,0,0,1,0,1,1,0,0,0,0,0,0,0,0,0,0,0,0,0,0,0,1,1,0,0,0.816602365831529,59.8161232971595
0,4,82.85,319.6,0,0,0,0,1,0,0,1,0,0,0,0,0,0,1,0,0,0,0,0,1,0,0,1,1,0,0,0.8165967878777066,67.65504387566799
1,20,89.95,1648.45,0,1,0,0,1,0,0,1,0,0,0,0,0,0,0,0,0,0,1,0,1,0,0,0,0,1,0,0.8165108300140574,73.44514915976447
0,15,101.35,1553.95,1,1,0,0,1,0,0,1,0,0,0,0,0,0,1,0,1,0,1,0,1,0,0,1,0,1,0,0.8165001978532593,82.75229505242783
0,1,70.5,70.5,1,0,0,0,1,0,0,1,0,0,0,0,0,0,0,0,0,0,0,0,0,0,0,0,0,1,0,0.8164006183735172,57.55624359533296
0,16,86.25,1340.1,0,0,0,0,1,0,0,1,0,0,0,0,1,0,0,0,0,0,0,0,1,0,0,1,0,1,0,0.8161928093155607,70.3966298034671
1,23,95.1,2326.05,0,0,1,0,1,0,0,1,0,0,1,0,0,0,0,0,0,0,1,0,1,0,0,1,0,1,0,0.8161690668297233,77.61767825550669
0,6,69.8,377.85,0,1,1,1,1,0,0,1,0,0,0,0,0,0,0,0,0,0,0,0,0,0,0,1,0,1,0,0.816079476769041,56.96234747847906
0,5,75.9,357.75,1,1,0,0,1,0,1,1,0,0,0,0,0,0,0,0,0,0,0,0,0,0,0,1,0,0,0,0.8160637257036051,61.93923678090363
1,36,96.5,3436.1,1,1,1,0,1,0,1,1,0,0,0,0,1,0,0,0,0,0,1,0,1,0,0,1,0,1,0,0.815997059481385,78.74371623995366
0,10,70.0,740.0,1,1,0,0,1,0,0,1,0,0,0,0,0,0,0,0,0,0,0,0,0,0,0,1,0,1,0,0.8159852553122882,57.11896787186017
1,38,102.6,4009.2,0,1,1,0,1,0,1,1,0,0,0,0,1,0,1,0,0,0,1,0,1,0,0,1,0,1,0,0.81590800378681,83.71216118852671
0,4,72.2,305.55,1,1,0,0,1,0,1,1,0,0,0,0,0,0,0,0,0,0,0,0,0,0,0,1,0,0,0,0.815834467362086,58.90324854354261
0,1,70.1,70.1,0,0,0,0,1,0,0,1,0,0,0,0,0,0,0,0,0,0,0,0,0,0,0,0,0,1,0,0.8157462396561829,57.18381139989842
0,26,90.8,2361.8,1,0,1,1,1,0,0,1,0,0,0,0,0,0,0,0,0,0,1,0,1,0,0,1,0,1,0,0.8156381834326829,74.0599470556876
1,16,85.05,1391.15,0,1,1,0,1,0,1,1,0,0,0,0,0,0,0,0,0,0,1,0,0,0,0,1,1,0,0,0.8156067383973763,69.36735310069685
0,25,89.1,2368.4,1,0,1,1,1,0,1,1,0,0,0,0,0,0,1,0,0,0,0,0,1,0,0,1,0,1,0,0.8155295063544372,72.66367901618035
0,1,70.0,70.0,1,1,1,0,1,0,0,1,0,0,0,0,0,0,0,0,0,0,0,0,0,0,0,0,0,1,0,0.8154007767632445,57.078054373427115
0,4,80.15,319.85,0,0,0,0,1,0,1,1,0,0,1,0,0,0,0,0,0,0,0,0,0,0,0,1,0,1,0,0.8150680279946336,65.3277024437699
0,33,104.4,3409.6,1,0,1,0,1,0,1,1,0,0,0,0,1,0,1,0,0,0,1,0,1,0,0,1,0,1,0,0.815008852677675,85.08692421954927
0,10,80.25,846.0,1,0,0,0,1,0,0,1,0,0,0,0,0,0,0,0,0,0,0,0,1,0,0,1,0,0,0,0.8148759046417261,65.39379134749852
1,28,105.8,2998.0,0,1,1,0,1,0,1,1,0,0,0,0,1,0,0,0,1,0,1,0,1,0,0,1,0,1,0,0.8148302971106958,86.2090454343116
0,28,104.8,3046.05,1,0,1,0,1,0,1,1,0,0,0,0,0,0,1,0,1,0,1,0,1,0,0,1,0,1,0,0.8145720362114723,85.3671493949623
0,3,84.3,235.05,0,1,0,0,1,0,0,1,0,0,0,0,1,0,0,0,0,0,0,0,1,0,0,0,0,1,0,0.8145453720349771,68.66617486254857
1,29,95.9,2745.2,1,1,1,0,1,0,1,1,0,0,0,0,1,0,1,0,0,0,0,0,1,0,0,1,0,1,0,0.8145372419946599,78.11412150728789
0,9,85.35,754.65,1,0,1,1,1,0,1,1,0,0,0,0,0,0,0,0,0,0,1,0,0,0,0,1,0,0,0,0.8145036887387181,69.5178898338496
0,7,71.05,472.65,0,0,0,1,1,0,0,1,0,0,0,0,0,0,0,0,0,0,0,0,0,0,0,1,0,1,0,0.8143694036700155,57.8609461307546
1,2,24.35,41.85,1,0,0,0,0,1,0,0,0,0,0,0,0,0,0,0,0,0,0,0,0,0,0,0,0,1,0,0.814364905632314,19.829785452146847
0,7,89.35,631.85,1,1,0,0,1,0,1,1,0,0,0,0,0,0,1,0,0,0,1,0,0,0,0,1,1,0,0,0.814133192970323,72.74280079189836
1,46,101.0,4680.05,1,1,1,0,1,0,1,1,0,0,0,0,0,0,1,0,0,0,1,0,1,0,0,1,0,1,0,0.8140173874930251,82.21575613679553
1,32,104.9,3351.55,1,1,1,0,1,0,1,1,0,0,0,0,0,0,1,0,1,0,1,0,1,0,0,1,0,1,0,0.813992409912345,85.387803799805
0,18,90.1,1612.75,1,0,0,0,1,0,1,1,0,0,0,0,0,0,0,0,1,0,0,0,1,0,0,1,0,1,0,0.8139077030177284,73.33308404189732
0,1,80.05,80.05,1,0,1,1,1,0,0,1,0,0,0,0,0,0,0,0,0,0,1,0,0,0,0,1,0,0,1,0.8138134909176095,65.14576994795463
1,11,89.7,1047.7,1,0,0,0,1,0,0,1,0,0,0,0,0,0,0,0,0,0,1,0,1,0,0,0,0,0,0,0.8137337796313767,72.99192003293449
0,4,40.05,162.45,0,1,0,0,0,1,0,0,0,0,0,0,0,0,0,0,1,0,0,0,1,0,0,1,0,1,0,0.8137148157429347,32.58927837050453
0,8,83.55,680.05,1,0,1,1,1,0,0,1,0,0,0,0,1,0,0,0,0,0,1,0,0,0,0,1,0,1,0,0.8135544352354096,67.97247306391847
0,1,68.65,68.65,1,0,0,0,1,0,0,1,0,0,0,0,0,0,0,0,0,0,0,0,0,0,0,0,0,1,0,0.8133589849329306,55.837094315645686
1,22,89.75,1938.9,0,1,1,0,1,0,0,1,0,0,0,0,0,0,0,0,0,0,1,0,1,0,0,1,0,0,0,0.8132500667668364,72.98919349232357
1,15,96.5,1392.25,0,1,1,0,1,0,1,1,0,0,1,0,0,0,1,0,0,0,1,0,0,0,0,1,0,1,0,0.8131814827828331,78.47201308854339
1,1,25.8,25.8,1,0,0,0,0,1,0,0,0,0,0,0,0,0,0,0,0,0,0,0,0,0,0,1,0,0,1,0.8131508569519088,20.979292109359246
0,13,35.1,446.1,1,0,0,0,0,1,0,0,0,0,0,0,0,0,0,0,0,0,0,0,1,0,0,1,0,1,0,0.8130968137325303,28.539698162011813
1,16,91.55,1540.05,0,1,1,0,1,0,0,1,0,0,0,0,0,0,1,0,1,0,0,0,1,0,0,1,0,1,0,0.8130860865143761,74.43803122039112
1,11,79.15,827.7,0,1,0,0,1,0,0,1,0,0,0,0,0,0,0,0,0,0,0,0,1,0,0,1,1,0,0,0.813053175146914,64.35315881287825
0,14,89.8,1129.1,1,0,0,0,1,0,0,1,0,0,0,0,0,0,0,0,0,0,1,0,1,0,0,1,0,0,1,0.8130215709333818,73.00933706981768
1,1,25.7,25.7,1,0,0,0,0,1,0,0,0,0,0,0,0,0,0,0,0,0,0,0,0,0,0,1,0,0,1,0.8129852012889153,20.893719673125123
0,7,75.1,552.95,1,0,0,0,1,0,1,1,0,0,0,0,0,0,0,0,0,0,0,0,0,0,0,1,0,0,0,0.8128951201062651,61.0484235199805
1,47,100.05,4871.05,1,1,1,0,1,0,1,1,0,0,0,0,0,0,1,0,0,0,1,0,1,0,0,1,0,1,0,0.8126541917123771,81.30605188082332
1,26,78.8,2006.1,0,0,0,0,1,0,0,1,0,0,0,0,0,0,0,0,0,0,0,0,1,0,0,1,0,1,0,0.8125523796391511,64.02912751556511
1,21,96.8,2030.3,1,1,0,0,1,0,0,1,0,0,0,0,0,0,1,0,0,0,1,0,1,0,0,1,0,0,0,0.8125384472255328,78.65372169143157
0,5,74.65,383.65,0,1,0,0,1,0,0,1,0,0,0,0,1,0,0,0,0,0,0,0,0,0,0,1,0,1,0,0.8123322291525632,60.640600906238845
0,13,97.0,1334.45,0,1,1,1,1,0,0,1,0,0,0,0,0,0,1,0,0,0,1,0,1,0,0,0,0,1,0,0.8120407541184882,78.76795314949335
0,2,79.55,151.75,0,0,0,0,1,0,1,1,0,0,0,0,1,0,0,0,0,0,0,0,0,0,0,0,0,1,0,0.8119286251451948,64.58892213030025
0,29,84.9,2516.2,0,1,0,0,1,0,1,1,0,0,0,0,0,0,0,0,0,0,0,0,1,0,0,1,0,1,0,0.8119070179689821,68.93090582556658
0,1,84.3,84.3,1,0,0,0,1,0,0,1,0,0,0,0,1,0,0,0,0,0,1,0,0,0,0,0,0,1,0,0.8118869713866143,68.44207168789158
0,15,91.0,1430.05,0,1,0,1,1,0,1,1,0,0,0,0,1,0,0,0,0,0,1,0,0,0,0,1,0,1,0,0.8117340935834403,73.86780251609306
0,18,74.15,1345.75,0,0,0,0,1,0,1,1,0,0,0,0,0,0,0,0,0,0,0,0,0,0,0,1,0,1,0,0.8117254370712634,60.189441158834185
0,13,100.75,1313.25,0,1,0,0,1,0,1,1,0,0,0,0,0,0,0,0,1,0,1,0,1,0,0,0,0,1,0,0.8115938953347902,81.76808495498011
0,4,29.65,118.5,1,1,0,0,0,1,0,0,0,0,0,0,0,0,1,0,0,0,0,0,0,0,0,1,0,1,0,0.8115761196371964,24.063231947242873
0,17,104.2,1743.5,1,0,1,1,1,0,1,1,0,0,1,0,0,0,1,0,0,0,1,0,1,0,0,1,0,1,0,0.8112892693257933,84.53634186374767
0,2,70.35,139.25,0,0,0,0,1,0,0,1,0,0,0,0,0,0,0,0,0,0,0,0,0,0,0,0,0,1,0,0.8111388304621252,57.063616723010504
1,25,88.95,2291.2,1,1,0,0,1,0,1,1,0,0,0,0,1,0,0,0,0,0,1,0,0,0,0,1,0,1,0,0.8108231188401878,72.1227164208347
0,22,94.65,2104.55,1,1,0,0,1,0,1,1,0,0,0,0,0,0,0,0,0,0,1,0,1,0,0,1,1,0,0,0.8106525338467809,76.72826232859782
0,1,75.35,75.35,1,1,0,1,1,0,0,1,0,0,0,0,1,0,0,0,0,0,0,0,0,0,0,1,0,1,0,0.8106264987803045,61.08070668309594
0,1,70.4,70.4,1,1,0,0,1,0,0,1,0,0,0,0,0,0,0,0,0,0,0,0,0,0,0,0,0,1,0,0.8105266326023701,57.06107493520686
0,2,69.65,145.15,1,0,0,0,1,0,0,1,0,0,0,0,0,0,0,0,0,0,0,0,0,0,0,0,0,1,0,0.8102516289814787,56.43402595856
0,5,89.35,461.7,1,0,0,0,1,0,0,1,0,0,0,0,1,0,0,0,1,0,0,0,1,0,0,1,0,1,0,0.8101538451237906,72.38724606181069
0,9,73.8,704.3,0,1,0,0,1,0,0,1,0,0,0,0,0,0,1,0,0,0,0,0,0,0,0,1,0,1,0,0.8101537181613888,59.78934440031049
0,4,80.1,336.15,0,1,0,0,1,0,1,1,0,0,1,0,0,0,0,0,0,0,0,0,0,0,0,1,0,1,0,0.809951377245647,64.87710531737632
0,5,82.75,417.75,0,0,0,0,1,0,1,1,0,0,0,0,0,0,1,0,1,0,0,0,0,0,0,1,0,1,0,0.8099491908145792,67.02329553990643
0,30,90.25,2755.35,1,1,0,0,1,0,0,1,0,0,0,0,0,0,0,0,0,0,1,0,1,0,0,1,0,1,0,0.809944463274191,73.09748781049574
0,1,69.95,69.95,1,1,0,0,1,0,0,1,0,0,0,0,0,0,0,0,0,0,0,0,0,0,0,0,0,1,0,0.8097722617631989,56.64356971033577
0,10,102.1,1068.85,1,0,1,1,1,0,1,1,0,0,0,0,1,0,1,0,0,0,1,0,1,0,0,1,1,0,0,0.8096017710566025,82.66034082487911
0,22,100.75,2095.0,1,1,0,0,1,0,1,1,0,0,1,0,0,0,0,0,0,0,1,0,1,0,0,1,0,1,0,0.8095580565382845,81.56297419623216
1,3,25.3,77.75,1,0,0,0,0,1,0,0,0,0,0,0,0,0,0,0,0,0,0,0,0,0,0,0,0,1,0,0.8094413735330722,20.47886675038673
0,1,69.4,69.4,1,0,1,0,1,0,0,1,0,0,0,0,0,0,0,0,0,0,0,0,0,0,0,1,0,0,1,0.8092708614580786,56.16339778519066
0,5,81.0,389.6,1,0,0,0,1,0,0,1,0,0,0,0,0,0,0,0,0,0,1,0,0,0,0,1,1,0,0,0.809145990329354,65.54082521667767
0,3,90.7,237.65,0,1,0,0,1,0,0,1,0,0,0,0,0,0,0,0,0,0,1,0,1,0,0,0,0,0,1,0.8090950043991206,73.38491689900025
1,1,76.4,76.4,1,0,1,0,1,0,0,1,0,0,0,0,1,0,0,0,0,0,0,0,0,0,0,1,0,0,1,0.8088626661950318,61.79710769730043
0,44,96.1,4364.1,1,0,1,0,1,0,1,1,0,0,0,0,0,0,0,0,0,0,1,0,1,0,0,1,0,1,0,0.8088576143614417,77.73121674013454
0,27,95.6,2595.25,0,0,0,0,1,0,1,1,0,0,0,0,0,0,0,0,0,0,1,0,1,0,0,1,0,0,0,0.8083623981975581,77.27944526768654
1,26,89.15,2277.65,1,0,0,0,1,0,1,1,0,0,0,0,1,0,0,0,0,0,1,0,0,0,0,1,0,1,0,0.808289820447067,72.05903749285602
0,7,73.6,520.0,1,1,0,0,1,0,1,1,0,0,0,0,0,0,0,0,0,0,0,0,0,0,0,0,0,1,0,0.8082438942981658,59.486750620345
0,18,73.15,1305.95,0,1,1,0,1,0,1,1,0,0,0,0,0,0,0,0,0,0,0,0,0,0,0,1,0,1,0,0.8081894132025215,59.11905557576445
0,1,59.85,59.85,1,1,0,0,1,0,1,0,0,0,0,0,0,0,0,0,0,0,1,0,0,0,0,1,0,1,0,0.8081567946593919,48.368184160364606
1,43,101.0,4388.4,1,1,1,0,1,0,1,1,0,0,0,0,1,0,0,0,0,0,1,0,1,0,0,1,0,1,0,0.8080311110137778,81.61114221239156
0,21,111.2,2317.1,1,1,1,0,1,0,1,1,0,0,0,0,1,0,1,0,1,0,1,0,1,0,0,1,0,1,0,0.8080248006851324,89.85235783618673
0,2,68.95,119.75,1,0,0,0,1,0,0,1,0,0,0,0,0,0,0,0,0,0,0,0,0,0,0,0,0,1,0,0.8080049929329792,55.71194426272892
0,9,98.3,923.5,1,0,0,0,1,0,1,1,0,0,0,0,0,0,1,0,0,0,1,0,1,0,0,0,1,0,0,0.807777324978366,79.40451104537337
0,2,87.15,183.75,1,0,0,0,1,0,0,1,0,0,0,0,1,0,0,0,0,0,1,0,0,0,0,1,0,0,0,0.8077668413826566,70.39688022649852
0,1,76.35,76.35,1,0,0,0,1,0,0,1,0,0,0,0,0,0,1,0,0,0,0,0,0,0,0,0,0,1,0,0.8076481463601896,61.66393597460047
0,1,75.9,75.9,1,1,0,0,1,0,0,1,0,0,0,0,0,0,0,0,1,0,0,0,0,0,0,1,0,1,0,0.807618871342994,61.29827233493325
1,25,89.5,2196.15,1,1,0,0,1,0,1,1,0,0,0,0,1,0,0,0,0,0,1,0,0,0,0,1,0,1,0,0.8076150971015625,72.28155119058985
1,8,29.4,221.9,1,1,0,0,0,1,0,0,0,0,0,0,0,0,1,0,0,0,0,0,0,0,0,1,0,1,0,0.8074858924334597,23.740085237543713
0,3,90.4,268.45,0,1,0,0,1,0,0,1,0,0,0,0,1,0,1,0,0,0,0,0,1,0,0,0,0,1,0,0.8073437000607764,72.9838704854942
0,1,76.2,76.2,1,1,1,0,1,0,0,1,0,0,0,0,0,0,1,0,0,0,0,0,0,0,0,0,0,1,0,0.8072062919152596,61.50911944394279
0,25,94.7,2362.1,1,1,0,0,1,0,1,1,0,0,0,0,0,0,0,0,0,0,1,0,1,0,0,1,0,0,0,0.8071650462151185,76.43852987657172
0,3,107.95,313.6,0,1,0,0,1,0,1,1,0,0,0,0,1,0,1,0,0,0,1,0,1,0,0,0,0,0,1,0.8071270732212915,87.12936755423843
1,17,89.15,1496.9,1,0,0,0,1,0,0,1,0,0,0,0,1,0,1,0,0,0,1,0,0,0,0,1,0,1,0,0.8070587978401123,71.94929182744602
0,1,80.2,80.2,1,0,0,0,1,0,1,1,0,0,0,0,1,0,0,0,0,0,0,0,0,0,0,1,0,0,1,0.806985624244244,64.72024706438837
1,19,95.9,1777.9,1,1,0,0,1,0,0,1,0,0,0,0,0,0,1,0,0,0,1,0,1,0,0,1,1,0,0,0.806774125393528,77.36963862523933
0,5,85.75,470.95,1,0,1,1,1,0,0,1,0,0,0,0,0,0,0,0,1,0,1,0,0,0,0,1,0,1,0,0.806586727222409,69.16481185932157
0,6,73.85,401.3,0,0,0,0,1,0,1,1,0,0,0,0,0,0,0,0,0,0,0,0,0,0,0,1,0,0,1,0.8063960483514754,59.55234817075645
1,10,72.85,688.65,1,1,0,0,1,0,0,1,0,0,0,0,1,0,0,0,0,0,0,0,0,0,0,1,0,1,0,0.8063282906265741,58.74101597214592
0,1,75.55,75.55,0,0,0,0,1,0,0,1,0,0,0,0,0,0,1,0,0,0,0,0,0,0,0,0,0,1,0,0.8062899323467175,60.91520438879451
0,27,94.55,2724.6,1,0,0,0,1,0,1,1,0,0,0,0,0,0,0,0,0,0,1,0,1,0,0,1,0,0,1,0.8062259379402177,76.22866243224757
0,5,39.5,210.75,1,0,0,0,0,1,0,0,0,0,0,0,0,0,1,0,0,0,0,0,1,0,0,0,0,1,0,0.8061082265451468,31.8412749485333
1,5,71.45,371.6,0,1,0,0,1,0,0,1,0,0,0,0,0,0,0,0,0,0,0,0,0,0,0,1,0,0,1,0.8060918476917439,57.59526251757511
0,1,70.8,70.8,1,0,0,0,1,0,0,1,0,0,0,0,0,0,0,0,0,0,0,0,0,0,0,1,0,0,1,0.8059837560444427,57.06364992794654
0,26,100.5,2599.95,0,0,0,0,1,0,1,1,0,0,0,0,0,0,1,0,0,0,1,0,1,0,0,1,0,0,0,0.8059692783232585,80.99991247148748
0,10,98.55,1008.55,1,1,0,0,1,0,1,1,0,0,1,0,0,0,0,0,0,0,1,0,1,0,0,0,0,1,0,0.8059634308309269,79.42769610838785
0,1,75.3,75.3,1,0,0,0,1,0,0,1,0,0,0,0,0,0,1,0,0,0,0,0,0,0,0,0,0,1,0,0.8058639990261972,60.681559126672646
0,15,94.0,1505.45,0,0,0,0,1,0,0,1,0,0,0,0,0,0,1,0,0,0,1,0,1,0,0,1,1,0,0,0.8058330915309836,75.74831060391246
0,1,70.7,70.7,0,0,0,0,1,0,0,1,0,0,0,0,0,0,0,0,0,0,0,0,0,0,0,1,0,0,1,0.8058132636380607,56.970997739210894
0,5,80.1,398.55,0,1,0,0,1,0,0,1,0,0,0,0,0,0,0,0,0,0,1,0,0,0,0,1,0,0,1,0.8057947380809003,64.5441585202801
1,5,69.05,318.5,1,0,0,0,1,0,0,1,0,0,0,0,0,0,0,0,0,0,0,0,0,0,0,1,0,0,1,0.8056641145980155,55.631107112992964
1,36,84.1,3021.6,1,1,1,0,1,0,1,1,0,0,0,0,0,0,0,0,0,0,0,0,1,0,0,1,0,1,0,0.8056413318868305,67.75443601168244
1,46,98.85,4564.9,0,1,1,0,1,0,1,1,0,0,0,0,0,0,1,0,0,0,1,0,1,0,0,1,0,1,0,0.8055339053689677,79.62702654572246
0,8,80.1,679.3,1,0,0,0,1,0,0,1,0,0,0,0,0,0,0,0,0,0,1,0,0,0,0,1,0,0,0,0.8054676112462041,64.51795566082095
0,9,102.6,897.75,0,1,1,1,1,0,1,1,0,0,0,0,1,0,1,0,0,0,1,0,1,0,0,1,1,0,0,0.8052717801646795,82.62088464489611
0,15,105.35,1559.25,0,0,1,1,1,0,1,1,0,0,0,0,1,0,1,0,0,0,1,0,1,0,0,1,0,0,0,0.8052270732477623,84.83067216665175
0,1,79.15,79.15,0,0,0,0,1,0,1,1,0,0,0,0,1,0,0,0,0,0,0,0,0,0,0,1,0,0,1,0.8051968139347031,63.73132782293175
1,30,101.3,2974.5,0,0,0,1,1,0,1,1,0,0,0,0,0,0,0,0,1,0,1,0,1,0,0,1,0,1,0,0.8049689382847586,81.54335344824604
0,1,70.15,70.15,1,0,0,0,1,0,0,1,0,0,0,0,0,0,0,0,0,0,0,0,0,0,0,1,0,0,1,0.8048735228212832,56.461877625913026
0,1,70.15,70.15,1,0,0,0,1,0,0,1,0,0,0,0,0,0,0,0,0,0,0,0,0,0,0,1,0,0,1,0.8048735228212832,56.461877625913026
0,34,106.35,3549.25,1,1,0,0,1,0,1,1,0,0,0,0,1,0,1,0,0,0,1,0,1,0,0,1,0,1,0,0.8047555215405413,85.58574971583657
0,1,69.95,69.95,1,0,0,0,1,0,0,1,0,0,0,0,0,0,0,0,0,0,0,0,0,0,0,1,0,0,1,0.8045309458008334,56.2769396587683
0,1,56.25,56.25,1,0,0,0,1,0,0,0,0,0,0,0,0,0,0,0,0,0,0,0,1,0,0,1,0,1,0,0.8044793760972263,45.25196490546898
0,6,80.5,502.85,1,0,1,1,1,0,1,1,0,0,0,0,0,0,0,0,1,0,0,0,0,0,0,1,0,1,0,0.8042369536751531,64.74107477084982
0,36,99.15,3615.6,1,0,0,0,1,0,1,1,0,0,0,0,1,0,0,0,0,0,1,0,1,0,0,1,0,1,0,0.8041403701149757,79.73051769689985
1,6,74.4,434.1,1,0,0,0,1,0,0,1,0,0,0,0,0,0,1,0,0,0,0,0,0,0,0,0,0,1,0,0.8036194135703965,59.7892843696375
0,31,89.9,2806.9,1,0,0,0,1,0,1,1,0,0,0,0,0,0,1,0,0,0,0,0,1,0,0,1,0,1,0,0.803561990425114,72.24022293921776
0,9,101.5,906.85,0,1,1,1,1,0,0,1,0,0,0,0,1,0,0,0,1,0,1,0,1,0,0,1,0,1,0,0.8033854162739752,81.54361975180848
0,14,89.95,1178.4,1,1,0,0,1,0,1,1,0,0,0,0,0,0,0,0,1,0,1,0,0,0,0,1,0,1,0,0.8032296086875051,72.25050330144109
0,3,60.25,170.5,0,0,0,0,1,0,1,0,0,0,0,0,0,0,0,0,0,0,1,0,0,0,0,1,0,1,0,0.8031612448913104,48.39046500470145
0,1,55.45,55.45,0,0,0,0,1,0,0,0,0,0,0,0,0,0,0,0,0,0,0,0,1,0,0,1,0,1,0,0.8031042418811809,44.532130212311486
0,5,51.0,305.95,1,1,0,0,0,1,0,0,0,0,0,0,1,0,0,0,0,0,1,0,1,0,0,1,0,0,1,0.8030787997192701,40.95701878568278
0,18,96.05,1740.7,1,0,0,0,1,0,0,1,0,0,1,0,0,0,0,0,0,0,1,0,1,0,0,1,0,1,0,0.8030638564124138,77.13428340841234
0,1,55.4,55.4,1,0,0,0,1,0,0,0,0,0,0,0,0,0,0,0,0,0,0,0,1,0,0,1,0,1,0,0.803018054068896,44.48720019541684
0,8,80.0,624.6,0,0,0,0,1,0,0,1,0,0,0,0,0,0,0,0,0,0,1,0,0,0,0,1,0,0,0,0.802887925918317,64.23103407346537
0,2,70.4,154.8,0,0,1,0,1,0,0,1,0,0,0,0,0,0,0,0,0,0,0,0,0,0,0,1,1,0,0,0.8028678186990457,56.52189443641282
0,16,81.0,1312.15,1,0,0,1,1,0,0,1,0,0,0,0,0,0,0,0,0,0,1,0,0,0,0,1,0,1,0,0.8027194764646013,65.0202775936327
1,3,74.6,239.05,0,0,1,0,1,0,0,1,0,0,0,0,1,0,0,0,0,0,0,0,0,0,0,1,0,0,0,0.8026781634070058,59.87979099016263
0,2,76.4,151.8,1,1,1,0,1,0,0,1,0,0,0,0,0,0,1,0,0,0,0,0,0,0,0,0,0,1,0,0.8026391798049141,61.32163333709544
0,28,89.95,2625.55,1,0,0,0,1,0,1,1,0,0,0,0,1,0,0,0,0,0,0,0,1,0,0,1,0,1,0,0.8023534083045228,72.17168907699183
1,5,70.25,331.9,1,1,0,0,1,0,0,1,0,0,0,0,0,0,0,0,0,0,0,0,0,0,0,1,0,0,1,0.8023348142985518,56.36402070447326
1,2,81.5,162.55,0,0,0,0,1,0,0,1,0,0,0,0,0,0,0,0,0,0,1,0,0,0,0,0,0,0,1,0.8020329363792056,65.36568431490525
0,6,79.05,434.5,1,0,0,0,1,0,1,1,0,0,1,0,0,0,0,0,0,0,0,0,0,0,0,1,0,1,0,0.8020163520092969,63.399392626334915
0,5,50.95,229.4,0,0,0,0,0,1,0,0,0,0,0,0,1,0,0,0,0,0,1,0,1,0,0,1,1,0,0,0.8018958037746087,40.85659120231632
0,3,83.75,247.25,1,0,0,0,1,0,0,1,0,0,0,0,1,0,0,0,0,0,1,0,0,0,0,0,0,1,0,0.801762558410993,67.14761426692066
1,39,101.25,3949.15,0,0,1,0,1,0,1,1,0,0,0,0,0,0,0,0,1,0,1,0,1,0,0,1,0,1,0,0.801678489316405,81.169947043286
0,4,70.5,294.2,0,1,1,0,1,0,0,1,0,0,0,0,0,0,0,0,0,0,0,0,0,0,0,0,0,1,0,0.8016186677640816,56.51411607736775
0,13,84.45,1058.6,1,0,0,0,1,0,1,1,0,0,0,0,1,0,1,0,0,0,0,0,0,0,0,1,0,1,0,0.8014507359140117,67.68251464793829
0,1,71.55,71.55,1,1,0,0,1,0,0,1,0,0,0,0,0,0,0,0,0,0,0,0,0,0,0,1,0,0,1,0.8013371647769203,57.335674139788644
1,18,78.55,1422.65,1,1,1,0,1,0,0,1,0,0,0,0,0,0,0,0,0,0,0,0,1,0,0,0,0,1,0,0.801289129839601,62.94126114890066
0,7,80.3,526.7,1,0,0,0,1,0,0,1,0,0,0,0,0,0,0,0,0,0,1,0,0,0,0,1,0,0,1,0.8011955972792054,64.3360064615202
1,8,80.65,633.3,1,0,1,0,1,0,1,1,0,0,0,0,1,0,0,0,0,0,0,0,0,0,0,1,1,0,0,0.8011570221326207,64.61331383499586
0,4,70.4,281.0,1,0,0,0,1,0,0,1,0,0,0,0,0,0,0,0,0,0,0,0,0,0,0,0,0,1,0,0.8010532040304414,56.39414556374308
0,23,83.75,1849.95,0,0,1,1,1,0,1,1,0,0,0,0,0,0,0,0,0,0,1,0,0,0,0,1,0,1,0,0.800997206515324,67.08351604565838
0,1,71.35,71.35,1,1,0,0,1,0,0,1,0,0,0,0,0,0,0,0,0,0,0,0,0,0,0,1,0,0,1,0.8009899142230081,57.15063037981162
0,12,79.95,1043.4,0,1,0,0,1,0,0,1,0,0,0,0,0,0,0,0,0,0,0,0,1,0,0,1,0,0,0,0.8008663743499783,64.02926662928077
0,14,91.65,1301.0,1,0,1,1,1,0,1,1,0,0,0,0,0,0,0,0,1,0,1,0,0,0,0,1,0,1,0,0.8007930318630287,73.39268137024659
1,40,91.55,3673.6,0,0,0,0,1,0,0,1,0,0,0,0,0,0,0,0,0,0,1,0,1,0,0,1,0,1,0,0.8007701910909807,73.31051099437929
0,18,95.95,1745.5,0,0,1,0,1,0,0,1,0,0,0,0,0,0,1,0,0,0,1,0,1,0,0,1,1,0,0,0.8006499083929656,76.82235871030505
0,5,96.5,492.55,1,1,0,0,1,0,0,1,0,0,0,0,0,0,1,0,0,0,1,0,1,0,0,0,0,0,0,0.8006008398311201,77.25798104370308
1,24,76.1,1712.7,1,1,0,0,1,0,1,1,0,0,0,0,0,0,0,0,0,0,0,0,0,0,0,1,0,1,0,0.8005149457014463,60.91918736788006
0,13,70.15,931.75,0,1,0,0,1,0,0,1,0,0,0,0,0,0,0,0,0,0,0,0,0,0,0,1,0,1,0,0.8001967914798119,56.13380492230881
0,11,75.25,888.65,0,0,0,0,1,0,1,1,0,0,0,0,0,0,0,0,0,0,0,0,0,0,0,0,0,1,0,0.8001922470888152,60.21446659343334
0,3,69.55,222.3,1,0,0,0,1,0,0,1,0,0,0,0,0,0,0,0,0,0,0,0,0,0,0,1,0,0,0,0.8001640972451954,55.65141296340334
1,41,104.4,4133.95,0,0,0,0,1,0,1,1,0,0,0,0,1,0,1,0,0,0,1,0,1,0,0,1,0,1,0,0.8001087572491046,83.53135425680652
0,9,85.3,781.4,0,0,0,0,1,0,0,1,0,0,0,0,0,0,1,0,0,0,0,0,1,0,0,1,1,0,0,0.8000955293717863,68.24814865541337
0,3,29.6,79.45,1,1,0,0,0,1,0,0,0,0,0,0,1,0,0,0,0,0,0,0,0,0,0,1,0,1,0,0.8000599903322867,23.681775713835687
0,5,69.95,330.15,1,0,1,0,1,0,0,1,0,0,0,0,0,0,0,0,0,0,0,0,0,0,0,0,0,1,0,0.7999383980426252,55.955690943081635
0,30,100.45,3096.9,0,0,0,0,1,0,1,1,0,0,0,0,0,0,1,0,0,0,1,0,1,0,0,0,0,1,0,0.7998936598243486,80.34931812935582
0,1,89.15,89.15,1,1,1,1,1,0,0,1,0,0,0,0,0,0,0,0,0,0,1,0,1,0,0,0,0,0,1,0.7998730421847478,71.30868171077027
0,6,85.95,514.6,0,0,0,0,1,0,0,1,0,0,0,0,1,0,0,0,0,0,0,0,1,0,0,1,0,0,1,0.7997622789541529,68.73956787610945
0,1,70.6,70.6,0,1,0,0,1,0,0,1,0,0,0,0,0,0,0,0,0,0,0,0,0,0,0,1,0,0,1,0.7996836630972426,56.45766661466532
0,25,99.5,2369.05,1,0,0,0,1,0,0,1,0,0,0,0,1,0,1,0,0,0,1,0,1,0,0,1,0,1,0,0.7993888954167745,79.53919509396906
0,12,99.95,1132.75,1,1,0,0,1,0,1,1,0,0,0,0,0,0,0,0,1,0,1,0,1,0,0,1,0,0,1,0.7993824893862063,79.89827981415132
0,6,87.95,522.35,0,1,0,0,1,0,1,1,0,0,0,0,0,0,0,0,1,0,0,0,1,0,0,1,0,0,0,0.7992749378672775,70.29623078542706
0,16,94.25,1483.25,1,1,0,0,1,0,0,1,0,0,1,0,0,0,0,0,0,0,1,0,1,0,0,1,0,1,0,0.7992287380401529,75.32730856028441
0,7,66.85,458.1,0,0,0,0,1,0,0,0,0,0,0,0,0,0,0,0,0,0,1,0,1,0,0,1,0,1,0,0.7991089886047208,53.42043588822558
0,1,25.25,25.25,0,0,0,0,0,1,0,0,0,0,0,0,0,0,0,0,0,0,0,0,0,0,0,0,0,1,0,0.7988647940599859,20.171336050014645
0,12,89.4,1095.65,1,0,0,0,1,0,0,1,0,0,0,0,0,0,1,0,1,0,0,0,1,0,0,1,0,1,0,0.7984981835404334,71.38573760851476
0,15,79.75,1111.85,1,0,0,0,1,0,1,1,0,0,0,0,1,0,0,0,0,0,0,0,0,0,0,1,0,1,0,0.7984655402984587,63.677626838802084
0,3,85.8,272.2,1,0,0,0,1,0,0,1,0,0,0,0,0,0,0,0,1,0,0,0,1,0,0,0,0,1,0,0.7984337366362139,68.50561460338714
0,18,88.85,1594.75,0,0,1,0,1,0,1,1,0,0,0,0,0,0,0,0,1,0,1,0,0,0,0,1,0,1,0,0.7983531279401581,70.93367541748304
1,15,75.65,1146.65,1,1,0,0,1,0,1,1,0,0,0,0,0,0,0,0,0,0,0,0,0,0,0,0,0,1,0,0.7979524601883964,60.36510361325219
1,30,90.05,2627.2,0,0,1,0,1,0,1,1,0,0,0,0,1,0,0,0,0,0,1,0,0,0,0,1,0,1,0,0.7979083089546457,71.85164322136585
0,2,74.4,139.4,1,0,1,0,1,0,0,1,0,0,1,0,0,0,0,0,0,0,0,0,0,0,0,1,0,1,0,0.7979067203459682,59.36425999374004
1,2,24.45,47.5,1,1,0,0,0,1,0,0,0,0,0,0,0,0,0,0,0,0,0,0,0,0,0,1,0,0,1,0.7977594680168525,19.505218993012043
0,1,24.6,24.6,1,0,0,0,0,1,0,0,0,0,0,0,0,0,0,0,0,0,0,0,0,0,0,0,0,1,0,0.797724047247228,19.62401156228181
0,10,75.05,786.3,0,1,0,0,1,0,1,1,0,0,0,0,0,0,0,0,0,0,0,0,0,0,0,0,0,1,0,0.7976172200183956,59.86117236238059
1,34,94.25,3217.55,1,0,1,0,1,0,1,1,0,0,0,0,1,0,1,0,0,0,0,0,1,0,0,1,0,1,0,0.7974187315987346,75.15671545318074
0,6,80.5,463.05,1,1,0,0,1,0,0,1,0,0,0,0,0,0,0,0,0,0,1,0,0,0,0,1,1,0,0,0.7973356725859108,64.18552164316581
1,7,70.1,467.55,1,1,1,0,1,0,0,1,0,0,0,0,0,0,0,0,0,0,0,0,0,0,0,1,0,0,1,0.7972183181916161,55.88500410523229
0,22,80.15,1790.65,0,0,1,1,1,0,0,1,0,0,0,0,0,0,0,0,0,0,0,0,1,0,0,1,0,1,0,0.7970812562368077,63.88606268738014
1,6,74.1,450.9,0,0,0,0,1,0,0,1,0,0,1,0,0,0,0,0,0,0,0,0,0,0,0,1,0,1,0,0.7970680042201161,59.0627391127106
0,13,99.0,1301.7,1,1,0,0,1,0,1,1,0,0,0,0,0,0,0,0,1,0,1,0,1,0,0,1,0,0,1,0.7969411263672236,78.89717151035514
0,4,78.9,299.75,0,0,1,1,1,0,0,1,0,0,0,0,0,0,0,0,0,0,1,0,0,0,0,1,0,0,1,0.7969192495163315,62.87692878683856
0,32,98.85,3089.6,0,0,1,1,1,0,1,1,0,0,0,0,1,0,0,0,0,0,1,0,1,0,0,1,0,1,0,0.7967415657570261,78.75790377508203
0,1,55.25,55.25,0,1,0,0,1,0,0,0,0,0,0,0,0,0,0,0,0,0,0,0,1,0,0,1,0,1,0,0.7967342265956702,44.019566019410775
0,19,86.0,1532.45,1,1,0,0,1,0,1,1,0,0,0,0,0,0,0,0,0,0,0,0,1,0,0,1,0,0,0,0.7967090440660571,68.51697778968091
0,37,95.25,3314.15,0,0,1,1,1,0,1,1,0,0,0,0,0,0,0,0,0,0,1,0,1,0,0,1,0,1,0,0.796479304227675,75.86465372768605
0,40,101.3,4113.1,1,1,1,0,1,0,1,1,0,0,0,0,1,0,0,0,0,0,1,0,1,0,0,1,0,1,0,0.79637636012933,80.67292528110113
0,11,84.8,888.75,0,1,0,0,1,0,0,1,0,0,0,0,0,0,1,0,0,0,0,0,1,0,0,0,0,1,0,0.7963555443807822,67.53095016349033
1,49,96.2,4718.25,1,1,0,0,1,0,1,1,0,0,0,0,0,0,0,0,0,0,1,0,1,0,0,1,0,1,0,0.796343569101881,76.60825134760096
0,4,70.9,273.0,1,0,0,0,1,0,0,1,0,0,0,0,0,0,0,0,0,0,0,0,0,0,0,1,0,0,0,0.7963233682306958,56.45932680755634
0,1,55.0,55.0,1,1,0,0,1,0,0,0,0,0,0,0,0,0,0,0,0,0,0,0,1,0,0,1,0,1,0,0.7962925904611851,43.79609247536518
0,3,34.8,113.95,0,0,0,0,0,1,0,0,0,0,0,0,0,0,0,0,0,0,1,0,0,0,0,1,1,0,0,0.7960338474623084,27.70197789168833
1,32,93.5,2970.8,0,1,1,0,1,0,1,1,0,0,0,0,1,0,1,0,0,0,0,0,1,0,0,1,0,1,0,0.7958103801088465,74.40827054017716
1,32,96.15,3019.25,1,1,0,0,1,0,1,1,0,0,0,0,0,0,0,0,0,0,1,0,1,0,0,1,1,0,0,0.7956341309672709,76.5002216925031
1,3,83.9,267.4,1,0,1,0,1,0,0,1,0,0,0,0,0,0,0,0,1,0,1,0,0,0,0,1,0,0,1,0.7956236606513541,66.75282512864862
1,20,107.05,2172.05,0,1,1,0,1,0,1,1,0,0,0,0,1,0,0,0,1,0,1,0,1,0,0,0,0,1,0,0.7955347028259911,85.16198993752235
0,4,78.45,330.05,1,1,0,0,1,0,1,1,0,0,0,0,1,0,0,0,0,0,0,0,0,0,0,0,0,1,0,0.7955084522473918,62.407638078807885
0,8,84.5,662.65,1,1,0,0,1,0,1,1,0,0,0,0,0,0,0,0,0,0,0,0,1,0,0,0,0,0,0,0.7955041357834908,67.22009947370498
1,19,90.6,1660.0,1,1,0,0,1,0,1,1,0,0,1,0,0,0,0,0,0,0,1,0,0,0,0,1,0,1,0,0.7954847554500396,72.07091884377358
0,14,82.65,1185.0,0,1,1,0,1,0,1,1,0,0,0,0,1,0,1,0,0,0,0,0,0,0,0,1,0,1,0,0.7954477462857084,65.7437562305138
1,15,83.05,1258.3,1,0,1,0,1,0,1,1,0,0,0,0,0,0,1,0,1,0,0,0,0,0,0,1,0,1,0,0.795362591971305,66.05486326321687
0,5,85.4,401.1,1,1,1,0,1,0,1,1,0,0,0,0,1,0,0,0,1,0,0,0,0,0,0,1,0,1,0,0.795340042945622,67.92203966755612
1,5,75.55,349.65,1,0,0,0,1,0,0,1,0,0,0,0,0,0,1,0,0,0,0,0,0,0,0,1,1,0,0,0.7950438721288787,60.06556453933678
0,2,70.4,147.15,1,0,1,1,1,0,0,1,0,0,0,0,0,0,0,0,0,0,0,0,0,0,0,0,0,1,0,0.7949154226637344,55.96204575552691
0,20,105.85,2239.65,1,0,1,1,1,0,1,1,0,0,0,0,1,0,1,0,0,0,1,0,1,0,0,1,0,0,0,0.7946586032212413,84.11461315096838
0,9,77.65,714.15,1,0,0,0,1,0,0,1,0,0,0,0,0,0,0,0,0,0,1,0,0,0,0,1,0,0,0,0.7944864368867087,61.691871824252935
0,1,80.15,80.15,1,0,0,0,1,0,0,1,0,0,0,0,0,0,0,0,0,0,0,0,1,0,0,0,1,0,0,0.7944354780323892,63.674003564296
0,2,97.1,184.15,0,1,1,1,1,0,0,1,0,0,1,0,0,0,0,0,0,0,1,0,1,0,0,0,0,1,0,0.7944257520124304,77.13874052040698
1,35,99.05,3554.6,0,0,0,0,1,0,1,1,0,0,1,0,0,0,0,0,0,0,1,0,1,0,0,1,0,1,0,0.7943278155710043,78.67817013230797
0,5,104.1,541.9,1,1,0,0,1,0,1,1,0,0,0,0,1,0,1,0,0,0,1,0,1,0,0,0,0,0,1,0.7940867332217555,82.66442892838474
1,8,80.45,583.45,1,1,1,1,1,0,0,1,0,0,0,0,0,0,0,0,0,0,1,0,0,0,0,1,1,0,0,0.7940466044415936,63.8810493273262
1,4,72.75,317.75,0,0,0,0,1,0,0,1,0,0,0,0,1,0,0,0,0,0,0,0,0,0,0,0,0,1,0,0.7939988795485974,57.76341848716046
0,22,88.75,1885.15,0,1,1,1,1,0,1,1,0,0,0,0,0,0,1,0,0,0,1,0,0,0,0,1,0,1,0,0.7939896339634354,70.46658001425489
0,16,94.65,1461.15,0,0,1,0,1,0,0,1,0,0,0,0,1,0,0,0,0,0,1,0,1,0,0,1,0,0,0,0.793979583575145,75.15016758538748
0,8,74.6,548.9,0,0,0,0,1,0,1,1,0,0,0,0,0,0,0,0,0,0,0,0,0,0,0,1,1,0,0,0.793831633749573,59.219839877718144
1,24,102.95,2496.7,1,1,0,0,1,0,1,1,0,0,0,0,1,0,1,0,0,0,1,0,1,0,0,1,1,0,0,0.7937057873428922,81.71201080695076
0,18,88.35,1639.3,1,0,0,0,1,0,1,1,0,0,0,0,0,0,0,0,1,0,1,0,0,0,0,1,0,1,0,0.7936033340272469,70.11485456130725
1,27,101.25,2754.45,1,0,1,0,1,0,0,1,0,0,1,0,0,0,1,0,0,0,1,0,1,0,0,1,0,1,0,0.7933518668847584,80.32687652208179
1,43,103.0,4414.3,1,1,1,0,1,0,1,1,0,0,0,0,1,0,1,0,0,0,1,0,1,0,0,1,0,1,0,0.7932535909882114,81.70511987178577
0,1,74.6,74.6,1,0,0,0,1,0,0,1,0,0,0,0,0,0,1,0,0,0,0,0,0,0,0,1,0,0,1,0.7932174168159566,59.174019294470355
1,32,79.5,2665.0,0,0,0,0,1,0,0,1,0,0,0,0,0,0,0,0,0,0,0,0,1,0,0,1,0,1,0,0.7932040845418072,63.05972472107368
0,4,80.3,324.2,0,0,0,0,1,0,1,1,0,0,0,0,1,0,0,0,0,0,0,0,0,0,0,1,0,0,1,0.7929480797011799,63.67373080000474
0,10,75.75,777.3,0,0,0,0,1,0,1,1,0,0,0,0,0,0,0,0,0,0,0,0,0,0,0,1,0,0,1,0.7929347597044715,60.06480804761372
0,2,91.15,168.5,0,0,0,0,1,0,0,1,0,0,1,0,1,0,0,0,0,0,1,0,0,0,0,1,0,1,0,0.7929215143073861,72.27479602911825
0,33,83.35,2757.85,1,0,0,0,1,0,1,1,0,0,0,0,0,0,0,0,0,0,0,0,1,0,0,1,0,1,0,0.7927785920359651,66.0780956461977
0,12,49.85,617.15,0,0,1,0,0,1,0,0,0,0,0,0,0,0,1,0,0,0,1,0,1,0,0,1,0,0,0,0.7927017130278426,39.51618039443796
0,2,71.3,157.75,0,1,0,0,1,0,0,1,0,0,0,0,0,0,0,0,0,0,0,0,0,0,0,1,1,0,0,0.7925982996919315,56.51225876803471
0,13,96.65,1162.85,1,1,1,1,1,0,0,1,0,0,0,0,0,0,1,0,0,0,1,0,1,0,0,1,0,0,1,0.7925313438179579,76.59815438000564
0,20,89.0,1820.45,1,1,1,0,1,0,0,1,0,0,0,0,0,0,0,0,0,0,1,0,1,0,0,1,0,0,1,0.7923886631476994,70.52259102014524
0,3,55.3,196.15,1,0,0,0,1,0,0,0,0,0,0,0,0,0,0,0,0,0,0,0,1,0,0,1,0,1,0,0.7923015964261796,43.81427828236773
0,41,106.3,4443.45,1,0,0,0,1,0,1,1,0,0,0,0,1,0,1,0,0,0,1,0,1,0,0,1,0,1,0,0.7920173304484618,84.19144222667148
0,24,89.55,2259.35,0,0,0,0,1,0,1,1,0,0,0,0,0,0,0,0,1,0,0,0,1,0,0,1,0,1,0,0.7919224513325552,70.91665551683032
0,42,94.2,4186.3,1,0,1,1,1,0,1,1,0,0,0,0,0,0,0,0,0,0,1,0,1,0,0,1,0,1,0,0.7917696506690663,74.58470109302606
1,14,80.35,1058.1,0,0,0,0,1,0,1,1,0,0,0,0,0,0,1,0,0,0,0,0,0,0,0,1,0,0,0,0.7916775000393967,63.61128712816552
1,38,99.55,3734.25,1,0,0,0,1,0,1,1,0,0,0,0,0,0,0,0,1,0,1,0,1,0,0,1,0,1,0,0.7915916265600637,78.80294642405434
0,10,104.4,1081.45,1,1,0,0,1,0,0,1,0,0,1,0,1,0,1,0,0,0,1,0,1,0,0,1,0,1,0,0.7915489576622792,82.63771117994195
0,22,89.25,1907.85,1,0,0,0,1,0,0,1,0,0,0,0,0,0,0,0,0,0,1,0,1,0,0,0,0,1,0,0.7915433018367777,70.6452396889324
0,25,95.15,2395.7,0,0,1,0,1,0,0,1,0,0,0,0,0,0,0,0,1,0,1,0,1,0,0,1,0,1,0,0.7915069485205942,75.31188615173454
1,50,95.7,4816.7,1,1,0,0,1,0,1,1,0,0,0,0,0,0,0,0,0,0,1,0,1,0,0,1,0,1,0,0.7914149548879208,75.73841118277402
1,33,110.45,3655.45,1,0,0,0,1,0,1,1,0,0,0,0,1,0,1,0,1,0,1,0,1,0,0,1,0,1,0,0.7914017076027944,87.41031860472864
0,29,89.2,2698.35,1,1,1,1,1,0,1,1,0,0,0,0,0,0,1,0,0,0,0,0,1,0,0,1,0,1,0,0.7912802289819517,70.58219642519009
0,21,99.85,1992.55,0,0,0,0,1,0,1,1,0,0,0,0,1,0,0,0,0,0,1,0,1,0,0,1,1,0,0,0.7912496871578794,79.00628126271425
0,6,109.9,669.45,1,0,0,0,1,0,1,1,0,0,0,0,1,0,1,0,1,0,1,0,1,0,0,1,1,0,0,0.7909075338220168,86.92073796703966
1,46,104.45,4863.85,0,0,0,0,1,0,1,1,0,0,0,0,1,0,1,0,0,0,1,0,1,0,0,1,0,1,0,0.7908419130503983,82.6034378181141
1,4,25.2,102.5,1,1,0,0,0,1,0,0,0,0,0,0,0,0,0,0,0,0,0,0,0,0,0,1,0,0,0,0.7908008839895838,19.928182276537513
0,14,46.35,667.7,1,1,1,0,0,1,0,0,0,0,0,0,0,0,0,0,0,0,1,0,1,0,0,0,0,1,0,0.790755273345362,36.65150691955753
0,5,70.05,346.4,1,1,0,0,1,0,0,0,0,0,0,0,0,0,1,0,0,0,1,0,1,0,0,1,0,1,0,0.790752534694416,55.39221505534384
0,9,79.9,741.7,1,1,1,0,1,0,0,1,0,0,0,0,1,0,1,0,0,0,0,0,0,0,0,1,0,1,0,0.7903501014433735,63.148973105325545
0,2,75.7,189.2,1,1,0,0,1,0,0,1,0,0,1,0,0,0,0,0,0,0,0,0,0,0,0,1,0,1,0,0.7903397612470339,59.82871992640047
1,15,74.45,1145.7,1,0,0,0,1,0,1,1,0,0,0,0,0,0,0,0,0,0,0,0,0,0,0,1,0,0,1,0.7903213027442102,58.839420989306454
0,9,75.2,633.85,0,0,0,0,1,0,1,1,0,0,0,0,0,0,0,0,0,0,0,0,0,0,0,1,1,0,0,0.7901712008811409,59.4208743062618
0,2,24.5,46.4,0,0,0,0,0,1,0,0,0,0,0,0,0,0,0,0,0,0,0,0,0,0,0,0,0,1,0,0.7899774617519533,19.354447812922857
0,2,79.85,152.45,1,1,0,0,1,0,0,1,0,0,0,0,0,0,1,0,1,0,0,0,0,0,0,1,0,1,0,0.7899299980018432,63.07591034044717
0,9,81.15,784.45,0,1,0,0,1,0,1,1,0,0,1,0,0,0,0,0,0,0,0,0,0,0,0,1,0,1,0,0.7899260421075388,64.10249831702677
0,18,99.85,1776.95,1,0,0,0,1,0,1,1,0,0,0,0,0,0,0,0,1,0,1,0,1,0,0,1,0,0,0,0.7898344179376808,78.86496663107742
0,12,89.75,1052.4,1,0,0,0,1,0,1,1,0,0,0,0,1,0,0,0,0,0,1,0,0,0,0,1,0,0,0,0.7895514784630923,70.86224519206253
1,12,73.3,828.05,0,1,0,0,1,0,1,1,0,0,0,0,0,0,0,0,0,0,0,0,0,0,0,1,1,0,0,0.7895306771791776,57.872598637233715
0,21,73.7,1558.7,0,1,0,0,1,0,1,1,0,0,0,0,0,0,0,0,0,0,0,0,0,0,0,1,0,1,0,0.7894058415937563,58.17921052545984
1,26,105.75,2710.25,1,1,1,1,1,0,1,1,0,0,0,0,1,0,1,0,0,0,1,0,1,0,0,0,0,1,0,0.7893880603024862,83.47778737698792
0,3,70.3,220.4,0,1,0,0,1,0,0,1,0,0,0,0,0,0,0,0,0,0,0,0,0,0,0,1,0,0,1,0.7889019249356656,55.45980532297729
0,2,69.8,134.7,1,1,0,0,1,0,0,1,0,0,0,0,0,0,0,0,0,0,0,0,0,0,0,1,1,0,0,0.7888945220705097,55.064837640521574
0,2,30.9,59.05,1,0,0,0,0,1,0,0,0,0,0,0,0,0,0,0,1,0,0,0,0,0,0,1,0,1,0,0.7887696991879075,24.372983704906343
1,31,90.7,2845.15,0,1,0,0,1,0,1,1,0,0,0,0,1,0,0,0,0,0,1,0,0,0,0,1,0,1,0,0.7883138660285027,71.5000676487852
1,8,74.05,600.15,0,0,0,0,1,0,0,1,0,0,0,0,0,0,1,0,0,0,0,0,0,0,0,1,0,0,0,0.7882827062242677,58.37233439590702
0,1,75.8,75.8,1,0,0,0,1,0,0,1,0,0,0,0,1,0,0,0,0,0,0,0,0,0,0,0,0,1,0,0.7882275854287935,59.747650975502545
0,1,50.1,50.1,0,0,0,0,1,0,1,0,0,0,0,0,0,0,0,0,0,0,0,0,0,0,0,1,0,1,0,0.7881873451473205,39.488185991880755
1,7,44.4,265.8,0,1,0,0,0,1,0,0,0,0,0,0,1,0,0,0,1,0,0,0,1,0,0,1,0,1,0,0.7880783651818265,34.99067941407309
1,27,75.5,1893.95,1,1,1,0,1,0,1,1,0,0,0,0,0,0,0,0,0,0,0,0,0,0,0,1,0,1,0,0.7880434212256804,59.49727830253887
0,24,99.65,2404.85,0,1,0,0,1,0,1,1,0,0,0,0,1,0,0,0,0,0,1,0,1,0,0,1,0,0,0,0.7880105272677255,78.52524904222885
0,7,24.7,149.05,0,0,1,1,0,1,0,0,0,0,0,0,0,0,0,0,0,0,0,0,0,0,0,1,0,1,0,0.7879310602695853,19.461897188658757
0,3,74.55,233.65,0,0,0,0,1,0,0,1,0,0,1,0,0,0,0,0,0,0,0,0,0,0,0,1,0,1,0,0.787923037678984,58.739662458968255
1,37,85.7,3171.15,1,1,1,0,1,0,1,1,0,0,0,0,0,0,0,0,0,0,1,0,0,0,0,1,0,1,0,0.7876389310236906,67.50065638873029
0,9,95.9,827.45,0,1,0,0,1,0,0,1,0,0,0,0,0,0,0,0,1,0,1,0,1,0,0,1,0,0,0,0.7875602418008606,75.52702718870253
0,6,99.95,547.65,1,0,0,0,1,0,0,1,0,0,0,0,0,0,1,0,1,0,1,0,1,0,0,1,0,0,1,0.7874766184778325,78.70828801685936
0,13,94.1,1215.6,1,0,1,0,1,0,1,1,0,0,0,0,1,0,1,0,0,0,1,0,0,0,0,0,0,1,0,0.787435347542888,74.09766620378576
0,8,66.25,546.45,0,1,0,0,1,0,0,0,0,0,0,0,0,0,0,0,0,0,1,0,1,0,0,1,0,1,0,0.7873625236140435,52.162767189430376
0,25,95.9,2448.75,1,1,0,1,1,0,0,1,0,0,0,0,1,0,0,0,0,0,1,0,1,0,0,1,0,1,0,0.787225837680611,75.49495783357061
1,16,74.45,1261.35,0,1,0,0,1,0,1,1,0,0,0,0,0,0,0,0,0,0,0,0,0,0,0,1,0,0,0,0.7871876321283371,58.6061192119547
0,3,69.6,207.4,0,1,0,0,1,0,0,1,0,0,0,0,0,0,0,0,0,0,0,0,0,0,0,1,0,0,1,0.7870517579988746,54.77880235672167
0,47,100.5,4707.1,0,0,1,0,1,0,1,1,0,0,0,0,0,0,1,0,0,0,1,0,1,0,0,1,0,1,0,0.7870326854295591,79.09678488567069
0,1,25.15,25.15,0,0,0,0,0,1,0,0,0,0,0,0,0,0,0,0,0,0,0,0,0,0,0,1,0,0,1,0.78698176323075,19.79259134525336
0,1,25.1,25.1,1,0,0,0,0,1,0,0,0,0,0,0,0,0,0,0,0,0,0,0,0,0,0,1,0,0,1,0.7868903907922826,19.750948808886296
1,24,80.5,2088.45,0,1,0,0,1,0,1,1,0,0,0,0,1,0,0,0,0,0,0,0,0,0,0,1,0,1,0,0.786815461295016,63.33864463424879
0,1,24.9,24.9,0,0,0,0,0,1,0,0,0,0,0,0,0,0,0,0,0,0,0,0,0,0,0,1,0,0,1,0.7865246152844388,19.584462920582528
0,12,84.5,916.9,1,0,1,1,1,0,1,1,0,0,0,0,1,0,1,0,0,0,0,0,0,0,0,1,0,1,0,0.7863828092961377,66.44934738552364
0,18,90.7,1597.25,1,1,0,0,1,0,1,1,0,0,0,0,0,0,1,0,0,0,0,0,1,0,0,1,1,0,0,0.7863827095294764,71.32491175432351
1,21,69.1,1474.75,1,1,1,0,1,0,0,1,0,0,0,0,0,0,0,0,0,0,0,0,0,0,0,1,0,1,0,0.7862555392595095,54.330257762832105
1,38,94.75,3653.0,0,1,0,0,1,0,1,1,0,0,0,0,0,0,0,0,0,0,1,0,1,0,0,0,0,1,0,0.7861654828322087,74.48917949835177
0,4,90.65,367.95,0,1,0,0,1,0,1,1,0,0,1,0,0,0,0,0,0,0,1,0,0,0,0,0,0,1,0,0.7861578019351931,71.26520474542527
0,1,69.1,69.1,1,0,1,1,1,0,0,1,0,0,0,0,0,0,0,0,0,0,0,0,0,0,0,1,0,0,1,0.7858746542943613,54.303938611740364
0,14,90.9,1259.0,1,0,1,1,1,0,1,1,0,0,0,0,1,0,0,0,0,0,0,0,1,0,0,1,0,0,0,0.7858090157414858,71.43003953090106
0,34,100.85,3527.3,0,1,1,0,1,0,1,1,0,0,0,0,0,0,1,0,0,0,1,0,1,0,0,0,0,1,0,0.785780555729243,79.24596904529415
0,1,74.35,74.35,0,0,0,0,1,0,0,1,0,0,0,0,1,0,0,0,0,0,0,0,0,0,0,0,0,1,0,0.7855775080084787,58.40768772043039
0,2,42.6,72.4,1,0,0,0,0,1,0,0,0,0,1,0,1,0,0,0,0,0,0,0,1,0,0,1,0,1,0,0.7855115960986487,33.462793993802435
0,10,74.15,811.8,1,1,0,0,1,0,1,1,0,0,0,0,0,0,0,0,0,0,0,0,0,0,0,1,0,0,1,0.7854569621180914,58.241633741056475
1,19,87.3,1637.3,0,1,0,0,1,0,0,1,0,0,1,0,0,0,0,0,0,0,0,0,1,0,0,1,0,1,0,0.7849878920633755,68.52944297713267
0,21,90.05,1862.9,0,0,0,0,1,0,0,1,0,0,0,0,1,0,1,0,0,0,0,0,1,0,0,1,0,1,0,0.7849090913625711,70.68106367719953
0,28,80.6,2244.95,0,0,0,0,1,0,0,1,0,0,0,0,0,0,0,0,0,0,0,0,1,0,0,1,0,1,0,0.7843533992779671,63.21888398180415
0,4,70.05,266.9,1,0,0,0,1,0,0,1,0,0,0,0,0,0,0,0,0,0,0,0,0,0,0,1,1,0,0,0.7842842980600863,54.93911507910904
0,9,24.95,190.25,0,1,0,0,0,1,0,0,0,0,0,0,0,0,0,0,0,0,0,0,0,0,0,1,0,1,0,0.7840894483174061,19.56303173551928
0,17,83.55,1329.15,0,0,0,0,1,0,0,1,0,0,0,0,1,0,0,0,0,0,1,0,0,0,0,1,0,1,0,0.7839725147650923,65.50090360862346
1,15,74.4,1074.3,1,1,0,0,1,0,0,1,0,0,0,0,1,0,0,0,0,0,0,0,0,0,0,1,0,1,0,0.7839567383759479,58.32638133517053
1,27,78.05,2135.5,1,0,0,0,1,0,1,1,0,0,0,0,0,0,1,0,0,0,0,0,0,0,0,1,0,1,0,0.7838082430303371,61.17623336851781
0,3,40.15,130.75,1,1,0,0,0,1,0,0,0,0,0,0,0,0,1,0,0,0,1,0,0,0,0,1,0,0,1,0.7837388950879043,31.467116637779355
0,43,101.4,4528.0,1,1,0,0,1,0,1,1,0,0,0,0,1,0,0,0,0,0,1,0,1,0,0,1,0,1,0,0.7837224782959848,79.46945929921287
0,23,98.7,2249.1,0,0,0,0,1,0,1,1,0,0,0,0,1,0,0,0,0,0,1,0,1,0,0,1,1,0,0,0.783697713581192,77.35096433046365
1,33,100.6,3270.25,0,1,1,0,1,0,1,1,0,0,0,0,1,0,0,0,0,0,1,0,1,0,0,1,0,0,0,0.7836557981049301,78.83577328935597
0,3,74.75,238.1,0,0,0,0,1,0,0,1,0,0,0,0,0,0,1,0,0,0,0,0,0,0,0,1,0,0,1,0.7836467306642941,58.577593117155985
1,14,90.45,1266.1,1,1,0,0,1,0,0,1,0,0,0,0,0,0,0,0,0,0,1,0,1,0,0,0,1,0,0,0.7836196062684865,70.8783933869846
1,17,76.45,1233.4,1,1,1,0,1,0,0,1,0,0,0,0,1,0,0,0,0,0,0,0,0,0,0,1,0,1,0,0.7836139103338028,59.907283445019225
0,18,80.65,1451.9,1,1,0,0,1,0,1,1,0,0,0,0,1,0,0,0,0,0,0,0,0,0,0,1,0,1,0,0.7835967335243839,63.197076558741564
0,13,49.15,649.4,0,0,0,0,0,1,0,0,0,0,0,0,0,0,1,0,0,0,1,0,1,0,0,0,0,1,0,0.7835667032412935,38.512303464309575
0,5,85.3,420.45,0,0,0,0,1,0,0,1,0,0,0,0,1,0,0,0,0,0,1,0,0,0,0,1,0,0,1,0.7835117255388359,66.8335501884627
0,39,103.45,3994.45,1,0,0,0,1,0,1,1,0,0,0,0,1,0,1,0,0,0,1,0,1,0,0,1,0,1,0,0.7834491817863068,81.04781785579344
0,22,83.05,1799.3,0,1,0,0,1,0,1,1,0,0,0,0,0,0,0,0,0,0,0,0,1,0,0,0,0,1,0,0.7832312092294699,65.04735192650747
0,3,25.25,58.9,1,0,0,0,0,1,0,0,0,0,0,0,0,0,0,0,0,0,0,0,0,0,0,0,0,1,0,0.7831079720416014,19.773476294050436
1,8,69.95,562.7,0,1,0,0,1,0,0,1,0,0,0,0,0,0,0,0,0,0,0,0,0,0,0,1,1,0,0,0.7828133053212271,54.75779070721983
0,7,69.2,477.55,0,0,1,0,1,0,0,1,0,0,0,0,0,0,0,0,0,0,0,0,0,0,0,1,0,0,0,0.7827852898169443,54.168742055332544
0,13,48.75,633.4,1,0,1,0,0,1,0,0,0,0,0,0,0,0,1,0,0,0,1,0,1,0,0,1,0,0,0,0.7827516679691121,38.15914381349422
0,1,50.45,50.45,1,1,0,0,1,0,1,0,0,0,0,0,0,0,0,0,0,0,0,0,0,0,0,1,0,1,0,0.7824880622614232,39.4765227410888
0,1,70.65,70.65,1,1,1,1,1,0,0,1,0,0,0,0,0,0,0,0,0,0,0,0,0,0,0,1,0,0,1,0.7823656945077424,55.274136316972005
0,1,54.65,54.65,0,0,0,0,1,0,0,0,0,0,0,0,0,0,0,0,0,0,1,0,0,0,0,1,0,1,0,0.7823507059257767,42.755466078843696
0,2,80.45,137.1,0,0,0,0,1,0,0,1,0,0,1,0,0,0,1,0,0,0,0,0,0,0,0,1,0,1,0,0.7823370965319262,62.939019415993464
0,5,64.0,370.25,0,0,0,0,1,0,1,0,0,0,0,0,1,0,0,0,0,0,0,0,1,0,0,1,0,1,0,0.7823136803967082,50.06807554538933
0,30,94.05,2866.45,1,1,1,0,1,0,1,1,0,0,0,0,0,0,0,0,0,0,1,0,1,0,0,1,1,0,0,0.782213747914447,73.56720299135374
0,29,98.6,2933.2,1,0,0,0,1,0,1,1,0,0,0,0,0,0,1,0,0,0,1,0,1,0,0,1,1,0,0,0.7821273852598929,77.11776018662543
0,1,50.15,50.15,0,1,0,0,1,0,1,0,0,0,0,0,0,0,0,0,0,0,0,0,0,0,0,1,0,1,0,0.7819310319133487,39.213841250454436
0,3,99.0,287.4,1,0,0,0,1,0,0,1,0,0,1,0,0,0,1,0,0,0,1,0,1,0,0,1,1,0,0,0.7817645666835901,77.39469210167542
1,11,75.2,775.3,0,1,1,1,1,0,1,1,0,0,0,0,0,0,0,0,0,0,0,0,0,0,0,1,1,0,0,0.7815169126624135,58.770071832213496
0,17,70.0,1144.5,1,0,0,0,1,0,0,1,0,0,0,0,0,0,0,0,0,0,0,0,0,0,0,1,0,1,0,0.7813591321938577,54.695139253570034
0,11,74.55,824.75,1,1,0,0,1,0,0,1,0,0,0,0,1,0,0,0,0,0,0,0,0,0,0,1,0,1,0,0.7813257857573045,58.24783732820705
0,23,81.0,1917.1,1,1,0,0,1,0,1,1,0,0,0,0,0,0,1,0,0,0,0,0,0,0,0,1,0,1,0,0.7813185781533938,63.2868048304249
0,22,50.6,1073.3,0,0,0,0,0,1,0,0,0,0,0,0,0,0,1,0,0,0,1,0,1,0,0,1,0,1,0,0.7813158635468245,39.53458269546932
0,23,74.95,1710.45,1,1,0,0,1,0,1,1,0,0,0,0,0,0,0,0,0,0,0,0,0,0,0,1,0,1,0,0.7811454960670989,58.54685493022907
0,42,101.75,4273.45,1,1,0,0,1,0,1,1,0,0,0,0,1,0,0,0,0,0,1,0,1,0,0,1,0,1,0,0.7811365144070285,79.48064034091514
0,1,69.9,69.9,1,1,1,1,1,0,0,1,0,0,0,0,0,0,0,0,0,0,0,0,0,0,0,1,0,0,1,0.7809706263679572,54.589846783120215
0,2,49.4,106.55,1,0,0,0,1,0,1,0,0,0,0,0,0,0,0,0,0,0,0,0,0,0,0,1,0,1,0,0.7807472331848249,38.56891331933035
0,31,94.5,2979.2,0,1,0,0,1,0,0,1,0,0,0,0,1,0,0,0,0,0,1,0,1,0,0,1,0,1,0,0.7806485660023187,73.77128948721912
0,31,101.4,3143.65,0,1,0,0,1,0,0,1,0,0,0,0,1,0,1,0,0,0,1,0,1,0,0,1,0,1,0,0.7803436336244837,79.12684444952265
0,6,94.05,518.75,0,0,1,1,1,0,1,1,0,0,0,0,1,0,1,0,0,0,1,0,0,0,0,1,0,0,1,0.780306701961349,73.38784531946487
0,4,55.9,238.5,0,1,0,0,1,0,0,0,0,0,0,0,0,0,0,0,0,0,0,0,1,0,0,1,0,1,0,0.7802425114380541,43.61555638938722
0,13,96.65,1244.5,1,0,0,0,1,0,1,1,0,0,1,0,1,0,0,0,0,0,1,0,0,0,0,1,0,1,0,0.7800177392988437,75.38871450323325
0,1,35.05,35.05,1,0,0,0,0,1,0,0,0,0,0,0,0,0,0,0,0,0,0,0,1,0,0,0,0,0,1,0.779660471938616,27.327099541448487
0,7,69.85,515.45,0,0,0,0,1,0,0,1,0,0,0,0,0,0,0,0,0,0,0,0,0,0,0,1,0,0,0,0.7795545824860344,54.4518875866495
0,3,29.9,92.25,0,1,1,0,0,1,0,0,0,0,0,0,0,0,0,0,1,0,0,0,0,0,0,1,0,1,0,0.779475726937576,23.30632423543352
1,32,90.95,2897.95,0,0,0,0,1,0,0,1,0,0,0,0,0,0,0,0,0,0,1,0,1,0,0,0,0,1,0,0.7794503360548931,70.89100806419253
0,17,70.8,1207.0,0,1,0,0,1,0,0,1,0,0,0,0,0,0,0,0,0,0,0,0,0,0,0,1,0,1,0,0.7793668590215903,55.17917361872859
0,18,71.1,1247.75,0,0,0,0,1,0,0,1,0,0,0,0,0,0,0,0,0,0,0,0,0,0,0,1,0,1,0,0.7793390166794129,55.41100408590625
0,16,49.95,810.2,1,0,1,0,0,1,0,0,0,0,0,0,0,0,0,0,1,0,1,0,1,0,0,1,0,1,0,0.7793201177269466,38.92703988046099
0,1,24.45,24.45,1,1,0,0,0,1,0,0,0,0,0,0,0,0,0,0,0,0,0,0,0,0,0,1,0,0,1,0.7792970138119398,19.053811987701927
0,7,78.55,522.95,0,0,0,0,1,0,1,1,0,0,0,0,1,0,0,0,0,0,0,0,0,0,0,1,0,0,0,0.7792887780305765,61.21313351430178
0,23,44.95,996.85,0,0,0,0,0,1,0,0,0,0,0,0,0,0,0,0,0,0,1,0,1,0,0,1,0,1,0,0.7791409221084803,35.022384448776194
1,15,74.2,1133.9,1,1,0,0,1,0,1,1,0,0,0,0,0,0,0,0,0,0,0,0,0,0,0,1,1,0,0,0.7790542210157677,57.80582319936997
0,21,82.35,1852.85,1,1,0,0,1,0,1,1,0,0,0,0,1,0,0,0,0,0,0,0,0,0,0,1,0,1,0,0.779016681896629,64.1520237541874
0,14,80.9,1152.8,0,0,1,1,1,0,0,1,0,0,0,0,0,0,0,0,0,0,0,0,1,0,0,1,0,0,0,0.7790164877036788,63.02243385522762
0,4,74.8,321.9,1,1,0,0,1,0,0,1,0,0,0,0,0,0,1,0,0,0,0,0,0,0,0,1,0,0,0,0.7790001219453734,58.269209121513924
0,26,83.75,2070.6,1,1,1,1,1,0,1,1,0,0,0,0,0,0,0,0,0,0,1,0,0,0,0,1,0,1,0,0.7789504644049839,65.2371013939174
0,2,100.2,198.5,0,1,0,0,1,0,0,1,0,0,1,0,1,0,0,0,0,0,1,0,1,0,0,0,0,1,0,0.7787621997962069,78.03197241957993
0,21,104.4,2157.95,1,1,1,1,1,0,1,1,0,0,0,0,1,0,1,0,0,0,1,0,1,0,0,0,0,1,0,0.7785849650778286,81.28427035412531
1,39,95.65,3759.05,1,1,0,0,1,0,1,1,0,0,0,0,0,0,0,0,0,0,1,0,1,0,0,1,0,0,0,0.7783975337074156,74.45372409911431
1,1,70.85,70.85,1,1,1,0,1,0,0,1,0,0,0,0,0,0,0,0,0,0,0,0,0,0,0,0,0,0,1,0.7783453362911853,55.14576707623048
1,17,82.65,1470.05,0,0,0,0,1,0,1,1,0,0,0,0,0,0,1,0,0,0,0,0,0,0,0,1,1,0,0,0.7782999353237312,64.32648965450639
0,41,104.7,4346.4,1,1,0,0,1,0,1,1,0,0,0,0,1,0,1,0,0,0,1,0,1,0,0,1,0,1,0,0.7782218006251447,81.47982252545265
1,10,34.55,362.6,0,1,1,1,0,1,0,0,0,0,0,0,0,0,0,0,0,0,0,0,1,0,0,1,0,0,0,0.7782171315288259,26.88740189432093
0,31,91.15,2995.45,1,0,1,1,1,0,1,1,0,0,0,0,1,0,0,0,0,0,0,0,1,0,0,1,0,1,0,0.7781469246950188,70.92809218595097
1,1,74.7,74.7,0,1,0,0,1,0,0,1,0,0,0,0,0,0,0,0,1,0,0,0,0,0,0,0,0,1,0,0.7780126869543554,58.11754771549035
0,22,90.0,1993.8,1,0,0,0,1,0,1,1,0,0,0,0,0,0,0,0,1,0,1,0,0,0,0,1,0,1,0,0.7780008803485176,70.02007923136658
1,7,94.7,673.1,1,1,1,0,1,0,1,1,0,0,1,0,1,0,0,0,0,0,0,0,1,0,0,1,1,0,0,0.7779873965205166,73.67540645049293
0,3,74.4,215.8,1,0,0,0,1,0,1,1,0,0,0,0,0,0,0,0,0,0,0,0,0,0,0,0,0,0,0,0.777731700662952,57.86323852932364
0,12,79.8,1001.2,0,0,0,0,1,0,1,1,0,0,1,0,0,0,0,0,0,0,0,0,0,0,0,1,0,1,0,0.7775283508760468,62.04676239990853
0,3,25.1,79.8,0,1,0,0,0,1,0,0,0,0,0,0,0,0,0,0,0,0,0,0,0,0,0,0,0,1,0,0.7773877938701594,19.512433626141004
0,5,84.5,453.75,1,1,1,1,1,0,1,1,0,0,1,0,0,0,1,0,0,0,0,0,0,0,0,1,0,1,0,0.7773871170861305,65.68921139377802
0,16,95.6,1555.65,1,0,0,0,1,0,1,1,0,0,0,0,1,0,1,0,0,0,0,0,1,0,0,1,1,0,0,0.7773676130385155,74.31634380648208
0,36,84.9,3067.2,1,1,0,0,1,0,1,1,0,0,0,0,0,0,0,0,0,0,0,0,1,0,0,1,0,1,0,0.7773137020521388,65.99393330422659
0,4,98.1,396.3,1,0,0,1,1,0,0,1,0,0,0,0,0,0,1,0,1,0,1,0,1,0,0,1,0,0,0,0.7772222436604309,76.24550210308827
0,1,69.95,69.95,0,1,1,1,1,0,0,1,0,0,0,0,0,0,0,0,0,0,0,0,0,0,0,1,1,0,0,0.7770850974498585,54.357102566617606
0,5,30.5,167.2,0,0,1,1,0,1,0,0,0,0,0,0,1,0,0,0,0,0,0,0,0,0,0,1,0,1,0,0.777005617096007,23.698671321428215
1,53,101.9,5549.4,1,1,1,0,1,0,1,1,0,0,0,0,1,0,0,0,0,0,1,0,1,0,0,1,0,1,0,0.7769786093593494,79.1741202937177
0,9,71.0,672.55,1,0,0,0,1,0,0,1,0,0,0,0,0,0,0,0,0,0,0,0,0,0,0,0,0,1,0,0.7767806067777913,55.15142308122318
1,11,78.1,864.85,0,0,1,1,1,0,1,1,0,0,0,0,0,0,1,0,0,0,0,0,0,0,0,1,1,0,0,0.7767658897001323,60.665415985580324
0,24,96.0,2122.45,1,1,0,0,1,0,0,1,0,0,0,0,0,0,0,0,1,0,1,0,1,0,0,1,0,1,0,0.7764113344689314,74.53548810901742
0,36,84.75,3050.15,1,1,0,0,1,0,1,1,0,0,0,0,0,0,0,0,0,0,0,0,1,0,0,1,0,1,0,0.7762094664409572,65.78375228087113
0,3,24.75,66.95,1,1,0,0,0,1,0,0,0,0,0,0,0,0,0,0,0,0,0,0,0,0,0,0,0,1,0,0.7761192192517193,19.208950676480054
0,6,69.25,418.4,1,0,0,0,1,0,0,1,0,0,0,0,0,0,0,0,0,0,0,0,0,0,0,1,0,0,1,0.7761021800637163,53.745075969412355
0,1,70.45,70.45,1,1,0,1,1,0,0,1,0,0,0,0,0,0,0,0,0,0,0,0,0,0,0,1,0,0,1,0.7757223166036282,54.64963720472561
0,3,69.65,220.1,1,1,0,1,1,0,0,1,0,0,0,0,0,0,0,0,0,0,0,0,0,0,0,0,0,1,0,0.7757129742215632,54.02840865453188
0,18,69.8,1221.65,0,0,0,0,1,0,0,1,0,0,0,0,0,0,0,0,0,0,0,0,0,0,0,1,0,1,0,0.7756865212784271,54.142919185234206
1,18,73.55,1359.45,0,0,0,0,1,0,0,1,0,0,0,0,1,0,0,0,0,0,0,0,0,0,0,1,0,1,0,0.7755957241034007,57.04506550780512
0,13,75.0,999.45,1,0,0,0,1,0,1,1,0,0,0,0,0,0,0,0,0,0,0,0,0,0,0,1,0,0,1,0.7755306324249108,58.164797431868315
0,16,112.95,1882.55,0,0,1,1,1,0,1,1,0,0,1,0,0,0,1,0,1,0,1,0,1,0,0,1,0,1,0,0.7755242035017205,87.59545878551933
0,3,79.65,251.75,1,1,1,0,1,0,1,1,0,0,0,0,0,0,0,0,1,0,0,0,0,0,0,1,0,0,0,0.7752747492096783,61.750633774550884
0,13,81.9,1028.9,0,0,0,0,1,0,0,1,0,0,0,0,0,0,0,0,0,0,1,0,0,0,0,1,0,0,1,0.7750625591612772,63.47762359530861
1,28,101.3,2812.2,1,0,1,0,1,0,1,1,0,0,0,0,0,0,0,0,1,0,1,0,1,0,0,1,1,0,0,0.7749752197003581,78.50498975564628
0,2,74.95,151.75,0,1,0,0,1,0,0,1,0,0,0,0,1,0,0,0,0,0,0,0,0,0,0,0,0,1,0,0.7749563433684884,58.08297793546821
0,12,112.95,1384.75,1,1,0,0,1,0,1,1,0,0,0,0,1,0,1,0,1,0,1,0,1,0,0,1,0,0,1,0.7745730917740739,87.48803071588165
1,18,74.7,1294.6,0,0,0,0,1,0,0,1,0,0,0,0,1,0,0,0,0,0,0,0,0,0,0,1,0,1,0,0.7745583772783627,57.8595107826937
0,38,105.0,4026.4,1,0,1,0,1,0,1,1,0,0,0,0,0,0,1,0,1,0,1,0,1,0,0,1,0,1,0,0.7743163940319707,81.30322137335692
0,17,76.65,1313.55,1,1,0,0,1,0,0,1,0,0,0,0,0,0,1,0,0,0,0,0,0,0,0,1,0,1,0,0.7743143079902228,59.35119170745058
0,9,103.1,970.45,0,1,1,1,1,0,0,1,0,0,0,0,0,0,1,0,1,0,1,0,1,0,0,0,0,1,0,0.774309969421939,79.8313578474019
1,12,43.65,526.95,1,1,0,0,0,1,0,0,0,0,0,0,0,0,1,0,1,0,0,0,1,0,0,1,0,1,0,0.7740229485057798,33.786101702277286
1,18,103.6,1806.35,0,0,0,0,1,0,1,1,0,0,0,0,1,0,0,0,1,0,1,0,1,0,0,1,1,0,0,0.7740144779881826,80.18789991957571
0,31,104.2,3243.45,1,0,1,1,1,0,1,1,0,0,0,0,0,0,1,0,1,0,1,0,1,0,0,1,0,1,0,0.7738159326899139,80.63162018628903
0,7,75.15,496.9,1,0,1,0,1,0,0,1,0,0,0,0,0,0,1,0,0,0,0,0,0,0,0,1,0,0,0,0.7737251204573157,58.14544280236728
0,2,74.9,147.15,1,0,0,0,1,0,1,1,0,0,0,0,0,0,0,0,0,0,0,0,0,0,0,0,1,0,0,0.7736498687079587,57.94637516622611
1,29,98.65,2862.75,1,0,0,0,1,0,1,1,0,0,0,0,0,0,0,0,1,0,1,0,1,0,0,0,0,1,0,0.7735122702463393,76.30698545980137
0,35,86.45,3029.1,1,0,0,0,1,0,1,1,0,0,0,0,0,0,0,0,0,0,1,0,0,0,0,1,0,1,0,0.7735040339140151,66.8694237318666
1,2,44.3,89.3,0,0,0,0,1,0,0,0,0,0,0,0,0,0,0,0,0,0,0,0,0,0,0,1,0,1,0,0.7734917340765981,34.26568381959329
0,26,80.7,2193.0,0,0,0,0,1,0,1,1,0,0,0,0,0,0,1,0,0,0,0,0,0,0,0,1,0,1,0,0.7734550060279979,62.41781898645943
0,24,94.6,2283.15,0,0,0,0,1,0,0,1,0,0,1,0,0,0,0,0,0,0,1,0,1,0,0,1,0,1,0,0.7734292192323213,73.16640413937759
1,25,69.3,1813.1,0,0,1,0,1,0,0,1,0,0,0,0,0,0,0,0,0,0,0,0,0,0,0,1,0,1,0,0.773376082620415,53.59496252559476
0,11,90.15,987.95,1,0,0,0,1,0,1,1,0,0,0,0,0,0,0,0,1,0,1,0,0,0,0,0,0,1,0,0.7731264028749879,69.69734521918016
0,3,29.75,96.85,0,1,0,0,0,1,0,0,0,0,0,0,0,0,0,0,1,0,0,0,0,0,0,1,0,1,0,0.7730988790019884,22.999691650309153
0,11,64.9,716.1,0,0,0,0,1,0,0,0,0,0,0,0,0,0,0,0,0,0,1,0,1,0,0,1,0,1,0,0.7725470650106144,50.13830451918888
0,1,84.6,84.6,1,1,0,0,1,0,0,1,0,0,1,0,0,0,0,0,0,0,0,0,1,0,0,1,0,0,1,0.7724567919554337,65.34984459942969
0,33,107.55,3645.5,0,0,0,0,1,0,1,1,0,0,0,0,1,0,1,0,0,0,1,0,1,0,0,0,0,1,0,0.772394135082313,83.07098922810276
0,12,78.95,927.35,1,0,0,0,1,0,1,1,0,0,1,0,0,0,0,0,0,0,0,0,0,0,0,1,0,1,0,0.7723469482752675,60.97679156633237
0,9,69.05,651.5,0,0,0,0,1,0,0,1,0,0,0,0,0,0,0,0,0,0,0,0,0,0,0,0,0,1,0,0.7721339399193915,53.31584855143398
0,7,69.9,497.3,0,0,0,0,1,0,0,1,0,0,0,0,0,0,0,0,0,0,0,0,0,0,0,1,0,0,1,0.7720125771186307,53.96367914059229
1,32,85.3,2661.1,1,1,1,0,1,0,1,1,0,0,0,0,0,0,0,0,0,0,0,0,1,0,0,0,0,1,0,0.7719110813978873,65.84401524323978
0,6,55.0,340.4,0,0,0,0,1,0,0,0,0,0,0,0,0,0,0,0,0,0,0,0,1,0,0,1,0,1,0,0.7718730062992465,42.45301534645856
0,7,74.65,521.1,1,0,0,0,1,0,1,0,0,0,0,0,0,0,0,0,1,0,1,0,1,0,0,1,0,1,0,0.7716995061666447,57.60736813534003
0,11,94.2,999.9,0,0,0,0,1,0,0,1,0,0,0,0,1,0,1,0,1,0,0,0,1,0,0,1,0,1,0,0.771682022556084,72.69244652478311
0,5,85.4,425.9,1,0,0,0,1,0,0,1,0,0,0,0,0,0,0,0,1,0,0,0,1,0,0,1,1,0,0,0.7713854645631778,65.8763186736954
0,47,106.4,5127.95,1,0,0,0,1,0,1,1,0,0,0,0,1,0,1,0,0,0,1,0,1,0,0,1,0,1,0,0.7712872447765793,82.06496284422803
0,13,79.25,1111.65,1,0,0,0,1,0,0,1,0,0,0,0,1,0,1,0,0,0,0,0,0,0,0,1,0,1,0,0.7712560570430124,61.12204252065873
0,14,55.0,771.95,0,1,0,0,0,1,0,0,0,0,0,0,0,0,1,0,1,0,1,0,1,0,0,1,0,1,0,0.7710485335573868,42.407669345656274
0,6,45.0,298.7,0,0,0,0,0,1,0,0,0,0,0,0,0,0,0,0,0,0,1,0,1,0,0,0,1,0,0,0.7709270608652192,34.69171773893486
0,3,73.6,232.5,0,1,0,0,1,0,0,1,0,0,0,0,0,0,1,0,0,0,0,0,0,0,0,1,1,0,0,0.7707454155850245,56.7268625870578
0,23,85.6,1868.4,0,0,1,1,1,0,1,1,0,0,0,0,0,0,0,0,0,0,0,0,1,0,0,0,0,1,0,0.7704600124715462,65.95137706756435
0,5,78.75,426.35,0,1,0,0,1,0,0,1,0,0,0,0,0,0,0,0,0,0,0,0,1,0,0,0,0,0,1,0.7702852568963845,60.65996398059028
1,51,97.8,4913.3,1,1,0,0,1,0,1,1,0,0,0,0,0,0,1,0,0,0,1,0,1,0,0,1,0,1,0,0.7701816545259954,75.32376581264235
1,7,73.75,545.15,1,1,0,0,1,0,1,1,0,0,0,0,0,0,0,0,0,0,0,0,0,0,0,0,0,0,1,0.7700456345268542,56.79086554635549
1,18,99.75,1836.25,1,0,1,0,1,0,1,1,0,0,0,0,0,0,0,0,1,0,1,0,1,0,0,0,0,0,0,0.7700299317747346,76.81048569452977
0,10,80.05,830.7,1,0,0,0,1,0,1,1,0,0,0,0,1,0,0,0,0,0,0,0,0,0,0,1,0,0,0,0.7696781366218534,61.61273483657936
0,4,76.65,333.6,1,0,0,0,1,0,0,1,0,0,0,0,1,0,0,0,0,0,0,0,0,0,0,1,0,0,0,0.7695662696545797,58.98725456902354
0,19,95.15,1789.25,1,0,0,0,1,0,1,1,0,0,1,0,1,0,0,0,0,0,0,0,1,0,0,1,0,1,0,0.7695509951912911,73.22277719245136
0,16,90.8,1442.2,0,1,1,1,1,0,1,1,0,0,0,0,0,0,1,0,0,0,1,0,0,0,0,1,0,0,0,0.7693349035630721,69.85560924352694
0,10,91.1,964.35,0,0,0,1,1,0,0,1,0,0,0,0,0,0,1,0,1,0,1,0,0,0,0,1,0,1,0,0.7691530731420174,70.06984496323778
0,1,74.3,74.3,1,0,0,0,1,0,0,1,0,0,0,0,1,0,0,0,0,0,0,0,0,0,0,1,1,0,0,0.7691489246962777,57.147765104933434
1,8,43.35,371.4,0,1,1,0,0,1,0,0,0,0,0,0,1,0,1,0,0,0,0,0,1,0,0,1,0,0,1,0.7689162749832177,33.332520520522486
0,17,88.25,1460.65,1,0,1,1,1,0,1,1,0,0,0,0,0,0,1,0,0,0,1,0,0,0,0,0,0,1,0,0.7685914330418263,67.82819396594117
0,20,98.55,2031.95,0,1,0,0,1,0,1,1,0,0,0,0,0,0,0,0,1,0,1,0,1,0,0,1,0,0,1,0.7685850921348817,75.74406082989259
0,10,95.1,865.1,0,1,0,0,1,0,0,1,0,0,0,0,0,0,0,0,1,0,1,0,1,0,0,1,1,0,0,0.7681723600715341,73.05319144280288
0,2,24.9,49.7,0,1,0,0,0,1,0,0,0,0,0,0,0,0,0,0,0,0,0,0,0,0,0,1,1,0,0,0.7681552683393479,19.127066181649763
0,36,95.0,3440.25,0,1,1,0,1,0,1,1,0,0,0,0,0,0,0,0,0,0,1,0,1,0,0,1,0,0,0,0.767995829686705,72.95960382023698
0,3,85.7,256.75,0,1,0,0,1,0,0,1,0,0,0,0,0,0,1,0,0,0,0,0,1,0,0,0,1,0,0,0.7679492798283973,65.81325328129365
1,2,44.7,93.7,1,1,0,0,1,0,0,0,0,0,0,0,0,0,0,0,0,0,0,0,0,0,0,1,0,1,0,0.7678106735145549,34.32113710610061
0,15,101.75,1669.4,0,0,1,0,1,0,0,1,0,0,1,0,0,0,1,0,0,0,1,0,1,0,0,0,0,1,0,0.7675378735953373,78.09697863832557
0,1,24.75,24.75,1,1,0,1,0,1,0,0,0,0,0,0,0,0,0,0,0,0,0,0,0,0,0,0,0,1,0,0.7675212695569157,18.996151421533664
0,2,80.6,155.8,1,0,0,0,1,0,1,1,0,0,0,0,0,0,1,0,0,0,0,0,0,0,0,0,0,0,1,0.767454931918709,61.85686751264794
0,3,54.2,140.4,0,0,0,0,1,0,0,0,0,0,0,0,0,0,0,0,0,0,1,0,0,0,0,1,0,1,0,0.7674356341021362,41.59501136833578
1,26,95.0,2497.2,1,0,0,0,1,0,1,1,0,0,1,0,1,0,0,0,0,0,0,0,1,0,0,1,0,1,0,0.7671834811104778,72.8824307054954
0,47,104.1,5135.15,0,1,1,0,1,0,1,1,0,0,0,0,1,0,1,0,0,0,1,0,1,0,0,1,0,1,0,0.7670949232546903,79.85458151081326
0,13,81.15,952.3,1,0,0,0,1,0,0,1,0,0,0,0,1,0,1,0,0,0,0,0,0,0,0,1,0,1,0,0.7669135588244125,62.235035298601076
0,26,88.8,2274.35,1,0,0,0,1,0,0,1,0,0,0,0,0,0,0,0,0,0,1,0,1,0,0,1,0,0,0,0.7667584067347875,68.08814651804913
0,22,84.15,1821.95,0,0,0,0,1,0,1,1,0,0,0,0,0,0,0,0,0,0,1,0,0,0,0,1,0,0,0,0.7667562411785529,64.52253769517523
0,50,95.7,4729.75,0,0,0,0,1,0,1,1,0,0,0,0,0,0,0,0,0,0,1,0,1,0,0,1,0,1,0,0.7667488936526117,73.37786912255494
0,10,79.85,797.25,0,1,0,0,1,0,1,1,0,0,0,0,1,0,0,0,0,0,0,0,0,0,0,0,0,1,0,0.7667171621051003,61.22236539409226
1,2,44.15,92.65,1,1,0,0,1,0,0,0,0,0,0,0,0,0,0,0,0,0,0,0,0,0,0,1,0,1,0,0.7667152144388238,33.85047671747407
0,16,73.85,1284.2,1,1,1,0,1,0,1,1,0,0,0,0,0,0,0,0,0,0,0,0,0,0,0,1,0,0,0,0.766346851933634,56.594715015298874
0,2,55.3,108.65,0,1,0,1,1,0,0,0,0,0,0,0,0,0,0,0,0,0,0,0,1,0,0,1,0,1,0,0.7662642128576703,42.374410971029164
0,28,81.05,2227.1,1,0,1,1,1,0,0,1,0,0,0,0,0,0,0,0,0,0,0,0,1,0,0,1,0,1,0,0.7659605277744836,62.0811007761219
0,24,89.55,2187.15,0,1,0,0,1,0,0,1,0,0,0,0,1,0,1,0,0,0,0,0,1,0,0,1,0,1,0,0.7658877064487563,68.58524411248612
0,33,93.35,3092.0,0,1,1,0,1,0,1,1,0,0,0,0,1,0,1,0,0,0,0,0,1,0,0,1,0,1,0,0.7655901912698594,71.46784435504136
0,16,72.65,1194.3,1,0,0,0,1,0,1,1,0,0,0,0,0,0,0,0,0,0,0,0,0,0,0,0,0,1,0,0.7655891008670223,55.62004817798917
1,41,94.55,3851.45,0,1,1,0,1,0,0,1,0,0,0,0,1,0,0,0,0,0,1,0,1,0,0,1,0,1,0,0.7655857979617043,72.38613719727914
0,6,83.55,477.55,1,1,1,1,1,0,0,1,0,0,0,0,1,0,0,0,0,0,0,0,1,0,0,1,1,0,0,0.7654597031625893,63.95415819923433
0,3,75.0,209.1,1,1,0,0,1,0,1,1,0,0,0,0,0,0,0,0,0,0,0,0,0,0,0,0,0,0,1,0.7650481342687743,57.37861007015807
0,4,84.8,371.9,1,1,1,1,1,0,1,1,0,0,0,0,1,0,1,0,0,0,0,0,0,0,0,1,0,0,0,0.7647056191110474,64.84703650061682
1,31,73.9,2217.15,1,0,0,0,1,0,1,1,0,0,0,0,0,0,0,0,0,0,0,0,0,0,0,1,0,1,0,0.7646546950378381,56.50798196329624
0,3,86.05,244.85,0,1,0,0,1,0,0,1,0,0,1,0,0,0,0,0,0,0,0,0,1,0,0,1,0,0,1,0.7645424529112779,65.78887807301545
0,22,94.7,1914.9,1,1,1,0,1,0,0,1,0,0,0,0,0,0,1,0,0,0,1,0,1,0,0,1,1,0,0,0.764474946026327,72.39577738869318
0,11,80.5,896.9,1,1,1,0,1,0,1,1,0,0,0,0,1,0,0,0,0,0,0,0,0,0,0,1,0,0,0,0.7642680327620947,61.52357663734862
0,9,75.75,655.9,1,0,1,0,1,0,0,1,0,0,0,0,0,0,1,0,0,0,0,0,0,0,0,1,0,0,0,0.7641558850890559,57.88480829549598
0,9,79.35,661.25,1,1,1,1,1,0,1,1,0,0,0,0,0,0,1,0,0,0,0,0,0,0,0,1,0,0,0,0.7641445467076007,60.634869781248106
1,56,101.05,5594.0,0,1,0,0,1,0,1,1,0,0,0,0,0,0,1,0,0,0,1,0,1,0,0,1,0,1,0,0.7636097209135483,77.16276229831405
0,12,85.05,999.8,0,1,1,0,1,0,0,1,0,0,0,0,1,0,0,0,0,0,0,0,1,0,0,1,1,0,0,0.7635991751078932,64.94410984292631
0,38,103.65,3988.5,0,0,0,0,1,0,1,1,0,0,0,0,0,0,1,0,1,0,1,0,1,0,0,1,0,1,0,0.7634123325582586,79.12768826966351
0,4,69.55,284.9,0,1,1,1,1,0,0,1,0,0,0,0,0,0,0,0,0,0,0,0,0,0,0,1,0,0,1,0.763267557390363,53.08525861649974
0,8,59.25,436.6,0,1,0,0,1,0,1,0,0,0,0,0,0,0,0,0,0,0,1,0,0,0,0,1,0,1,0,0.7632416775352835,45.22206939396555
1,2,95.1,180.25,1,1,0,0,1,0,0,1,0,0,0,0,1,0,1,0,1,0,0,0,1,0,0,1,1,0,0,0.7631160503538663,72.57233638865269
1,27,81.45,2122.05,1,1,0,0,1,0,1,1,0,0,0,0,1,0,0,0,0,0,0,0,0,0,0,1,0,1,0,0.7628163279853717,62.13138991440853
0,11,79.5,868.5,1,1,1,1,1,0,0,1,0,0,0,0,0,0,0,0,0,0,1,0,0,0,0,1,0,0,0,0.7626583396075762,60.63133799880231
0,27,81.3,2272.8,0,1,0,0,1,0,1,1,0,0,0,0,0,0,1,0,0,0,0,0,0,0,0,1,0,1,0,0.7625367042728576,61.994234057383316
0,4,29.05,129.6,0,0,1,0,0,1,0,0,0,0,1,0,0,0,0,0,0,0,0,0,0,0,0,1,0,1,0,0.762136079687268,22.140053114915137
1,20,73.65,1463.5,1,1,1,0,1,0,0,1,0,0,0,0,1,0,0,0,0,0,0,0,0,0,0,1,0,1,0,0.7621332256768456,56.131112071099686
0,21,104.4,2200.25,1,0,1,0,1,0,1,1,0,0,1,0,0,0,1,0,0,0,1,0,1,0,0,1,0,0,0,0.7620754858673208,79.56068072454829
0,10,80.7,788.8,1,1,0,0,1,0,1,1,0,0,0,0,1,0,0,0,0,0,0,0,0,0,0,1,0,0,0,0.7620658199794156,61.49871167233884
0,22,50.35,1098.85,0,0,0,0,0,1,0,0,0,0,0,0,1,0,0,0,0,0,1,0,1,0,0,1,0,1,0,0.761935650626921,38.36346000906548
0,26,98.65,2537.0,0,1,0,0,1,0,0,1,0,0,0,0,0,0,1,0,1,0,1,0,1,0,0,1,0,1,0,0.761921020009224,75.16350862390995
1,6,85.15,503.6,1,1,0,0,1,0,0,1,0,0,1,0,0,0,0,0,0,0,1,0,0,0,0,1,0,0,0,0.7615772678586766,64.84830435816632
0,4,24.25,96.05,1,0,0,0,0,1,0,0,0,0,0,0,0,0,0,0,0,0,0,0,0,0,0,1,0,0,1,0.7613282226432356,18.462209399098462
1,32,74.9,2303.35,1,1,1,0,1,0,1,1,0,0,0,0,0,0,0,0,0,0,0,0,0,0,0,1,0,1,0,0.7612492808606272,57.01757113646098
0,22,101.35,2317.1,1,1,0,0,1,0,1,1,0,0,1,0,0,0,0,0,0,0,1,0,1,0,0,1,0,0,0,0.7611718955140091,77.14477161034482
0,6,94.5,575.45,1,1,0,1,1,0,0,1,0,0,0,0,0,0,1,0,0,0,1,0,1,0,0,0,0,0,1,0.7611628750004831,71.92989168754565
0,23,90.6,1943.2,1,1,0,0,1,0,1,1,0,0,0,0,0,0,0,0,1,0,1,0,0,0,0,1,0,1,0,0.7606501021687997,68.91489925649324
0,9,40.75,359.4,0,0,0,0,0,1,0,0,0,0,0,0,1,0,0,0,0,0,0,0,1,0,0,0,0,1,0,0.7605609798459909,30.99285992872413
0,1,45.0,45.0,0,0,1,0,1,0,0,0,0,0,0,0,0,0,0,0,0,0,0,0,0,0,0,1,0,1,0,0.760469839698338,34.22114278642521
0,29,74.95,2149.05,0,0,1,0,1,0,1,1,0,0,0,0,0,0,0,0,0,0,0,0,0,0,0,1,0,1,0,0.7604100769838885,56.99273526994244
0,22,69.25,1554.0,1,0,1,0,1,0,0,1,0,0,0,0,0,0,0,0,0,0,0,0,0,0,0,1,0,1,0,0.7603911599521476,52.65708782668622
1,5,28.45,131.05,1,0,0,0,0,1,0,0,0,0,0,0,1,0,0,0,0,0,0,0,0,0,0,0,0,1,0,0.7603053648846964,21.63068763096961
0,8,74.5,609.9,1,1,1,0,1,0,0,1,0,0,1,0,0,0,0,0,0,0,0,0,0,0,0,1,0,1,0,0.7602717135984234,56.64024266308254
0,4,56.4,234.85,0,1,0,0,1,0,0,0,0,0,0,0,0,0,0,0,0,0,1,0,0,0,0,1,0,1,0,0.7601851574057956,42.874442877686874
0,25,48.25,1293.8,0,0,0,0,0,1,0,0,0,0,0,0,0,0,1,0,0,0,1,0,1,0,0,1,0,1,0,0.7600583683859244,36.67281627462086
1,22,74.4,1692.6,1,0,0,0,1,0,1,1,0,0,0,0,0,0,0,0,0,0,0,0,0,0,0,1,0,0,0,0.7598075089305577,56.5296786644335
0,10,81.0,818.05,1,0,0,0,1,0,1,1,0,0,0,0,1,0,0,0,0,0,0,0,0,0,0,1,1,0,0,0.7597141918804304,61.53684954231487
0,49,95.6,4783.5,1,0,1,1,1,0,1,1,0,0,0,0,0,0,0,0,0,0,1,0,1,0,0,1,0,1,0,0.7597048667626106,72.62778526250557
1,16,71.8,1167.8,1,1,1,0,1,0,0,1,0,0,0,0,0,0,0,0,0,0,0,0,0,0,0,1,0,0,0,0.7596066409134932,54.53975681758881
0,51,94.65,4812.75,1,1,1,0,1,0,1,1,0,0,0,0,0,0,0,0,0,0,1,0,1,0,0,1,0,1,0,0.7592457174125536,71.86260715309821
1,41,113.2,4689.5,1,0,0,0,1,0,1,1,0,0,1,0,1,0,1,0,0,0,1,0,1,0,0,1,0,1,0,0.7591948776698029,85.94086015222169
0,25,104.95,2566.5,1,0,1,0,1,0,1,1,0,0,0,0,0,0,1,0,1,0,1,0,1,0,0,1,0,0,0,0.7591149687460822,79.66911596990133
0,21,68.65,1493.2,0,0,0,0,1,0,0,1,0,0,0,0,0,0,0,0,0,0,0,0,0,0,0,1,0,1,0,0.7590343880486673,52.10771073954101
0,8,70.1,551.35,1,1,0,0,1,0,0,1,0,0,0,0,0,0,0,0,0,0,0,0,0,0,0,1,0,0,1,0.7589560527215556,53.20281929578105
0,13,79.8,973.45,1,1,0,0,1,0,0,1,0,0,0,0,1,0,1,0,0,0,0,0,0,0,0,1,0,1,0,0.7585834350941729,60.534958120515
0,15,76.0,1130.85,1,1,0,0,1,0,1,1,0,0,0,0,0,0,0,0,0,0,0,0,0,0,0,1,0,0,1,0.7585666480033253,57.65106524825272
0,2,24.4,36.55,1,0,1,1,0,1,0,0,0,0,0,0,0,0,0,0,0,0,0,0,0,0,0,1,0,0,1,0.7584709157833113,18.506690345112794
1,18,85.45,1505.85,1,0,0,0,1,0,1,1,0,0,0,0,1,0,0,0,1,0,0,0,0,0,0,1,0,1,0,0.7584638803893646,64.81073857927122
0,19,103.3,2012.7,1,1,1,1,1,0,1,1,0,0,0,0,0,0,1,0,1,0,1,0,1,0,0,0,0,1,0,0.7581572602929061,78.3176449882572
1,42,84.65,3541.35,1,0,0,0,1,0,1,1,0,0,0,0,0,0,0,0,0,0,1,0,0,0,0,1,0,1,0,0.7581512646690244,64.17750455423293
1,47,99.7,4747.2,0,0,1,0,1,0,1,1,0,0,0,0,0,0,1,0,0,0,1,0,1,0,0,0,0,1,0,0.7581303445254337,75.58559534918574
0,29,78.9,2384.15,1,0,0,0,1,0,0,1,0,0,0,0,0,0,0,0,0,0,1,0,0,0,0,1,0,1,0,0.7580641098180426,59.81125826464357
0,18,85.6,1601.5,0,1,1,1,1,0,0,1,0,0,0,0,0,0,0,0,1,0,0,0,1,0,0,1,0,1,0,0.7580612270394829,64.89004103457972
0,22,79.35,1730.35,1,1,0,0,1,0,1,1,0,0,0,0,1,0,0,0,0,0,0,0,0,0,0,1,0,1,0,0.7579357643002133,60.14220289722192
0,7,40.1,293.3,1,0,0,0,0,1,0,0,0,0,0,0,1,0,0,0,0,0,0,0,1,0,0,1,1,0,0,0.7578074505746895,30.388078768045048
1,58,98.7,5812.6,1,1,1,0,1,0,1,1,0,0,0,0,0,0,1,0,0,0,1,0,1,0,0,1,0,1,0,0.7577694858361252,74.79184825202556
0,10,33.9,298.45,1,1,0,0,0,1,0,0,0,0,0,0,0,0,0,0,0,0,0,0,1,0,0,1,0,0,1,0.75773140447227,25.687094611609954
0,1,91.7,91.7,1,0,0,0,1,0,0,1,0,0,0,0,1,0,0,0,1,0,1,0,0,0,0,0,0,1,0,0.7576960411942855,69.48072697751599
1,1,25.05,25.05,1,0,0,0,0,1,0,0,0,0,0,0,0,0,0,0,0,0,0,0,0,0,0,0,0,0,1,0.7573723866532274,18.972178285663347
0,13,23.9,300.8,1,0,0,0,0,1,0,0,0,0,0,0,0,0,0,0,0,0,0,0,0,0,0,1,0,1,0,0.7572310526686975,18.09782215878187
0,47,106.35,4849.1,0,0,0,0,1,0,1,1,0,0,0,0,1,0,1,0,0,0,1,0,1,0,0,1,0,1,0,0.7571221522056941,80.51994088707556
0,8,103.35,847.3,1,0,0,0,1,0,1,1,0,0,1,0,0,0,0,0,1,0,1,0,1,0,0,1,0,0,0,0.7570959583480691,78.24586729527293
0,17,94.4,1617.5,1,0,0,0,1,0,1,1,0,0,1,0,1,0,0,0,0,0,1,0,0,0,0,1,0,1,0,0.757092853173237,71.46956533955358
1,27,70.55,1943.9,0,1,1,0,1,0,0,1,0,0,0,0,0,0,0,0,0,0,0,0,0,0,0,1,0,1,0,0.7567584779062942,53.38931061628906
0,15,85.3,1219.85,0,1,0,0,1,0,0,1,0,0,0,0,0,0,1,0,0,0,1,0,0,0,0,0,0,1,0,0.7566688181384353,64.54385018720853
0,9,74.85,708.2,0,0,0,0,1,0,0,1,0,0,1,0,0,0,0,0,0,0,0,0,0,0,0,1,0,1,0,0.7566205516885354,56.633048293886866
0,1,50.05,50.05,0,1,0,1,1,0,1,0,0,0,0,0,0,0,0,0,0,0,0,0,0,0,0,1,0,1,0,0.7565931566241761,37.867487489040016
0,20,90.7,1781.35,0,1,0,0,1,0,1,1,0,0,0,0,0,0,1,0,0,0,1,0,0,0,0,1,1,0,0,0.7562774401715333,68.59436382355807
0,7,89.75,608.8,1,1,1,1,1,0,0,1,0,0,0,0,1,0,0,0,1,0,1,0,0,0,0,1,0,1,0,0.7560298166685284,67.85367604600043
1,33,105.35,3465.05,0,0,0,1,1,0,1,1,0,0,0,0,1,0,1,0,0,0,1,0,1,0,0,1,0,0,0,0.7559166193571182,79.63581584927239
1,53,103.85,5485.5,1,1,1,0,1,0,1,1,0,0,0,0,1,0,1,0,0,0,1,0,1,0,0,1,0,1,0,0.7558106230592063,78.49093320469858
0,3,79.1,246.5,1,0,0,0,1,0,0,1,0,0,1,0,1,0,0,0,0,0,0,0,0,0,0,1,0,1,0,0.7556038811186718,59.768266996486936
1,20,79.15,1520.9,1,0,0,0,1,0,1,1,0,0,1,0,0,0,0,0,0,0,0,0,0,0,0,1,0,1,0,0.7553960501034837,59.78959736569074
0,11,73.85,926.25,1,1,0,0,1,0,0,1,0,0,0,0,0,0,0,0,1,0,0,0,0,0,0,1,0,1,0,0.7553143933063179,55.77996794567157
0,1,69.7,69.7,1,0,0,0,1,0,0,1,0,0,0,0,0,0,0,0,0,0,0,0,0,0,0,0,0,0,0,0.7552532387764578,52.64115074271911
0,1,45.65,45.65,1,0,0,0,1,0,0,0,0,0,0,0,0,0,0,0,0,0,0,0,0,0,0,1,0,1,0,0.7550860919945708,34.46968009955216
0,7,69.95,529.5,1,1,1,1,1,0,0,1,0,0,0,0,0,0,0,0,0,0,0,0,0,0,0,1,0,0,0,0.754931408502658,52.807452024760934
0,32,96.2,3183.4,1,1,0,0,1,0,0,1,0,0,0,0,0,0,0,0,1,0,1,0,1,0,0,1,0,1,0,0.7549271580540284,72.62399260479754
0,1,45.3,45.3,1,0,0,0,1,0,0,0,0,0,0,0,0,0,0,0,0,0,0,0,0,0,0,1,0,1,0,0.7543799434170151,34.17341143679078
0,34,105.35,3540.65,0,1,0,0,1,0,1,1,0,0,0,0,1,0,0,0,1,0,1,0,1,0,0,1,0,1,0,0.7542639742054086,79.46170968253979
0,17,69.0,1149.65,1,1,1,1,1,0,0,1,0,0,0,0,0,0,0,0,0,0,0,0,0,0,0,1,0,1,0,0.7542569950804329,52.04373266054987
0,11,70.2,760.05,0,1,0,0,1,0,0,1,0,0,0,0,0,0,0,0,0,0,0,0,0,0,0,0,0,1,0,0.7541041313598313,52.93811002146016
0,2,73.55,145.4,1,0,1,1,1,0,0,1,0,0,0,0,1,0,0,0,0,0,0,0,0,0,0,1,0,0,0,0.7539230388851557,55.4510395100032
1,29,101.45,2948.6,0,1,0,0,1,0,0,1,0,0,0,0,1,0,1,0,0,0,1,0,1,0,0,1,0,0,0,0.7536999884422492,76.46286382746618
0,1,75.5,75.5,0,1,0,0,1,0,0,0,0,0,0,0,0,0,1,0,1,0,1,0,1,0,0,1,0,1,0,0.7536405298702776,56.89986000520596
0,3,80.0,241.3,0,0,1,1,1,0,0,1,0,0,0,0,1,0,0,0,1,0,0,0,0,0,0,1,0,1,0,0.7533076629166783,60.264613033334264
0,2,45.0,89.75,0,0,1,0,1,0,0,0,0,0,0,0,0,0,0,0,0,0,0,0,0,0,0,1,0,1,0,0.7531356384034634,33.891103728155855
0,52,105.05,5624.85,1,0,1,0,1,0,1,1,0,0,0,0,1,0,1,0,0,0,1,0,1,0,0,1,0,1,0,0.7530454598493128,79.1074255571703
0,5,88.9,454.15,1,0,1,0,1,0,0,1,0,0,1,0,0,0,1,0,0,0,0,0,1,0,0,1,0,0,1,0.7530215537317471,66.94361612675232
1,34,108.9,3625.2,0,1,1,1,1,0,1,1,0,0,0,0,1,0,1,0,1,0,1,0,1,0,0,1,0,1,0,0.752706406676738,81.96972768709678
1,3,75.05,202.9,0,0,0,0,1,0,0,1,0,0,0,0,0,0,1,0,0,0,0,0,0,0,0,0,0,0,1,0.7526810853988816,56.48871545918606
0,21,86.05,1818.9,0,0,1,0,1,0,0,1,0,0,0,0,0,0,0,0,1,0,1,0,0,0,0,1,0,1,0,0.7525610102346726,64.75787493069357
0,5,99.15,465.05,1,0,1,1,1,0,0,1,0,0,0,0,1,0,0,0,1,0,1,0,1,0,0,1,0,0,1,0.7522499568204041,74.58558321874307
0,18,39.05,669.85,1,0,1,0,0,1,0,0,0,0,0,0,0,0,1,0,0,0,1,0,0,0,0,1,0,1,0,0.7522382864453724,29.37490508569179
1,37,76.5,2868.15,1,0,1,0,1,0,1,1,0,0,0,0,0,0,0,0,0,0,0,0,0,0,0,1,0,1,0,0.7522070724257905,57.54384104057298
0,11,69.35,712.25,0,1,0,0,1,0,0,0,0,0,0,0,0,0,1,0,0,0,1,0,1,0,0,1,0,1,0,0.7521652461670802,52.16265982168701
0,23,79.15,1676.95,1,0,0,0,1,0,1,1,0,0,0,0,1,0,0,0,0,0,0,0,0,0,0,1,0,1,0,0.7520462490663875,59.524460613604575
0,2,70.75,146.9,1,0,0,0,1,0,0,0,0,0,1,0,0,0,0,0,0,0,1,0,1,0,0,1,0,1,0,0.7519738392965925,53.20214913023391
0,1,44.1,44.1,1,0,0,0,1,0,0,0,0,0,0,0,0,0,0,0,0,0,0,0,0,0,0,1,0,1,0,0.7519484552154139,33.16092687499975
0,1,62.8,62.8,0,1,0,0,1,0,0,0,0,0,0,0,0,0,0,0,0,0,1,0,1,0,0,1,0,0,1,0.7518093247981035,47.2136255973209
0,9,75.85,647.5,0,0,1,1,1,0,0,1,0,0,0,0,0,0,0,0,1,0,0,0,0,0,0,1,0,1,0,0.7516371843543718,57.011680433279096
1,10,29.65,291.4,1,0,0,0,0,1,0,0,0,0,0,0,0,0,0,0,1,0,0,0,0,0,0,1,0,1,0,0.751561481099093,22.283797914588106
0,8,38.5,330.8,0,0,0,1,0,1,0,0,0,0,1,0,0,0,0,0,0,0,0,0,1,0,0,1,0,1,0,0.7514711458338578,28.931639114603524
1,44,89.2,4040.2,0,1,1,0,1,0,1,1,0,0,0,0,0,0,1,0,0,0,1,0,0,0,0,1,0,1,0,0.7509182854324997,66.98191106057898
0,1,71.1,71.1,1,0,0,0,1,0,0,1,0,0,0,0,0,0,0,0,0,0,0,0,0,0,0,0,0,0,1,0.7508738110794032,53.38712796774556
0,1,71.1,71.1,0,0,0,0,1,0,0,1,0,0,0,0,0,0,0,0,0,0,0,0,0,0,0,0,0,0,1,0.7508738110794032,53.38712796774556
0,23,104.05,2470.1,1,1,0,0,1,0,1,1,0,0,0,0,0,0,1,0,1,0,1,0,1,0,0,1,0,0,1,0.7508583542708194,78.12681176187876
0,3,69.35,191.35,1,1,0,0,1,0,0,0,0,0,0,0,0,0,0,0,1,0,1,0,1,0,0,1,0,1,0,0.7505604218265105,52.0513652536685
0,22,93.2,2157.3,0,1,0,0,1,0,0,1,0,0,0,0,1,0,0,0,0,0,1,0,1,0,0,1,0,0,1,0.7505412608129591,69.9504455077678
0,1,70.9,70.9,1,0,0,0,1,0,0,1,0,0,0,0,0,0,0,0,0,0,0,0,0,0,0,0,0,0,1,0.7504658210288583,53.20802671094606
0,2,70.0,153.05,1,0,0,0,1,0,0,1,0,0,0,0,0,0,0,0,0,0,0,0,0,0,0,0,0,0,0,0.7504426782036089,52.53098747425262
0,29,94.2,2607.6,0,1,0,0,1,0,0,1,0,0,0,0,0,0,0,0,1,0,1,0,1,0,0,1,0,1,0,0.7502068349782457,70.66948385495074
0,1,70.75,70.75,1,0,0,0,1,0,0,1,0,0,0,0,0,0,0,0,0,0,0,0,0,0,0,0,0,0,1,0.7501595359546902,53.07378716879433
1,31,98.9,2911.3,1,0,1,1,1,0,0,1,0,0,0,0,0,0,1,0,1,0,1,0,1,0,0,1,0,1,0,0.7498429547854438,74.1594682282804
0,18,75.6,1395.05,0,1,0,0,1,0,1,1,0,0,0,0,0,0,0,0,0,0,0,0,0,0,0,1,0,0,0,0.7495552900625877,56.66637992873162
0,2,69.75,144.55,1,0,0,0,1,0,0,1,0,0,0,0,0,0,0,0,0,0,0,0,0,0,0,0,0,0,0,0.749498472809377,52.27751847845404
1,34,75.55,2425.4,0,1,1,0,1,0,1,1,0,0,0,0,0,0,0,0,0,0,0,0,0,0,0,1,0,1,0,0.7494832035091215,56.62345602511412
0,18,35.0,553.0,1,0,0,1,0,1,0,0,0,0,0,0,0,0,0,0,0,0,0,0,1,0,0,1,0,1,0,0.749405397095162,26.22918889833067
1,17,81.5,1329.2,1,1,1,0,1,0,0,1,0,0,0,0,0,0,0,0,0,0,0,0,1,0,0,0,0,0,0,0.749380003256149,61.07447026537614
0,16,74.75,1129.35,0,0,0,0,1,0,1,1,0,0,0,0,0,0,0,0,0,0,0,0,0,0,0,1,1,0,0,0.7489961976615788,55.98746577520301
0,16,93.2,1573.7,1,0,0,0,1,0,0,1,0,0,0,0,1,0,1,0,0,0,0,0,1,0,0,1,1,0,0,0.7484483095502273,69.75538245008119
0,1,74.0,74.0,0,1,0,0,1,0,0,1,0,0,0,0,0,0,0,0,1,0,0,0,0,0,0,0,0,1,0,0.748342147714233,55.37731893085324
0,7,75.45,480.75,1,0,0,0,1,0,1,1,0,0,0,0,0,0,0,0,0,0,0,0,0,0,0,0,0,0,1,0.7482885394609942,56.458370302332014
1,16,69.65,1043.3,0,1,0,0,1,0,0,1,0,0,0,0,0,0,0,0,0,0,0,0,0,0,0,0,0,1,0,0.7481735973006215,52.11029105198829
0,1,45.65,45.65,1,1,0,0,1,0,0,0,0,0,0,0,0,0,0,0,0,0,0,0,0,0,0,1,0,1,0,0.7480617651643481,34.14901957975249
0,1,40.1,40.1,1,0,1,1,0,1,0,0,0,0,0,0,0,0,0,0,1,0,1,0,0,0,0,0,0,1,0,0.7480478119804979,29.996717260417967
0,1,45.6,45.6,1,1,0,0,1,0,0,0,0,0,0,0,0,0,0,0,0,0,0,0,0,0,0,1,0,1,0,0.7479590449094824,34.106932447872396
0,1,69.55,69.55,1,0,0,0,1,0,0,1,0,0,0,0,0,0,0,0,0,0,0,0,0,0,0,0,0,0,1,0.7477002412951962,52.00255178208089
0,40,97.1,3706.95,1,1,1,0,1,0,1,1,0,0,0,0,0,0,0,0,0,0,1,0,1,0,0,1,0,0,0,0.7473423441950178,72.56694162133623
1,43,84.85,3645.6,0,1,0,0,1,0,1,1,0,0,0,0,0,0,0,0,0,0,1,0,0,0,0,1,0,1,0,0.7472283114698172,63.40232222821398
0,24,80.25,1861.5,1,1,0,0,1,0,1,1,0,0,0,0,1,0,0,0,0,0,0,0,0,0,0,1,0,1,0,0.7470454082470201,59.95039401182337
0,18,90.0,1527.35,1,0,0,0,1,0,1,1,0,0,0,0,1,0,0,0,0,0,1,0,0,0,0,1,1,0,0,0.7468093523152007,67.21284170836806
0,30,107.5,3242.5,0,0,1,1,1,0,1,1,0,0,0,0,1,0,1,0,1,0,1,0,1,0,0,1,0,1,0,0.74677880416531,80.27872144777082
0,2,45.4,80.95,0,0,0,0,1,0,0,0,0,0,0,0,0,0,0,0,0,0,0,0,0,0,0,1,0,1,0,0.746640194831595,33.89746484535441
0,17,95.65,1640.0,0,1,0,0,1,0,1,1,0,0,0,0,0,0,1,0,1,0,0,0,1,0,0,1,0,0,0,0.7463468932100372,71.38808033554007
0,1,44.8,44.8,0,1,0,0,1,0,0,0,0,0,0,0,0,0,0,0,0,0,0,0,0,0,0,1,0,1,0,0.7463117476017218,33.434766292557136
1,60,105.9,6401.25,0,0,1,0,1,0,1,1,0,0,0,0,1,0,1,0,0,0,1,0,1,0,0,1,0,1,0,0.7463094284029527,79.03416846787269
0,1,44.75,44.75,0,1,0,0,1,0,0,0,0,0,0,0,0,0,0,0,0,0,0,0,0,0,0,1,0,1,0,0.7462085559013624,33.39283287658596
1,35,102.05,3452.55,0,0,1,0,1,0,1,1,0,0,0,0,0,0,1,0,0,0,1,0,1,0,0,0,0,0,0,0.7458930003773735,76.11838068851097
0,2,90.75,174.75,0,1,0,0,1,0,1,1,0,0,1,0,0,0,0,0,0,0,0,0,1,0,0,0,0,0,1,0.7457176328311248,67.67387517942457
0,42,100.3,4222.95,0,1,0,0,1,0,1,1,0,0,0,0,0,0,0,0,1,0,1,0,1,0,0,1,0,1,0,0.7456448178938871,74.78817523475688
1,4,75.35,273.4,0,1,0,0,1,0,0,1,0,0,1,0,0,0,0,0,0,0,0,0,0,0,0,0,0,1,0,0.7454824493870618,56.1721025613151
0,8,75.6,535.55,0,0,0,0,1,0,0,1,0,0,0,0,1,0,0,0,0,0,0,0,0,0,0,0,0,1,0,0.7453995955711544,56.35220942517927
0,33,91.25,2964.05,0,1,1,0,1,0,0,1,0,0,0,0,0,0,0,0,0,0,1,0,1,0,0,0,0,1,0,0.7453322519560791,68.01156799099222
0,25,84.6,2088.05,0,0,0,0,1,0,1,1,0,0,0,0,0,0,0,0,0,0,1,0,0,0,0,1,0,0,1,0.7452483052177071,63.04800662141802
0,4,50.9,225.6,1,1,1,1,1,0,1,0,0,0,0,0,0,0,0,0,0,0,0,0,0,0,0,1,0,1,0,0.7448913121334997,37.91496778759513
1,25,105.95,2655.25,1,1,0,0,1,0,1,1,0,0,0,0,1,0,1,0,0,0,1,0,1,0,0,0,0,0,1,0.7446523294665263,78.89591430697845
0,20,70.45,1470.95,1,1,1,1,1,0,0,1,0,0,0,0,0,0,0,0,0,0,0,0,0,0,0,1,0,1,0,0.744535863987009,52.45255161788479
0,18,95.05,1679.4,0,0,0,0,1,0,1,1,0,0,0,0,0,0,1,0,1,0,0,0,1,0,0,1,0,0,0,0.7444306004015382,70.7581285681662
0,24,99.3,2431.35,1,0,1,0,1,0,0,1,0,0,0,0,1,0,1,0,0,0,1,0,1,0,0,1,1,0,0,0.7442309997884078,73.90213827898889
0,12,78.3,909.25,1,0,0,1,1,0,1,1,0,0,1,0,0,0,0,0,0,0,0,0,0,0,0,1,0,1,0,0.7441907879850648,58.27013869923057
0,32,98.85,3145.9,0,1,1,0,1,0,1,1,0,0,0,0,1,0,0,0,0,0,1,0,1,0,0,1,1,0,0,0.7441103352689021,73.55530664133097
0,16,89.05,1448.6,1,1,0,0,1,0,1,1,0,0,0,0,0,0,0,0,1,0,0,0,1,0,0,1,1,0,0,0.7440445934419117,66.25717104600223
0,29,74.2,1993.25,0,0,0,0,1,0,1,1,0,0,0,0,0,0,0,0,0,0,0,0,0,0,0,1,0,1,0,0.7440094939778773,55.2055044531585
0,9,90.35,767.9,0,1,1,1,1,0,1,1,0,0,0,0,0,0,1,0,0,0,1,0,0,1,0,1,0,1,0,0.7439681657089515,67.21752377180377
0,3,89.85,244.45,0,1,0,0,1,0,0,1,0,0,0,0,0,0,1,0,1,0,1,0,0,0,0,1,0,0,1,0.743466984759871,66.8005085806744
1,37,76.25,2841.55,1,0,0,0,1,0,1,1,0,0,0,0,0,0,0,0,0,0,0,0,0,0,0,1,0,1,0,0.7434345657328955,56.68688563713328
0,49,99.8,4872.45,1,1,1,1,1,0,1,1,0,0,0,0,0,0,1,0,0,0,1,0,1,0,0,1,0,1,0,0.7430423826419016,74.15562978766178
0,32,91.05,2871.5,0,1,0,0,1,0,0,1,0,0,0,0,0,0,0,0,0,0,1,0,1,0,0,0,0,1,0,0.7430331299542791,67.65316648233711
0,1,70.6,70.6,1,1,0,0,1,0,0,1,0,0,0,0,0,0,0,0,0,0,0,0,0,0,0,0,0,0,1,0.742729722043799,52.4367183762922
0,15,74.9,1107.25,1,1,1,1,1,0,1,1,0,0,0,0,0,0,0,0,0,0,0,0,0,0,0,1,0,0,0,0.7426903851640391,55.62750984878653
0,9,34.7,296.1,1,1,0,0,0,1,0,0,0,0,0,0,0,0,0,0,0,0,1,0,0,0,0,1,1,0,0,0.7426357942893964,25.76946206184206
1,50,104.95,5222.35,0,0,0,0,1,0,1,1,0,0,0,0,0,0,1,0,1,0,1,0,1,0,0,1,0,1,0,0.7424886035231804,77.92417893975778
0,12,78.1,947.3,1,0,0,0,1,0,0,1,0,0,0,0,0,0,0,0,0,0,0,0,1,0,0,0,0,0,0,0.7424359201341612,57.984245362477985
0,19,89.65,1761.05,1,0,1,0,1,0,1,1,0,0,0,0,0,0,1,0,0,0,0,0,1,0,0,0,0,0,1,0.742430988290515,66.55893810024467
0,1,42.9,42.9,1,1,0,0,1,0,0,0,0,0,0,0,0,0,0,0,0,0,0,0,0,0,0,1,0,1,0,0.7423710294323072,31.847717162645974
0,10,72.15,794.25,1,1,0,0,1,0,1,0,0,0,0,0,0,0,0,0,0,0,1,0,1,0,0,1,1,0,0,0.7422059777531103,53.55016129488691
0,55,96.8,5283.95,1,1,0,0,1,0,1,1,0,0,0,0,0,0,0,0,0,0,1,0,1,0,0,1,0,1,0,0.7421925939957336,71.844243098787
0,1,30.2,30.2,1,1,1,1,0,1,0,0,0,0,0,0,1,0,0,0,0,0,0,0,0,0,0,0,0,1,0,0.741646619048095,22.39772789525247
1,26,84.95,2169.75,1,0,1,0,1,0,0,1,0,0,0,0,1,0,0,0,0,0,0,0,1,0,0,0,0,1,0,0.7416351791492202,63.001908468726256
0,2,59.0,114.15,0,0,0,0,1,0,0,0,0,0,0,0,1,0,0,0,0,0,1,0,0,0,0,1,0,1,0,0.7415904331160661,43.7538355538479
1,38,101.15,3741.85,0,1,1,1,1,0,1,1,0,0,0,0,1,0,0,0,0,0,1,0,1,0,0,0,0,1,0,0.7415066181934763,75.00339443027013
0,3,88.35,262.05,1,1,0,0,1,0,0,1,0,0,0,0,0,0,1,0,1,0,1,0,0,0,0,1,0,0,1,0.7413634983964299,65.49946508332458
0,2,90.35,190.5,0,0,1,0,1,0,0,1,0,0,1,0,1,0,0,0,0,0,1,0,0,0,0,0,0,1,0,0.7412730372796351,66.97401891821502
0,9,86.25,770.5,0,1,0,0,1,0,0,1,0,0,0,0,0,0,0,0,1,0,1,0,0,0,0,0,0,1,0,0.7410189337300689,63.91288303421844
0,15,95.7,1451.1,0,1,0,0,1,0,1,1,0,0,0,0,1,0,0,0,1,0,0,0,1,0,0,0,0,1,0,0.7406928791167224,70.88430853147034
0,29,45.9,1332.4,0,1,1,0,0,1,0,0,0,0,0,0,0,0,0,0,0,0,1,0,1,0,0,1,0,1,0,0.7406255051292319,33.99471068543174
0,17,80.85,1400.85,1,1,1,1,1,0,0,1,0,0,0,0,0,0,0,0,0,0,1,0,0,0,0,0,0,1,0,0.7405681639221403,59.87493605310504
0,31,76.05,2227.8,0,0,0,0,1,0,1,1,0,0,0,0,0,0,0,0,0,0,0,0,0,0,0,1,0,1,0,0.7402909228703579,56.29912468429072
0,1,73.5,73.5,1,0,0,0,1,0,0,1,0,0,0,0,0,0,1,0,0,0,0,0,0,0,0,0,0,0,0,0.7402247062388158,54.40651590855296
0,1,69.4,69.4,1,1,0,0,1,0,0,1,0,0,0,0,0,0,0,0,0,0,0,0,0,0,0,0,0,0,1,0.7402226187048031,51.37144973811334
1,45,93.9,4200.25,0,1,0,0,1,0,1,1,0,0,0,0,0,0,0,0,0,0,1,0,1,0,0,1,0,0,0,0.7402044912705592,69.50520173030552
1,42,95.55,3930.6,0,0,1,0,1,0,1,1,0,0,0,0,1,0,1,0,0,0,1,0,0,0,0,1,0,1,0,0.7401989519033598,70.72600985436603
0,2,80.15,194.55,0,0,1,0,1,0,0,1,0,0,1,0,0,0,0,0,1,0,0,0,0,0,0,1,0,1,0,0.7401763194190014,59.32513200143297
1,36,85.25,3132.75,1,1,1,0,1,0,1,1,0,0,0,0,0,0,0,0,0,0,0,0,1,0,0,1,1,0,0,0.7401498568553426,63.09777529691796
0,21,102.8,2110.15,1,0,1,1,1,0,0,1,0,0,0,0,1,0,1,0,1,0,1,0,1,0,0,1,0,1,0,0.7400652988938645,76.07871272628927
0,27,95.0,2462.55,0,0,1,0,1,0,1,1,0,0,0,0,0,0,0,0,0,0,1,0,1,0,0,0,1,0,0,0.7400530261688718,70.30503748604282
0,11,35.8,363.15,0,0,0,0,0,1,0,0,0,0,0,0,0,0,0,0,0,0,1,0,0,0,0,1,0,0,1,0.7400340901880837,26.493220428733395
0,2,45.15,98.5,1,1,0,0,1,0,0,0,0,0,0,0,0,0,0,0,0,0,0,0,0,0,0,1,0,1,0,0.7398924714585261,33.40614508635245
0,11,72.9,818.45,0,1,0,0,1,0,0,1,0,0,0,0,0,0,1,0,0,0,0,0,0,0,0,0,0,1,0,0.739725187372208,53.92596615943397
0,24,89.85,2165.05,1,1,0,0,1,0,1,1,0,0,0,0,0,0,1,0,0,0,1,0,0,0,0,1,0,0,1,0.7396971533495843,66.46178922846015
0,19,39.7,710.05,0,0,0,0,0,1,0,0,0,0,0,0,1,0,0,0,0,0,0,0,1,0,0,1,0,1,0,0.7394454091222098,29.35598274215173
0,20,78.8,1641.3,0,1,0,0,1,0,0,1,0,0,0,0,0,0,0,0,0,0,1,0,0,0,0,0,0,1,0,0.739371118215757,58.26244411540165
0,4,89.6,365.65,1,0,0,1,1,0,1,1,0,0,0,0,1,0,0,0,0,0,1,0,0,0,0,0,0,0,1,0.7393644547660768,66.24705514704048
1,32,85.95,2628.6,1,0,1,0,1,0,1,1,0,0,0,0,0,0,0,0,0,0,1,0,0,0,0,1,1,0,0,0.7393264753611811,63.54511055729352
0,17,93.85,1625.65,1,1,0,0,1,0,0,1,0,0,1,0,0,0,0,0,0,0,1,0,1,0,0,0,0,1,0,0.7389691763678403,69.3522572021218
0,12,73.75,871.4,1,1,0,1,1,0,1,1,0,0,0,0,0,0,0,0,0,0,0,0,0,0,0,1,1,0,0,0.738954420769953,54.497888531784035
0,3,35.2,108.95,1,0,0,0,0,1,0,0,0,0,0,0,0,0,0,0,0,0,1,0,0,0,0,0,1,0,0,0.738931337652732,26.01038308537617
0,13,74.4,896.75,1,1,1,1,1,0,1,1,0,0,0,0,0,0,0,0,0,0,0,0,0,0,0,1,1,0,0,0.7385751753743609,54.94999304785246
1,42,104.75,4323.45,1,0,0,0,1,0,1,1,0,0,0,0,1,0,1,0,0,0,1,0,1,0,0,1,0,0,0,0.7378414302561563,77.28888981933238
0,3,63.6,155.65,1,0,0,0,1,0,1,0,0,0,0,0,0,0,0,0,1,0,1,0,0,0,0,1,0,1,0,0.7378265922453298,46.925771266802975
0,11,78.0,851.8,0,1,0,1,1,0,1,1,0,0,0,0,0,0,1,0,0,0,0,0,0,0,0,1,0,0,1,0.7378018412139432,57.54854361468757
1,25,102.8,2660.2,1,0,0,0,1,0,1,1,0,0,1,0,1,0,0,0,0,0,1,0,1,0,0,1,0,0,1,0.7375608290924762,75.82125323070656
0,26,85.75,2146.5,0,1,0,0,1,0,0,1,0,0,0,0,1,0,0,0,0,0,1,0,0,0,0,1,0,1,0,0.7373356179526436,63.22652923943919
1,23,79.35,1835.3,0,0,0,0,1,0,1,1,0,0,0,0,0,0,1,0,0,0,0,0,0,0,0,1,0,0,1,0.7372747765366291,58.502753518181514
1,40,94.55,3640.45,1,0,1,1,1,0,1,1,0,0,0,0,0,0,0,0,0,0,1,0,1,0,0,1,1,0,0,0.7368016055732152,69.6645918069475
0,4,77.95,305.55,1,0,0,0,1,0,1,1,0,0,0,0,1,0,0,0,0,0,0,0,0,0,0,0,0,0,0,0.7363933459562895,57.40186131729276
1,13,89.05,1169.35,1,1,1,0,1,0,0,1,0,0,0,0,1,0,0,0,1,0,0,0,1,0,0,1,0,0,0,0.7361085196688523,65.5504636765113
1,32,106.35,3520.75,1,1,1,0,1,0,1,1,0,0,0,0,1,0,1,0,0,0,1,0,1,0,0,0,0,0,0,0.7360382055531454,78.277663160577
0,2,70.7,129.2,0,1,0,0,1,0,0,1,0,0,0,0,0,0,0,0,0,0,0,0,0,0,0,0,0,0,1,0.7360027298518451,52.03539300052545
0,24,88.95,2072.75,0,0,0,0,1,0,1,1,0,0,0,0,0,0,1,0,0,0,1,0,0,0,0,1,1,0,0,0.7356526468214765,65.43630293477034
1,23,90.0,2024.1,0,1,1,0,1,0,0,1,0,0,1,0,1,0,0,0,0,0,0,0,1,0,0,1,0,1,0,0.7355987419005499,66.20388677104948
0,1,25.25,25.25,0,0,0,0,0,1,0,0,0,0,0,0,0,0,0,0,0,0,0,0,0,0,0,0,0,0,0,0.7354814097493632,18.57090559617142
0,1,74.3,74.3,0,1,0,0,1,0,0,1,0,0,0,0,0,0,0,0,1,0,0,0,0,0,0,1,0,0,1,0.7353157664472006,54.633961447027005
0,29,100.55,2878.75,0,0,0,0,1,0,1,1,0,0,0,0,0,0,1,0,0,0,1,0,1,0,0,0,0,0,0,0.7352409514060426,73.92847766387759
0,15,85.9,1269.55,1,0,0,1,1,0,0,1,0,0,0,0,1,0,0,0,0,0,0,0,1,0,0,1,0,0,0,0.7352251863010022,63.155843503256094
0,1,45.7,45.7,1,0,1,1,1,0,0,0,0,0,0,0,0,0,0,0,0,0,0,0,0,0,0,1,0,1,0,0.7351892846177887,33.598150307032945
0,19,78.7,1495.1,0,1,0,0,1,0,0,1,0,0,0,0,0,0,0,0,0,0,1,0,0,0,0,1,0,0,0,0.7350877493467162,57.851405873586565
0,1,50.5,50.5,1,1,0,0,1,0,0,0,0,0,0,0,0,0,1,0,0,0,0,0,0,0,0,1,0,1,0,0.7349830238297484,37.1166427034023
1,58,98.9,5780.7,0,1,1,0,1,0,1,1,0,0,0,0,1,0,0,0,0,0,1,0,1,0,0,1,0,1,0,0.734806625232896,72.67237523553342
0,9,29.95,248.95,1,1,1,1,0,1,0,0,0,0,0,0,1,0,0,0,0,0,0,0,0,0,0,1,0,1,0,0.7346212729997854,22.00190712634357
0,36,94.7,3512.5,0,1,0,1,1,0,0,1,0,0,0,0,1,0,0,0,0,0,1,0,1,0,0,1,0,1,0,0.7344348245714477,69.5509778869161
0,13,70.15,886.7,0,0,0,0,1,0,0,1,0,0,0,0,0,0,0,0,0,0,0,0,0,0,0,1,0,0,1,0.7344113386713841,51.5189554077976
0,1,44.65,44.65,1,1,0,0,0,1,0,0,0,0,0,0,1,0,0,0,1,0,0,0,1,0,0,1,0,0,1,0.7342489243841293,32.78421447375137
0,8,84.95,668.4,1,0,0,0,1,0,0,1,0,0,1,0,0,0,0,0,0,0,1,0,0,0,0,0,0,1,0,0.7338056258552601,62.33678791640435
0,47,99.35,4749.15,1,1,1,1,1,0,1,1,0,0,0,0,1,0,0,0,0,0,1,0,1,0,0,1,0,1,0,0.7335614318423703,72.87932825353948
1,18,80.55,1411.65,0,1,0,0,1,0,1,1,0,0,0,0,1,0,0,0,0,0,0,0,0,0,0,1,1,0,0,0.7335271110890111,59.085608798219845
0,37,95.15,3532.85,0,0,1,1,1,0,1,1,0,0,0,0,1,0,1,0,0,0,0,0,1,0,0,1,0,1,0,0.7335038063888724,69.7928871779012
0,4,74.4,299.7,1,1,0,0,1,0,0,0,0,0,0,0,0,0,1,0,1,0,1,0,1,0,0,1,0,1,0,0.7334274813431615,54.56700461193122
0,13,31.65,389.95,0,0,0,0,0,1,0,0,0,0,0,0,1,0,0,0,0,0,0,0,0,0,0,1,0,1,0,0.732860534719773,23.195035923880813
0,14,75.35,1025.95,1,0,0,0,1,0,0,1,0,0,0,0,0,0,1,0,0,0,0,0,0,0,0,0,0,1,0,0.7328525262964825,55.22043785643995
0,42,105.2,4400.75,1,0,0,0,1,0,1,1,0,0,1,0,0,0,1,0,0,0,1,0,1,0,0,1,0,1,0,0.7328245272527718,77.0931402669916
0,14,76.45,1117.55,0,1,0,0,1,0,0,1,0,0,0,0,0,0,1,0,0,0,0,0,0,0,0,0,0,1,0,0.7327961208490621,56.0222634389108
0,19,39.65,733.35,1,1,0,0,0,1,0,0,0,0,0,0,0,0,1,0,0,0,1,0,0,0,0,1,0,1,0,0.7326907787829483,29.0511893787439
0,40,84.9,3369.05,0,1,0,0,1,0,1,1,0,0,0,0,0,0,0,0,0,0,1,0,0,0,0,1,0,1,0,0.7325130737822688,62.19035996411463
0,3,45.35,141.5,1,1,0,0,1,0,0,0,0,0,0,0,0,0,0,0,0,0,0,0,0,0,0,1,0,1,0,0.732470386925226,33.217532047059
0,2,70.7,140.7,1,1,0,0,1,0,0,1,0,0,0,0,0,0,0,0,0,0,0,0,0,0,0,0,1,0,0,0.7321187548552806,51.76079596826834
0,7,79.65,604.7,1,0,0,0,1,0,1,1,0,0,1,0,0,0,0,0,0,0,0,0,0,0,0,1,0,0,1,0.732077624572604,58.30998279720791
0,1,75.35,75.35,0,1,1,0,1,0,0,1,0,0,0,0,0,0,1,0,0,0,0,0,0,0,0,0,1,0,0,0.7318770180512317,55.14693331016031
0,1,54.75,54.75,1,0,0,0,1,0,0,0,0,0,0,0,0,0,0,0,0,0,0,0,1,0,0,1,0,0,1,0.7316028567401096,40.055256406521
0,6,78.95,494.95,0,1,0,0,1,0,0,1,0,0,1,0,1,0,0,0,0,0,0,0,0,0,0,1,0,1,0,0.7314402256363758,57.74720581399187
0,25,74.6,1797.75,0,0,1,0,1,0,0,1,0,0,0,0,0,0,1,0,0,0,0,0,0,0,0,1,0,1,0,0.7313815770884842,54.56106565080091
0,11,73.5,791.75,1,1,0,0,1,0,0,1,0,0,1,0,0,0,0,0,0,0,0,0,0,0,0,1,0,1,0,0.7312380087463238,53.7459936428548
1,1,46.0,46.0,1,0,1,0,1,0,0,0,0,0,0,0,0,0,0,0,0,0,0,0,0,0,0,0,0,1,0,0.7308119983437062,33.61735192381049
1,22,90.5,1910.6,1,1,0,0,1,0,1,1,0,0,0,0,0,0,0,0,1,0,1,0,0,0,0,1,0,0,0,0.7307716948579547,66.1348383846449
0,32,85.65,2664.3,0,1,0,0,1,0,1,1,0,0,0,0,0,0,0,0,0,0,0,0,1,0,0,1,0,0,0,0.7306926530103653,62.58382573033779
0,13,78.3,1033.95,0,1,0,1,1,0,0,1,0,0,0,0,0,0,0,0,0,0,1,0,0,0,0,1,1,0,0,0.7306243573085417,57.20788717725881
1,7,64.95,493.65,0,0,0,0,1,0,0,0,0,0,0,0,1,0,1,0,0,0,1,0,0,0,0,1,0,1,0,0.7305462651451147,47.4489799211752
1,43,90.25,3838.75,0,0,0,0,1,0,1,1,0,0,0,0,1,0,0,0,0,0,1,0,0,0,0,1,0,1,0,0.730528557037992,65.93020227267878
0,33,90.65,2989.6,0,0,0,0,1,0,1,1,0,0,1,0,0,0,0,0,0,0,0,0,1,0,0,1,0,1,0,0.7303575833599913,66.20691493158321
0,15,68.6,1108.6,0,1,1,0,1,0,0,1,0,0,0,0,0,0,0,0,0,0,0,0,0,0,0,1,0,0,0,0.7302011506865536,50.09179893709757
0,19,106.6,1934.45,1,0,0,0,1,0,0,1,0,0,1,0,0,0,1,0,1,0,1,0,1,0,0,1,0,1,0,0.7301677418266855,77.83588127872467
1,15,89.0,1288.3,0,0,0,0,1,0,1,1,0,0,0,0,1,0,0,0,0,0,1,0,0,0,0,0,1,0,0,0.7298455624357553,64.95625505678223
1,29,79.3,2414.55,0,1,1,0,1,0,1,1,0,0,0,0,0,0,0,0,1,0,0,0,0,0,0,1,0,1,0,0.7294190960849329,57.84293431953518
0,13,31.05,347.25,1,0,0,0,0,1,0,0,0,0,0,0,1,0,0,0,0,0,0,0,0,0,0,1,0,1,0,0.7292565973553781,22.64341734788449
0,4,87.1,341.45,1,0,0,1,1,0,1,1,0,0,0,0,0,0,1,0,1,0,0,0,0,0,0,1,0,0,1,0.7290293840708674,63.498459352572546
0,12,99.7,1238.45,1,0,0,0,1,0,1,1,0,0,1,0,1,0,1,0,0,0,0,0,1,0,0,1,0,0,0,0.7288528676832061,72.66663090801565
0,17,90.95,1612.2,0,1,0,0,1,0,0,1,0,0,0,0,1,0,1,0,0,0,0,0,1,0,0,1,1,0,0,0.7285416076887544,66.26085921929221
0,4,65.6,250.1,0,1,1,0,1,0,1,0,0,0,0,0,0,0,1,0,0,0,1,0,0,0,0,0,0,1,0,0.7283887535398118,47.78230223221165
0,9,80.55,653.9,0,0,0,0,1,0,0,1,0,0,0,0,1,0,1,0,0,0,0,0,0,0,0,0,0,1,0,0.7283847561174283,58.671392105258846
0,3,77.4,206.15,0,1,0,0,1,0,0,0,0,0,1,0,0,0,1,0,0,0,1,0,1,0,0,1,0,1,0,0.7281510920883846,56.35889452764097
0,17,80.5,1336.9,0,1,1,0,1,0,1,1,0,0,0,0,1,0,0,0,0,0,0,0,0,0,0,1,0,0,0,0.7281288875020243,58.614375443912955
1,24,78.85,1772.25,1,1,1,0,1,0,1,1,0,0,1,0,0,0,0,0,0,0,0,0,0,0,0,1,0,1,0,0.7279148324738518,57.39608454056321
1,45,86.1,3861.45,0,0,1,0,1,0,0,1,0,0,0,0,0,0,1,0,0,0,0,0,1,0,0,1,0,1,0,0.7278693585003618,62.66955176688115
0,1,25.2,25.2,1,0,0,0,0,1,0,0,0,0,0,0,0,0,0,0,0,0,0,0,0,0,0,0,0,0,1,0.7277543636215282,18.33940996326251
0,3,75.3,244.1,0,0,0,0,1,0,0,0,0,0,0,0,1,0,0,0,1,0,1,0,1,0,0,1,0,1,0,0.727414506379734,54.77431233039397
0,10,110.1,1043.3,1,1,0,0,1,0,0,1,0,0,1,0,1,0,1,0,1,0,1,0,1,0,0,1,0,1,0,0.727355982979565,80.08189372605011
0,2,60.85,111.4,0,0,0,0,1,0,0,0,0,0,0,0,0,0,1,0,0,0,0,0,1,0,0,0,0,1,0,0.7273495801792705,44.259221953908614
0,3,43.3,123.65,1,1,0,0,1,0,0,0,0,0,0,0,0,0,0,0,0,0,0,0,0,0,0,1,0,1,0,0.7271923681609844,31.487429541370624
0,1,24.8,24.8,1,1,0,0,0,1,0,0,0,0,0,0,0,0,0,0,0,0,0,0,0,0,0,0,0,0,0,0.7271252105804328,18.032705222394732
0,2,30.25,63.75,0,0,1,1,0,1,0,0,0,0,0,0,1,0,0,0,0,0,0,0,0,0,0,1,0,0,1,0.7267934446281067,21.985501700000228
0,15,83.2,1130.0,0,0,0,0,1,0,0,1,0,0,0,0,1,0,0,0,0,0,1,0,0,0,0,1,0,0,0,0.7266403068243927,60.45647352778948
0,38,101.15,3956.7,0,1,1,1,1,0,1,1,0,0,0,0,0,0,1,0,0,0,1,0,1,0,0,1,1,0,0,0.7265920841886396,73.4947893156809
0,22,89.4,2001.5,1,1,0,1,1,0,0,1,0,0,0,0,1,0,1,0,0,0,1,0,0,0,0,1,0,1,0,0.7265062626230766,64.94965987850306
0,4,45.9,199.75,0,1,0,0,1,0,0,0,0,0,0,0,0,0,0,0,0,0,0,0,0,0,0,1,0,1,0,0.7265052529440084,33.346591110129985
0,14,70.2,1046.5,0,0,1,1,1,0,0,1,0,0,0,0,0,0,0,0,0,0,0,0,0,0,0,0,0,1,0,0.7263063411188795,50.98670514654534
0,1,55.7,55.7,1,1,0,0,1,0,0,0,0,0,0,0,0,0,0,0,0,0,0,0,1,0,0,1,0,0,1,0.7262145850948941,40.45015238978561
0,1,24.4,24.4,0,0,0,0,0,1,0,0,0,0,0,0,0,0,0,0,0,0,0,0,0,0,0,0,0,0,1,0.7260233833025451,17.7149705525821
0,49,98.35,4889.2,0,0,1,1,1,0,1,1,0,0,0,0,1,0,0,0,0,0,1,0,1,0,0,1,0,1,0,0.7259613730270631,71.39830103721165
1,22,85.35,1961.6,0,0,1,1,1,0,1,1,0,0,0,0,0,0,0,0,0,0,1,0,0,0,0,0,0,0,0,0.7249544294070377,61.87486054989066
0,24,79.85,2001.0,0,1,0,0,1,0,0,1,0,0,0,0,0,0,0,0,0,0,0,0,1,0,0,1,1,0,0,0.724783772377509,57.87398422434409
0,22,87.0,1850.65,0,1,1,0,1,0,0,1,0,0,0,0,0,0,1,0,0,0,1,0,0,0,0,1,0,0,0,0.7244141822660233,63.024033857144026
0,42,92.15,3875.4,0,0,1,1,1,0,0,1,0,0,0,0,0,0,1,0,0,0,1,0,1,0,0,1,0,1,0,0.7243348089257947,66.74745264251199
0,32,78.9,2447.95,1,1,1,0,1,0,1,1,0,0,0,0,0,0,1,0,0,0,0,0,0,0,0,1,0,1,0,0.7240623937379358,57.12852286592314
0,19,84.75,1651.95,0,1,0,0,1,0,1,1,0,0,1,0,0,0,1,0,0,0,0,0,0,0,0,1,0,1,0,0.7232659172827771,61.29678648971536
0,18,84.3,1537.9,0,1,0,0,1,0,1,1,0,0,0,0,0,0,0,0,0,0,1,0,0,0,0,0,0,0,0,0.7231063815645707,60.957867965893314
0,1,31.35,31.35,1,1,0,1,0,1,0,0,0,0,0,0,1,0,0,0,0,0,0,0,0,0,0,1,0,0,1,0.7229946312294427,22.66588168904303
0,35,109.95,3782.4,0,1,1,1,1,0,1,1,0,0,0,0,1,0,1,0,1,0,1,0,1,0,0,1,0,1,0,0.7229593393374062,79.48937936014781
0,19,78.25,1490.95,1,1,0,0,1,0,0,1,0,0,0,0,1,0,1,0,0,0,0,0,0,0,0,1,0,1,0,0.7229418359395372,56.57019866226879
0,14,71.0,914.0,1,0,0,0,1,0,0,1,0,0,0,0,0,0,0,0,0,0,0,0,0,0,0,1,1,0,0,0.722779694748948,51.317358327175306
1,35,94.55,3365.4,0,1,1,0,1,0,1,1,0,0,1,0,1,0,0,0,0,0,0,0,1,0,0,1,0,1,0,0.7227593397827679,68.3368955764607
0,29,85.8,2440.25,0,1,1,0,1,0,1,1,0,0,0,0,1,0,1,0,0,0,0,0,0,0,0,1,0,1,0,0.7225868648636488,61.99795300530106
1,52,104.2,5568.35,1,1,1,0,1,0,1,1,0,0,1,0,0,0,1,0,0,0,1,0,1,0,0,1,0,1,0,0.722530180796699,75.28764483901604
0,1,49.95,49.95,1,0,0,0,1,0,1,0,0,0,0,0,0,0,0,0,0,0,0,0,0,0,0,1,0,0,0,0.7222797286526722,36.07787244620098
0,5,75.65,399.45,0,0,0,0,1,0,0,1,0,0,0,0,0,0,0,0,1,0,0,0,0,0,0,1,0,0,1,0.7221698716607968,54.63215079113928
0,29,87.8,2621.75,0,0,1,1,1,0,0,1,0,0,0,0,0,0,0,0,0,0,1,0,1,0,0,1,1,0,0,0.7215850969735542,63.355171514278055
0,11,74.95,815.5,1,1,0,0,1,0,0,1,0,0,0,0,1,0,0,0,0,0,0,0,0,0,0,0,0,1,0,0.7213067548423204,54.06194127543192
0,27,89.2,2383.6,0,0,0,0,1,0,0,1,0,0,0,0,0,0,1,0,1,0,0,0,1,0,0,1,0,1,0,0.7210682018691944,64.31928360673214
0,17,49.8,836.35,0,1,1,0,0,1,0,0,0,0,0,0,1,0,0,0,0,0,1,0,1,0,0,1,0,0,1,0.7209672546905834,35.90416928359105
1,34,96.35,3190.25,0,0,0,0,1,0,1,1,0,0,0,0,1,0,0,0,1,0,1,0,0,0,0,1,0,1,0,0.7209201030478665,69.46065192866193
0,22,80.0,1706.45,0,0,1,0,1,0,0,1,0,0,0,0,0,0,0,0,0,0,1,0,0,0,0,1,1,0,0,0.7208235167112955,57.66588133690364
0,1,69.75,69.75,1,1,0,1,1,0,0,1,0,0,0,0,0,0,0,0,0,0,0,0,0,0,0,0,0,0,0,0.7207080992744095,50.26938992439006
0,32,91.05,2954.5,1,0,1,1,1,0,1,1,0,0,0,0,0,0,1,0,0,0,0,0,1,0,0,1,0,0,0,0.7206958297809951,65.61935530155961
0,1,25.35,25.35,0,1,0,0,0,1,0,0,0,0,0,0,0,0,0,0,0,0,0,0,0,0,0,0,0,0,1,0.7205658823559815,18.266345117724132
0,24,90.55,2282.55,1,1,0,0,1,0,1,1,0,0,0,0,1,0,0,0,0,0,1,0,0,0,0,1,1,0,0,0.7205293126416059,65.24392925969741
0,52,103.05,5364.8,0,1,0,0,1,0,1,1,0,0,0,0,1,0,1,0,0,0,1,0,1,0,0,1,0,1,0,0.7204734326739928,74.24478723705495
0,5,90.35,434.5,0,1,1,1,1,0,0,1,0,0,1,0,0,0,1,0,0,0,0,0,1,0,0,1,0,0,1,0.7201669583729593,65.06708468899687
0,34,97.7,3410.0,0,1,1,1,1,0,1,1,0,0,0,0,1,0,0,0,0,0,1,0,1,0,0,1,0,0,0,0.7200243072760322,70.34637482086835
0,31,81.15,2640.55,0,1,0,0,1,0,1,1,0,0,0,0,1,0,0,0,0,0,0,0,0,0,0,1,0,1,0,0.719901561498936,58.420011715638665
0,4,33.65,137.85,1,0,0,0,0,1,0,0,0,0,1,0,1,0,0,0,0,0,0,0,0,0,0,1,0,1,0,0.7198117803575255,24.221666409030732
1,40,101.85,4086.3,1,1,1,0,1,0,1,1,0,0,1,0,0,0,0,0,0,0,1,0,1,0,0,0,0,1,0,0.719628394386122,73.29415196822653
1,23,88.45,2130.55,0,0,1,1,1,0,0,1,0,0,0,0,1,0,1,0,0,0,0,0,1,0,0,1,0,0,0,0.7195951689280575,63.64819269168669
0,17,70.4,1214.05,1,1,1,0,1,0,0,1,0,0,0,0,0,0,0,0,0,0,0,0,0,0,0,1,0,0,0,0.7190033606153348,50.61783658731957
0,62,101.35,6164.7,0,0,1,0,1,0,1,1,0,0,0,0,0,0,1,0,0,0,1,0,1,0,0,1,0,1,0,0.7188222193510141,72.85263193122528
0,4,105.65,443.9,1,0,0,0,1,0,0,1,0,0,0,0,1,0,1,0,1,0,1,0,1,1,0,1,0,1,0,0.7187500118198697,75.93593874876925
0,16,80.55,1248.9,0,1,0,0,1,0,1,1,0,0,0,0,1,0,0,0,0,0,0,0,0,0,0,1,0,0,1,0.7187343596348749,57.89405266858917
1,15,75.3,1147.45,1,0,0,0,1,0,0,1,0,0,0,0,1,0,0,0,0,0,0,0,0,0,0,1,1,0,0,0.7186986029425234,54.11800480157201
1,20,91.0,1859.5,0,0,1,0,1,0,0,1,0,0,0,0,0,0,0,0,0,0,1,0,1,1,0,1,0,0,0,0.7185284238551009,65.38608657081417
0,1,24.4,24.4,0,1,0,0,0,1,0,0,0,0,0,0,0,0,0,0,0,0,0,0,0,0,0,0,0,0,1,0.718476289579181,17.530821465732014
1,26,85.7,2067.0,0,0,1,0,1,0,0,1,0,0,0,0,0,0,1,0,0,0,1,0,0,0,0,1,1,0,0,0.7183145451521114,61.559556519535946
1,32,91.35,2896.55,0,0,1,1,1,0,1,1,0,0,0,0,0,0,1,0,0,0,1,0,0,0,0,1,0,0,1,0.7181072622197369,65.59909840377296
0,3,49.15,169.05,1,1,0,0,1,0,0,0,0,0,0,0,0,0,1,0,0,0,0,0,0,0,0,1,0,1,0,0.7179168780517567,35.28561455624384
0,23,90.15,2044.95,0,0,1,0,1,0,1,1,0,0,0,0,0,0,1,0,0,0,0,0,1,0,0,0,0,0,1,0.7178714568502038,64.71611183504588
0,1,44.4,44.4,1,1,0,1,1,0,0,0,0,0,0,0,0,0,0,0,0,0,0,0,0,0,0,1,0,1,0,0.7176640086929784,31.86428198596824
0,38,99.25,3777.15,1,1,0,1,1,0,1,1,0,0,0,0,0,0,1,0,0,0,1,0,1,0,0,1,0,0,0,0.7175716430918122,71.21898557686237
0,2,44.5,90.05,0,1,1,1,1,0,0,0,0,0,0,0,0,0,0,0,0,0,0,0,0,0,0,1,0,1,0,0.7172342021116841,31.916921993969943
0,20,95.5,1916.2,0,0,1,1,1,0,1,1,0,0,0,0,0,0,1,0,1,0,0,0,1,0,0,1,0,0,0,0.7170954570633816,68.48261614955294
0,13,98.15,1230.25,1,1,0,0,1,0,1,1,0,0,1,0,0,0,0,0,0,0,1,0,1,0,0,0,0,0,1,0.7169277786192318,70.3664614714776
1,1,46.3,46.3,0,1,0,0,1,0,0,0,0,0,0,0,0,0,0,0,0,0,0,0,0,0,0,0,0,1,0,0.7166644718784564,33.181565047972526
0,60,106.15,6411.25,0,0,1,0,1,0,1,1,0,0,0,0,1,0,1,0,0,0,1,0,1,0,0,1,0,1,0,0.7166241071462155,76.06964897357078
0,1,55.3,55.3,0,0,1,0,1,0,0,0,0,0,0,0,0,0,0,0,0,0,1,0,0,0,0,1,0,0,1,0.7165695662242691,39.62629701220208
0,39,106.4,4040.65,0,1,0,0,1,0,1,1,0,0,1,0,1,0,0,0,0,0,1,0,1,0,0,1,0,1,0,0.7162403518825521,76.20797344030355
0,8,25.25,186.3,0,1,0,0,0,1,0,0,0,0,0,0,0,0,0,0,0,0,0,0,0,0,0,1,1,0,0,0.7161807131932647,18.083563008129932
0,35,75.2,2576.2,1,1,1,0,1,0,1,1,0,0,0,0,0,0,0,0,0,0,0,0,0,0,0,1,0,1,0,0.7161184237200753,53.852105463749666
0,8,30.45,226.45,1,1,0,0,0,1,0,0,0,0,1,0,0,0,0,0,0,0,0,0,0,0,0,1,0,1,0,0.7156208918103895,21.79065615562636
0,1,48.6,48.6,0,0,0,0,1,0,0,0,0,0,0,0,1,0,0,0,0,0,0,0,0,0,0,1,0,1,0,0.7155384882625572,34.77517052956028
0,34,105.1,3634.8,0,0,0,0,1,0,0,1,0,0,0,0,1,0,1,0,1,0,1,0,1,0,0,1,0,1,0,0.7154708625189669,75.19598765074342
1,10,75.3,720.45,0,1,1,0,1,0,0,1,0,0,1,0,0,0,0,0,0,0,0,0,0,0,0,0,0,1,0,0.7153372084808967,53.86489179861152
1,27,88.3,2467.75,1,0,0,0,1,0,1,1,0,0,0,0,0,0,1,0,0,0,0,0,1,0,0,0,1,0,0,0.7151092387213858,63.14414577909836
0,1,50.1,50.1,1,0,0,0,1,0,1,0,0,0,0,0,0,0,0,0,0,0,0,0,0,0,0,1,0,0,1,0.7147614638898249,35.809549340880224
0,11,79.0,929.3,0,0,0,0,1,0,1,1,0,0,1,0,0,0,0,0,0,0,0,0,0,0,0,1,0,0,0,0.7147305462032887,56.4637131500598
1,63,103.5,6479.4,0,0,1,0,1,0,1,1,0,0,0,0,1,0,1,0,0,0,1,0,1,0,0,1,0,1,0,0.7146904397306058,73.9704605121177
0,48,103.85,4946.05,0,0,0,0,1,0,1,1,0,0,0,0,0,0,1,0,1,0,1,0,1,0,0,1,0,1,0,0.7146230041356131,74.21359897948341
0,2,69.95,143.9,0,1,1,1,1,0,0,1,0,0,0,0,0,0,0,0,0,0,0,0,0,0,0,0,0,0,1,0.7142448335336851,49.96142610568127
1,1,45.2,45.2,0,1,0,0,1,0,0,0,0,0,0,0,0,0,0,0,0,0,0,0,0,0,0,0,0,1,0,0.7142236852110605,32.28291057153994
0,4,80.6,319.15,1,1,1,0,1,0,0,1,0,0,0,0,0,0,1,0,1,0,0,0,0,0,0,1,0,0,1,0.7141025853623497,57.55666838020538
1,1,45.1,45.1,1,1,0,0,1,0,0,0,0,0,0,0,0,0,0,0,0,0,0,0,0,0,0,0,0,1,0,0.7140011710311779,32.20145281350612
0,6,70.55,433.95,0,0,0,0,1,0,0,1,0,0,0,0,0,0,0,0,0,0,0,0,0,0,0,0,1,0,0,0.7138229073425859,50.36020611301944
0,4,54.3,195.3,1,1,0,0,1,0,0,0,0,0,0,0,0,0,0,0,0,0,0,0,1,0,0,0,0,1,0,0.713792890945937,38.758953978364374
1,52,110.75,5832.0,0,1,0,0,1,0,1,1,0,0,0,0,1,0,1,0,1,0,1,0,1,0,0,1,0,1,0,0.7136641133123637,79.03830054934427
1,66,100.8,6690.75,0,0,1,0,1,0,1,1,0,0,0,0,1,0,0,0,0,0,1,0,1,0,0,1,0,1,0,0.7135632149595003,71.92717206791762
0,13,54.45,706.85,1,1,1,0,0,1,0,0,0,0,1,0,0,0,0,0,1,0,1,0,1,0,0,1,0,1,0,0.7134774864827274,38.848849138984505
1,56,100.65,5688.05,1,0,1,0,1,0,1,1,0,0,0,0,0,0,1,0,0,0,1,0,1,0,0,1,0,0,0,0.7134306792235762,71.80679786385295
0,18,95.15,1779.95,1,1,1,1,1,0,0,1,0,0,0,0,0,0,1,0,0,0,1,0,1,0,0,0,0,0,1,0.7132293872005504,67.86377619213238
0,23,99.25,2186.4,1,1,1,0,1,0,1,1,0,0,1,0,1,0,1,0,0,0,1,0,0,0,0,1,0,1,0,0.7132090587135826,70.78599907732308
0,11,50.55,565.35,0,0,1,1,0,1,0,0,0,0,1,0,0,0,0,0,0,0,1,0,1,0,0,0,0,1,0,0.7131385468805166,36.04915354481011
1,27,104.3,2867.75,1,0,1,0,1,0,1,1,0,0,1,0,0,0,0,0,1,0,1,0,1,0,0,1,0,0,0,0.7131233680232694,74.37876728482699
0,4,68.65,261.25,1,0,0,0,1,0,0,0,0,0,0,0,1,0,0,0,0,0,1,0,1,0,0,1,0,0,0,0.7129241388865873,48.942242134564225
1,5,80.7,374.8,0,0,0,0,1,0,0,1,0,0,1,0,1,0,0,0,0,0,0,0,0,0,0,0,0,1,0,0.7128922042876746,57.53040088601534
0,1,50.75,50.75,1,1,0,0,1,0,0,0,0,0,0,0,1,0,0,0,0,0,0,0,0,0,0,1,0,1,0,0.7126413818155481,36.16655012713907
0,45,107.75,4882.8,0,1,1,0,1,0,1,1,0,0,0,0,1,0,1,0,0,0,1,0,1,0,0,1,0,0,0,0.7126381121146648,76.78675658035513
0,34,85.35,2896.6,0,0,0,0,1,0,1,1,0,0,0,0,0,0,0,0,0,0,1,0,0,0,0,0,0,1,0,0.7125260190523578,60.81409572611874
0,15,87.75,1242.2,0,1,0,0,1,0,1,1,0,0,1,0,0,0,0,0,0,0,1,0,0,0,0,1,0,0,0,0.7124398770476408,62.51659921093048
0,20,69.8,1540.35,0,0,1,0,1,0,0,1,0,0,0,0,0,0,0,0,0,0,0,0,0,0,0,1,0,0,0,0.7119779583050543,49.69606148969279
0,22,84.3,1855.65,1,0,0,0,1,0,0,1,0,0,0,0,1,0,0,0,0,0,0,0,1,0,0,1,0,0,1,0.7119208287604372,60.01492586450485
0,3,30.4,82.15,0,1,0,0,0,1,0,0,0,0,0,0,0,0,0,0,1,0,0,0,0,0,0,0,0,1,0,0.7118866382632872,21.64135380320393
0,11,75.9,866.4,0,1,0,0,1,0,0,1,0,0,0,0,1,0,0,0,0,0,0,0,0,0,0,1,0,0,1,0.7117706753392309,54.02339425824763
0,30,100.4,2936.25,0,1,0,0,1,0,1,1,0,0,1,0,0,0,0,0,0,0,1,0,1,0,0,1,0,0,0,0.7116395537048794,71.4486111919699
0,12,79.55,958.25,0,0,0,0,1,0,1,1,0,0,0,0,0,0,0,0,1,0,0,0,0,0,0,1,1,0,0,0.7115595562423535,56.60456269907922
1,1,44.0,44.0,0,1,0,0,1,0,0,0,0,0,0,0,0,0,0,0,0,0,0,0,0,0,0,0,0,1,0,0.7115466758267859,31.30805373637858
1,9,75.5,637.4,0,0,0,0,1,0,0,1,0,0,0,0,0,0,1,0,0,0,0,0,0,0,0,0,1,0,0,0.711362622052158,53.70787796493792
1,2,43.95,85.1,0,0,0,0,1,0,0,0,0,0,0,0,0,0,0,0,0,0,0,0,0,0,0,0,0,1,0,0.710770096546752,31.238345743229754
1,36,90.85,3186.7,1,1,0,0,1,0,1,1,0,0,1,0,0,0,0,0,0,0,1,0,0,0,0,1,0,1,0,0.7105421325149494,64.55275273898314
0,12,95.7,1184.0,0,1,0,0,1,0,0,1,0,0,0,0,0,0,1,0,0,0,1,0,1,1,0,0,0,1,0,0.7104567171498719,67.99070783124274
0,37,88.8,3340.55,0,0,1,1,1,0,1,1,0,0,0,0,1,0,0,0,0,0,1,0,0,0,0,1,0,1,0,0.7098428088656057,63.034041427265784
0,17,89.4,1539.45,1,1,1,1,1,0,0,1,0,0,1,0,0,0,1,0,0,0,1,0,0,0,0,1,0,1,0,0.7096726529687158,63.4447351754032
1,17,85.35,1463.45,1,0,1,0,1,0,1,1,0,0,1,0,0,0,1,0,0,0,0,0,0,0,0,1,0,0,0,0.709551937914499,60.56025790100249
1,20,80.7,1614.2,0,0,0,0,1,0,0,1,0,0,0,0,0,0,0,0,0,0,1,0,0,0,0,0,0,0,0,0.7095119978763483,57.25761822862131
0,37,101.9,3545.35,1,0,0,0,1,0,1,1,0,0,0,0,1,0,1,0,0,0,1,0,1,0,0,1,0,0,0,0.7092634816695967,72.27394878213191
1,50,95.05,4888.7,1,0,1,0,1,0,1,1,0,0,0,0,1,0,1,0,0,0,1,0,0,0,0,1,0,1,0,0.7090873776517478,67.39875524579863
0,24,75.4,1747.85,1,0,1,0,1,0,1,1,0,0,0,0,0,0,0,0,0,0,0,0,0,0,0,1,1,0,0,0.7090420690967703,53.46177200989648
0,36,93.6,3366.05,0,1,1,0,1,0,0,1,0,0,1,0,0,0,0,0,0,0,1,0,1,0,0,1,0,1,0,0.7090202332593264,66.36429383307295
0,9,24.6,190.1,0,1,0,0,0,1,0,0,0,0,0,0,0,0,0,0,0,0,0,0,0,0,0,1,0,0,1,0.7089912030231839,17.441183594370322
0,10,78.15,765.15,0,0,1,0,1,0,1,1,0,0,1,0,0,0,0,0,0,0,0,0,0,0,0,1,1,0,0,0.7089614821311662,55.40533982855064
0,3,25.0,78.25,0,1,1,0,0,1,0,0,0,0,0,0,0,0,0,0,0,0,0,0,0,0,0,0,0,0,1,0.7088938994106915,17.722347485267285
0,3,40.3,92.5,0,0,1,1,0,1,0,0,0,0,0,0,1,0,0,0,0,0,0,0,1,0,0,0,0,0,1,0.7088414797231399,28.566311632842538
0,24,79.65,1928.7,0,0,1,0,1,0,1,1,0,0,0,0,0,0,1,0,0,0,0,0,0,0,0,1,0,0,1,0.708585797375239,56.43885876093779
0,2,24.3,38.45,0,1,0,0,0,1,0,0,0,0,0,0,0,0,0,0,0,0,0,0,0,0,0,0,0,0,1,0.708354407601892,17.213012104725976
0,2,79.7,165.0,1,0,1,0,1,0,0,1,0,0,0,0,1,0,1,0,0,0,0,0,0,0,0,0,0,0,0,0.7082695035321931,56.44907943151579
0,7,69.15,488.65,0,1,0,0,1,0,0,1,0,0,0,0,0,0,0,0,0,0,0,0,0,0,0,0,0,0,0,0.7081459769250992,48.96829430437061
0,16,69.95,1205.5,0,1,0,0,1,0,0,1,0,0,0,0,0,0,0,0,0,0,0,0,0,0,0,1,1,0,0,0.7081447547386949,49.53472559397171
0,4,50.7,214.55,0,0,0,0,1,0,1,0,0,0,0,0,0,0,0,0,0,0,0,0,0,0,0,0,0,1,0,0.7078980785632327,35.8904325831559
0,8,54.4,475.1,0,1,1,1,1,0,0,0,0,0,0,0,0,0,0,0,0,0,1,0,0,0,0,1,0,1,0,0.7078262989828848,38.50575066466894
0,60,105.9,6396.45,1,0,0,0,1,0,1,1,0,0,0,0,1,0,1,0,0,0,1,0,1,0,0,1,0,1,0,0.7077664363833371,74.95246561299541
0,22,75.8,1615.1,0,0,1,1,1,0,1,1,0,0,0,0,0,0,0,0,0,0,0,0,0,0,0,1,0,0,0,0.707386682105199,53.619910503574076
1,46,80.4,3605.2,1,1,1,0,1,0,0,1,0,0,0,0,0,0,0,0,0,0,0,0,1,0,0,1,0,1,0,0.707369952642355,56.872544192445346
1,16,74.3,1178.25,1,1,1,0,1,0,0,1,0,0,0,0,1,0,0,0,0,0,0,0,0,0,0,1,1,0,0,0.7073258621034842,52.55431155428888
1,32,80.3,2483.05,1,1,1,0,1,0,0,1,0,0,0,0,0,0,0,0,0,0,0,0,1,0,0,1,1,0,0,0.707267714949189,56.79359751041988
0,10,84.7,832.05,1,0,0,0,1,0,0,1,0,0,1,0,0,0,0,0,0,0,1,0,0,0,0,1,0,0,1,0.7070565191680628,59.88768717353492
0,27,76.1,2093.4,0,0,1,0,1,0,0,1,0,0,0,0,1,0,0,0,0,0,0,0,0,0,0,1,0,1,0,0.7070450785516565,53.80613047778106
1,13,70.45,849.1,0,1,1,0,1,0,0,1,0,0,0,0,0,0,0,0,0,0,0,0,0,0,0,0,0,0,0,0.7068157334767872,49.795168423439655
0,1,54.35,54.35,1,1,0,0,1,0,1,0,0,0,0,0,0,0,1,0,0,0,0,0,0,0,0,0,0,1,0,0.7063057956174942,38.38771999181081
0,31,80.45,2429.1,0,1,0,0,1,0,1,1,0,0,0,0,1,0,0,0,0,0,0,0,0,0,0,1,0,1,0,0.7062664489469522,56.81913581778231
0,26,80.5,2088.8,1,1,0,0,1,0,1,1,0,0,0,0,0,0,0,0,1,0,0,0,0,0,0,1,0,1,0,0.7062457599780553,56.85278367823345
1,24,79.85,1857.75,0,1,1,1,1,0,1,1,0,0,1,0,0,0,0,0,0,0,0,0,0,0,0,1,0,1,0,0.7061711260418215,56.387764414439445
1,37,106.75,4056.75,1,0,0,0,1,0,1,1,0,0,1,0,1,0,0,0,0,0,1,0,1,0,0,1,0,0,0,0.7061187932993211,75.37818118470253
1,10,92.5,934.1,1,1,1,0,1,0,0,1,0,0,0,0,1,0,1,0,1,0,1,0,0,0,0,1,0,0,1,0.7060236401974723,65.3071867182662
0,20,89.1,1879.25,0,0,0,0,1,0,1,1,0,0,1,0,0,0,0,0,0,0,1,0,0,0,0,1,0,0,0,0.7059347335268935,62.898784757246204
0,13,78.75,995.35,0,0,0,0,1,0,1,0,0,0,1,0,0,0,1,0,0,0,1,0,1,0,0,1,0,1,0,0.705581425526425,55.56453726020597
1,1,49.55,49.55,1,0,1,0,1,0,0,0,0,0,1,0,0,0,0,0,0,0,0,0,0,0,0,1,0,1,0,0.7055373558926605,34.959375984481326
1,44,104.15,4495.65,0,0,1,0,1,0,1,1,0,0,0,0,0,0,1,0,1,0,1,0,1,0,0,0,0,1,0,0.7054794685231381,73.47568664668484
0,1,53.55,53.55,1,0,0,0,1,0,0,0,0,0,0,0,0,0,0,0,0,0,1,0,0,0,0,1,0,0,1,0.705165506657478,37.76161288150794
0,1,49.85,49.85,0,1,0,1,1,0,0,0,0,0,0,0,0,0,1,0,0,0,0,0,0,0,0,1,0,1,0,0.7049943229057878,35.14396699685352
1,57,100.6,5746.15,1,1,1,0,1,0,1,1,0,0,0,0,0,0,1,0,0,0,1,0,1,0,0,0,0,1,0,0.7048134746287773,70.90423554765499
1,3,45.0,127.1,1,0,0,0,1,0,0,0,0,0,0,0,0,0,0,0,0,0,0,0,0,0,0,0,0,1,0,0.7046741675408358,31.710337539337612
0,27,90.15,2423.4,0,0,1,0,1,0,1,1,0,0,0,0,0,0,1,0,0,0,0,0,1,0,0,0,0,0,0,0.7045779660272163,63.517703637353556
0,8,70.7,553.4,0,1,0,0,1,0,0,1,0,0,0,0,0,0,0,0,0,0,0,0,0,0,0,0,0,0,0,0.7044557097383122,49.80501867849867
0,8,68.55,564.35,0,0,1,1,1,0,0,0,0,0,0,0,0,0,0,0,1,0,1,0,1,0,0,1,0,1,0,0.7043127931901593,48.28064197318542
0,25,95.7,2338.35,0,1,1,0,1,0,0,1,0,0,0,0,0,0,0,0,1,0,1,0,1,0,0,1,1,0,0,0.7042587036180673,67.39755793624904
1,68,105.3,7299.65,1,1,1,0,1,0,1,1,0,0,0,0,1,0,1,0,0,0,1,0,1,0,0,1,0,1,0,0.7042403365050812,74.15650743398506
0,54,104.3,5278.15,1,1,1,0,1,0,1,1,0,0,0,0,1,0,1,0,0,0,1,0,1,0,0,1,0,1,0,0.7042181680052885,73.44995492295159
0,30,85.45,2509.95,0,1,1,1,1,0,1,1,0,0,0,0,0,0,0,0,0,0,1,0,0,0,0,0,0,1,0,0.7041236492696034,60.16736583008761
0,43,99.3,4209.95,0,0,1,1,1,0,1,1,0,0,0,0,0,0,1,0,0,0,1,0,1,0,0,1,0,0,0,0.7039779489402991,69.9050103297717
0,4,55.3,238.5,0,1,0,0,1,0,0,0,0,0,0,0,0,0,0,0,0,0,0,0,1,0,0,1,0,0,1,0.7037663925225668,38.91828150649794
0,1,55.0,55.0,1,0,0,0,1,0,0,0,0,0,0,0,0,0,0,0,0,0,1,0,0,0,0,1,1,0,0,0.7036428041212228,38.70035422666726
0,20,24.45,482.8,1,0,1,0,0,1,0,0,0,0,0,0,0,0,0,0,0,0,0,0,0,0,0,1,0,1,0,0.7035167033552465,17.200983397035778
0,4,30.5,118.4,0,1,0,0,0,1,0,0,0,0,0,0,0,0,0,0,1,0,0,0,0,0,0,0,0,1,0,0.7033695173010248,21.452770277681257
0,2,62.05,118.3,1,1,0,0,1,0,1,0,0,0,0,0,0,0,0,0,0,0,0,0,1,0,0,0,0,0,0,0.7031586109861039,43.63099181168774
0,60,99.8,5985.75,0,0,1,0,1,0,1,1,0,0,0,0,1,0,0,0,0,0,1,0,1,0,0,1,0,1,0,0.7031379932132933,70.17317172268667
0,1,59.2,59.2,1,0,0,1,1,0,0,0,0,0,0,0,0,0,1,0,0,0,0,0,1,0,0,0,0,1,0,0.7025949572653948,41.59362147011137
1,27,86.45,2401.05,0,0,0,0,1,0,1,1,0,0,0,0,1,0,1,0,0,0,0,0,0,0,0,1,0,0,0,0.7025208180064594,60.73292471665842
0,22,83.3,1845.9,1,0,1,1,1,0,0,1,0,0,0,0,1,0,0,0,0,0,0,0,1,0,0,0,0,1,0,0.7021007167131776,58.4849897022077
0,19,100.95,1875.55,1,1,1,1,1,0,1,1,0,0,0,0,0,0,0,0,1,0,1,0,1,1,0,1,0,1,0,0.7020203954607962,70.86895892176737
0,18,75.4,1380.4,0,0,0,0,1,0,0,1,0,0,1,0,0,0,0,0,0,0,0,0,0,0,0,1,0,1,0,0.7020100113139586,52.93155485307248
0,6,30.5,208.7,1,1,0,0,0,1,0,0,0,0,0,0,1,0,0,0,0,0,0,0,0,0,0,1,1,0,0,0.7019804288056803,21.41040307857325
0,1,49.8,49.8,0,1,0,0,1,0,1,0,0,0,0,0,0,0,0,0,0,0,0,0,0,0,0,1,1,0,0,0.701533926083187,34.93638951894271
0,15,99.1,1426.4,1,0,0,0,1,0,0,1,0,0,1,0,1,0,0,0,0,0,1,0,1,0,0,1,1,0,0,0.7011754469417378,69.48648679192621
1,1,45.85,45.85,0,1,0,0,1,0,0,0,0,0,0,0,0,0,0,0,0,0,0,0,0,0,0,1,0,0,1,0.7009391811461082,32.138061455549064
1,2,56.55,118.25,0,0,0,0,1,0,1,0,0,0,0,0,1,0,0,0,0,0,0,0,0,0,0,1,1,0,0,0.7009373721839077,39.63800839699998
1,36,91.95,3301.05,0,0,1,0,1,0,1,1,0,0,0,0,1,0,0,0,0,0,1,0,0,0,0,1,1,0,0,0.7004290891064229,64.40445474333559
1,21,86.55,1857.25,0,1,1,0,1,0,0,1,0,0,0,0,0,0,1,0,0,0,1,0,0,0,0,0,0,0,0,0.7002540255783378,60.60698591380514
1,39,90.7,3413.25,0,1,0,0,1,0,1,1,0,0,0,0,1,0,0,0,0,0,0,0,1,0,0,0,0,1,0,0.7002286047248157,63.51073444854079
0,3,50.65,151.3,1,0,0,0,1,0,1,0,0,0,0,0,0,0,0,0,0,0,0,0,0,0,0,1,0,0,1,0.7001555707749656,35.462879659752005
1,68,100.2,6851.65,1,0,1,0,1,0,1,1,0,0,0,0,1,0,0,0,0,0,1,0,1,0,0,1,0,1,0,0.6998695868433528,70.12693260170396
0,16,79.95,1267.95,0,0,1,1,1,0,1,1,0,0,0,0,1,0,0,0,0,0,0,0,0,0,0,1,1,0,0,0.6997915303602595,55.948332852302755
0,47,109.55,5124.55,1,1,1,0,1,0,1,1,0,0,0,0,1,0,1,0,1,0,1,0,1,0,0,1,0,1,0,0.6993074522753633,76.60913139676605
0,41,89.2,3645.75,0,1,0,0,1,0,1,1,0,0,0,0,1,0,0,0,0,0,1,0,0,0,0,1,0,1,0,0.6990006610885762,62.350858969101
0,25,105.5,2686.05,0,1,0,0,1,0,0,1,0,0,1,0,0,0,1,0,1,0,1,0,1,0,0,1,0,1,0,0.6989631693750747,73.74061436907039
0,44,111.5,4915.15,0,1,0,0,1,0,1,1,0,0,1,0,1,0,1,0,0,0,1,0,1,0,0,1,0,1,0,0.6988730211942321,77.92434186315688
0,8,75.0,632.95,1,1,1,0,1,0,0,1,0,0,1,0,0,0,0,0,0,0,0,0,0,0,0,0,0,1,0,0.6988487042674533,52.41365282005899
0,6,50.35,314.55,0,0,1,0,1,0,1,0,0,0,0,0,0,0,0,0,0,0,0,0,0,0,0,0,0,1,0,0.6987044836163014,35.17977075008078
1,55,98.8,5617.75,1,1,0,0,1,0,1,1,0,0,1,0,0,0,0,0,0,0,1,0,1,0,0,1,0,1,0,0.6986926392674035,69.03083275961947
0,7,94.05,633.45,0,0,0,0,1,0,0,1,0,0,0,0,1,0,0,0,0,0,1,0,1,1,0,1,0,0,1,0.6983819426752219,65.68282170860462
0,10,98.9,1064.95,0,1,0,0,1,0,0,1,0,0,1,0,0,0,1,0,0,0,1,0,1,1,0,1,0,1,0,0.6983344611961573,69.06527821229996
0,3,50.15,168.15,1,1,1,1,1,0,0,0,0,0,0,0,0,0,1,0,0,0,0,0,0,0,0,1,0,1,0,0.6982886593167942,35.019176264737226
0,1,29.95,29.95,1,0,0,0,0,1,0,0,0,0,0,0,1,0,0,0,0,0,0,0,0,0,0,0,0,0,0,0.6980859364940758,20.90767379799757
0,49,84.5,3906.7,0,0,0,0,1,0,1,1,0,0,0,0,0,0,0,0,0,0,0,0,1,0,0,1,0,1,0,0.6979558751799027,58.97727145270177
0,4,84.05,333.55,1,0,0,1,1,0,1,1,0,0,0,0,1,0,1,0,0,0,0,0,0,0,0,0,0,0,0,0.6978418536006045,58.6536077951308
0,13,84.05,1095.3,1,1,1,1,1,0,0,1,0,0,1,0,0,0,0,0,0,0,0,0,1,0,0,0,0,1,0,0.697789542162921,58.64921101879351
0,1,24.7,24.7,0,0,0,1,0,1,0,0,0,0,0,0,0,0,0,0,0,0,0,0,0,0,0,0,0,0,1,0.6976295609844182,17.23145015631513
0,2,86.25,181.65,1,0,0,0,1,0,0,1,0,0,1,0,1,0,0,0,1,0,0,0,0,0,0,1,0,1,0,0.6976204712620403,60.169765646350974
0,19,73.2,1441.1,1,0,1,0,1,0,0,1,0,0,1,0,0,0,0,0,0,0,0,0,0,0,0,1,0,1,0,0.6973179345863303,51.04367281171938
0,21,99.15,1956.4,0,0,0,0,1,0,0,1,0,0,0,0,1,0,0,0,1,0,1,0,1,0,0,1,0,0,0,0.697274667379568,69.13478327068417
1,32,93.95,2861.45,0,1,1,1,1,0,0,1,0,0,0,0,1,0,0,0,0,0,1,0,1,0,0,1,0,0,1,0.6972386536886847,65.50557151405192
0,1,53.5,53.5,1,1,0,0,1,0,0,0,0,0,0,0,0,0,0,0,0,0,1,0,0,0,0,1,0,0,1,0.6971683734510026,37.29850797962864
1,52,109.1,5647.95,0,0,1,0,1,0,1,1,0,0,1,0,1,0,1,0,0,0,1,0,1,0,0,1,0,1,0,0.6970643806802497,76.04972393221523
1,31,90.7,2835.5,0,0,1,0,1,0,1,1,0,0,0,0,0,0,1,0,0,0,1,0,0,1,0,1,0,1,0,0.6970180124970157,63.219533733479324
0,3,89.85,248.4,0,1,1,1,1,0,0,1,0,0,1,0,1,0,0,0,0,0,1,0,0,0,0,0,0,1,0,0.6967186883558778,62.600174148775615
0,26,74.95,1834.95,1,0,0,0,1,0,1,1,0,0,0,0,0,0,0,0,0,0,0,0,0,0,0,1,0,0,0,0.6965861946824103,52.20913529144666
0,31,93.8,3019.5,1,1,1,0,1,0,1,1,0,0,0,0,1,0,1,0,0,0,1,0,0,0,0,0,0,1,0,0.696572995067786,65.33854693735833
1,43,89.55,3856.75,1,1,0,0,1,0,0,1,0,0,0,0,0,0,0,0,0,0,1,0,1,0,0,1,0,0,1,0.6965632934022251,62.37724292416926
0,15,86.2,1270.2,1,0,0,0,1,0,0,1,0,0,1,0,0,0,0,0,0,0,1,0,0,0,0,0,0,1,0,0.6961750434574486,60.010288746032074
0,15,59.45,892.65,1,0,0,0,1,0,0,0,0,0,0,0,0,0,1,0,0,0,0,0,1,0,0,1,0,1,0,0.6959903610922453,41.37662696693398
0,18,80.55,1406.65,0,1,0,1,1,0,1,1,0,0,0,0,0,0,1,0,0,0,0,0,0,0,0,1,1,0,0,0.6957721978388466,56.04445053591909
0,18,101.3,1794.65,0,1,0,0,1,0,0,1,0,0,0,0,1,0,1,0,0,0,1,0,1,0,0,0,1,0,0,0.6957509960930345,70.47957590422439
0,1,73.6,73.6,1,0,0,1,1,0,0,1,0,0,1,0,0,0,0,0,0,0,0,0,0,0,0,1,0,0,1,0.6953223783952093,51.1757270498874
0,38,94.65,3624.3,1,1,1,1,1,0,1,1,0,0,0,0,1,0,1,0,0,0,1,0,0,0,0,1,0,1,0,0.6953169206388969,65.8117465384716
0,40,102.65,4108.15,0,1,0,0,1,0,1,1,0,0,0,0,1,0,1,0,0,0,1,0,1,0,0,1,0,0,1,0.6950448242718665,71.3463512115071
0,54,100.1,5440.9,1,0,0,0,1,0,1,1,0,0,0,0,0,0,0,0,1,0,1,0,1,0,0,1,0,1,0,0.6949830517413155,69.56780347930568
0,2,70.3,132.4,0,1,0,0,1,0,0,0,0,0,0,0,0,0,0,0,1,0,1,0,1,0,0,0,0,1,0,0.6949686286178699,48.85629459183625
0,16,35.5,552.7,0,0,1,1,0,1,0,0,0,0,0,0,0,0,0,0,0,0,0,0,1,0,0,1,1,0,0,0.6949419098461814,24.670437799539442
0,5,69.95,320.4,0,0,1,1,1,0,0,1,0,0,0,0,0,0,0,0,0,0,0,0,0,0,0,0,1,0,0,0.6948467943103014,48.60453326200558
0,9,70.05,564.4,0,1,1,0,1,0,0,0,0,0,0,0,0,0,1,0,0,0,1,0,1,0,0,1,0,0,1,0.694659218016075,48.66087822202605
0,11,66.35,740.8,1,0,1,1,1,0,1,0,0,0,0,0,0,0,0,0,1,0,0,0,1,0,0,1,0,1,0,0.6944553042121747,46.07710943447779
1,34,56.25,1765.95,0,0,0,0,0,1,0,0,0,0,0,0,1,0,1,0,0,0,1,0,1,0,0,1,0,1,0,0.6941928701847493,39.048348947892144
0,17,94.4,1607.2,1,0,1,1,1,0,1,1,0,0,1,0,0,0,1,0,0,0,1,0,0,0,0,0,0,1,0,0.6940202543086685,65.51551200673832
0,45,100.85,4740.0,1,1,0,0,1,0,1,1,0,0,0,0,1,0,0,0,0,0,1,0,1,0,0,1,1,0,0,0.6937545538804943,69.96514675884785
0,12,98.9,1120.95,1,0,0,0,1,0,0,1,0,0,1,0,0,0,0,0,1,0,1,0,1,0,0,1,0,0,0,0.6936132729133228,68.59835269112763
0,11,58.95,601.6,0,0,0,0,1,0,1,0,0,0,0,0,0,0,0,0,0,0,0,0,1,0,0,1,0,0,1,0.6934491429523435,40.87882697704065
0,32,86.1,2723.75,0,0,1,1,1,0,0,1,0,0,0,0,1,0,0,0,0,0,1,0,0,0,0,1,0,1,0,0.6932835043237534,59.691709722275164
0,48,107.4,5121.3,1,0,0,0,1,0,1,1,0,0,0,0,1,0,1,0,0,0,1,0,1,0,0,1,0,0,0,0.6932518274784636,74.455246271187
1,60,99.0,6017.9,0,1,1,0,1,0,1,1,0,0,0,0,0,0,0,0,1,0,1,0,1,0,0,1,0,1,0,0.6930956119218799,68.61646558026611
0,15,51.1,711.15,0,0,1,0,1,0,1,0,0,0,0,0,0,0,0,0,0,0,0,0,0,0,0,1,0,1,0,0.6927131600688555,35.39764247951852
0,2,76.4,160.8,1,0,0,0,1,0,0,0,0,0,0,0,0,0,1,0,1,0,1,0,1,0,0,0,0,1,0,0.6926839196527691,52.92105146147156
1,65,104.35,6578.55,0,1,1,0,1,0,1,1,0,0,0,0,1,0,1,0,0,0,1,0,1,0,0,1,0,1,0,0.692680008687129,72.2811589065019
0,11,96.2,1222.05,1,0,1,0,1,0,1,1,0,0,1,0,0,0,0,0,1,0,1,0,0,0,0,1,1,0,0,0.6921345869005925,66.583347259837
0,23,90.05,2169.8,1,0,0,0,1,0,1,1,0,0,1,0,0,0,0,0,0,0,1,0,0,0,0,1,0,0,0,0.6921162167217781,62.32506531579612
0,16,38.9,664.4,0,0,0,0,0,1,0,0,0,0,1,0,0,0,0,0,0,0,1,0,0,0,0,1,0,1,0,0.691935296543127,26.91628303552764
0,4,61.3,249.4,0,1,0,0,1,0,0,0,0,0,0,0,0,0,0,0,1,0,1,0,0,0,0,1,0,1,0,0.6914529324521835,42.38606475931885
0,4,94.4,387.2,1,0,0,0,1,0,0,1,0,0,1,0,0,0,1,0,1,0,0,0,1,0,0,1,0,0,0,0.6913293944294566,65.2614948341407
0,61,106.35,6751.35,0,0,1,0,1,0,1,1,0,0,0,0,0,0,1,0,1,0,1,0,1,0,0,1,0,1,0,0.6911552211394266,73.50435776817801
1,54,90.05,4931.8,0,1,0,0,1,0,1,1,0,0,0,0,1,0,0,0,0,0,0,0,1,0,0,1,0,1,0,0.6910723413804519,62.2310643413097
0,8,29.25,226.95,0,0,0,0,0,1,0,0,0,0,0,0,1,0,0,0,0,0,0,0,0,0,0,1,0,0,1,0.6909482576426152,20.210236536046494
0,23,99.85,2331.3,1,1,1,1,1,0,0,1,0,0,1,0,0,0,0,0,1,0,1,0,1,0,0,1,0,1,0,0.6907296579600359,68.96935634730958
0,1,45.8,45.8,1,0,0,0,1,0,0,0,0,0,0,0,0,0,0,0,0,0,0,0,0,0,0,0,0,1,0,0.6907112360804125,31.63457461248289
0,31,104.35,3205.6,0,0,0,0,1,0,1,1,0,0,1,0,1,0,0,0,0,0,1,0,1,0,0,0,0,1,0,0.6905792750035744,72.06194734662299
0,22,89.1,1949.4,0,1,0,1,1,0,1,1,0,0,0,0,1,0,0,0,0,0,1,0,0,0,0,1,1,0,0,0.6902695996884698,61.50302133224265
0,37,92.95,3415.25,0,1,1,1,1,0,1,1,0,0,0,0,1,0,1,0,0,0,1,0,0,0,0,1,0,1,0,0.6901623897626475,64.15059412843809
0,7,74.65,544.55,1,1,0,0,1,0,0,1,0,0,0,0,0,0,1,0,0,0,0,0,0,0,0,0,0,0,1,0.6900896481786458,51.51519223653592
0,40,104.5,4036.85,1,1,0,0,1,0,1,1,0,0,0,0,1,0,1,0,0,0,1,0,1,0,0,1,1,0,0,0.6900538850523473,72.1106309879703
0,9,70.05,657.5,0,1,0,0,1,0,0,1,0,0,0,0,0,0,0,0,0,0,0,0,0,0,0,0,0,0,1,0.6899029490674881,48.32770158217754
0,23,84.25,1968.1,0,1,1,0,1,0,1,1,0,0,0,0,1,0,1,0,0,0,0,0,0,0,0,0,0,1,0,0.68972321547923,58.109180904125125
0,30,44.5,1307.8,0,1,0,1,0,1,0,0,0,0,0,0,0,0,0,0,0,0,1,0,1,0,0,1,0,1,0,0.6893091117768868,30.67425547407146
0,1,45.15,45.15,1,0,0,0,1,0,0,0,0,0,0,0,0,0,0,0,0,0,0,0,0,0,0,0,0,1,0,0.6891957386234545,31.11718759884897
0,11,25.2,321.05,0,0,0,1,0,1,0,0,0,0,0,0,0,0,0,0,0,0,0,0,0,0,0,0,0,1,0,0.6890999896928457,17.36531974025971
1,13,59.9,788.35,0,1,0,0,1,0,0,0,0,0,0,0,1,0,0,0,0,0,1,0,0,0,0,1,0,1,0,0.6890084754878777,41.27160768172387
0,61,105.55,6281.45,1,1,1,0,1,0,1,1,0,0,0,0,1,0,1,0,0,0,1,0,1,0,0,1,0,1,0,0.6889136720676597,72.71483808674148
0,1,52.2,52.2,1,0,0,0,1,0,0,0,0,0,0,0,0,0,0,0,1,0,0,0,0,0,0,1,0,1,0,0.6887821473537441,35.954428091865445
1,23,34.65,768.45,0,1,0,0,0,1,0,0,0,0,0,0,0,0,0,0,0,0,0,0,1,0,0,1,0,0,0,0.6887755995704143,23.866074525114858
0,36,94.8,3565.65,0,0,0,0,1,0,0,1,0,0,0,0,1,0,0,0,0,0,1,0,1,0,0,1,1,0,0,0.6887020761106435,65.288956815289
0,12,84.6,959.9,0,1,1,0,1,0,0,1,0,0,1,0,1,0,1,0,0,0,0,0,0,0,0,1,0,1,0,0.6885098823777498,58.24793604915763
0,1,24.2,24.2,0,1,0,1,0,1,0,0,0,0,0,0,0,0,0,0,0,0,0,0,0,0,0,0,0,0,1,0.6884670436074185,16.660902455299528
1,50,88.05,4367.35,1,0,1,0,1,0,1,1,0,0,0,0,1,0,0,0,0,0,1,0,0,0,0,1,0,1,0,0.6881999636812988,60.596006802138355
1,54,99.05,5295.7,0,1,1,0,1,0,1,1,0,0,0,0,0,0,1,0,0,0,1,0,1,0,0,1,1,0,0,0.6879272672084887,68.13919581700081
0,13,80.0,1029.35,0,0,0,0,1,0,1,1,0,0,1,0,0,0,0,0,0,0,0,0,0,0,0,1,1,0,0,0.6879208349243151,55.03366679394521
1,16,39.0,679.85,1,1,0,0,0,1,0,0,0,0,0,0,1,0,0,0,0,0,1,0,0,0,0,1,0,0,1,0.6879053801256642,26.828309824900902
0,3,57.55,161.45,0,0,0,0,1,0,0,0,0,0,0,0,0,0,1,0,0,0,1,0,0,0,0,0,0,1,0,0.6878602013319827,39.5863545866556
0,17,78.9,1348.95,0,0,1,0,1,0,1,1,0,0,1,0,0,0,0,0,0,0,0,0,0,0,0,0,0,1,0,0.687732718821043,54.2621115149803
0,4,57.2,223.75,0,0,0,1,0,1,0,0,0,0,1,0,1,0,1,0,0,0,1,0,1,0,0,1,0,0,1,0.6873686684045606,39.317487832740866
0,9,43.75,405.7,0,0,0,0,1,0,0,0,0,0,0,0,0,0,0,0,0,0,0,0,0,0,0,1,0,1,0,0.6872977713052548,30.069277494604897
0,16,89.45,1430.25,1,0,1,1,1,0,0,1,0,0,0,0,1,0,1,0,0,0,1,0,0,0,0,1,1,0,0,0.6872569043484604,61.47513009396979
0,31,86.55,2697.4,1,0,0,1,1,0,1,1,0,0,0,0,0,0,0,0,0,0,1,0,0,0,0,1,1,0,0,0.6868860371238036,59.4499865130652
0,10,67.8,653.15,0,0,1,0,1,0,0,0,0,0,0,0,0,0,1,0,0,0,1,0,1,0,0,1,1,0,0,0.6867736230396566,46.563251642088716
1,21,41.9,840.1,1,0,0,0,0,1,0,0,0,0,1,0,0,0,0,0,0,0,1,0,0,0,0,1,0,1,0,0.6867636170706876,28.77539555526181
0,9,94.85,890.6,1,1,1,0,1,0,0,1,0,0,0,0,1,0,1,0,1,0,1,0,0,0,0,1,0,0,1,0.6866711044794354,65.13075425987444
1,1,55.8,55.8,1,0,0,0,1,0,0,0,0,0,1,0,0,0,1,0,0,0,0,0,0,0,0,1,0,1,0,0.6866280316498142,38.31384416605963
0,1,43.8,43.8,0,0,0,0,1,0,0,0,0,0,0,0,0,0,0,0,0,0,0,0,0,0,0,0,0,1,0,0.6860351935839001,30.048341478974823
0,57,100.6,5611.7,0,0,1,1,1,0,1,1,0,0,0,0,1,0,0,0,0,0,1,0,1,0,0,1,0,1,0,0.6859816092221223,69.0097498877455
0,35,83.15,2848.45,0,1,0,0,1,0,1,1,0,0,0,0,0,0,0,0,0,0,1,0,0,0,0,0,0,1,0,0.6858588248173672,57.02916128356408
0,3,74.45,221.1,0,1,0,0,1,0,0,1,0,0,0,0,1,0,0,0,0,0,0,0,0,0,0,0,1,0,0,0.6856184989608881,51.04429724763812
0,1,50.8,50.8,1,0,0,0,1,0,0,0,0,0,0,0,0,0,0,0,1,0,0,0,0,0,0,1,0,1,0,0.6855018391569165,34.82349342917136
0,25,90.4,2178.6,1,1,1,1,1,0,0,1,0,0,0,0,0,0,0,0,0,0,1,0,1,1,0,1,0,1,0,0.685411252277002,61.96117720584098
1,3,88.3,273.75,1,0,1,1,1,0,0,1,0,0,1,0,0,0,0,0,1,0,1,0,0,0,0,1,0,0,1,0.6852807732406658,60.51029227715079
0,8,75.0,658.1,0,1,1,0,1,0,0,1,0,0,1,0,0,0,0,0,0,0,0,0,0,0,0,1,0,0,1,0.6851557395170134,51.386680463776
0,42,106.15,4512.7,1,1,1,0,1,0,1,1,0,0,0,0,0,0,1,0,1,0,1,0,1,0,0,1,0,0,0,0.6851402485529406,72.72763738389466
0,36,80.4,2937.65,0,0,1,0,1,0,0,1,0,0,0,0,0,0,0,0,0,0,0,0,1,0,0,0,0,1,0,0.6848887032488453,55.06505174120717
0,3,31.0,95.05,1,0,1,1,0,1,0,0,0,0,0,0,0,0,0,0,1,0,0,0,0,0,0,1,0,0,1,0.6847133483352656,21.226113798393236
0,13,65.85,902.25,0,1,1,0,1,0,1,0,0,0,1,0,0,0,0,0,0,0,0,0,1,0,0,1,0,1,0,0.68470095827117,45.087558102156535
0,17,80.05,1345.65,0,0,0,0,1,0,1,1,0,0,0,0,0,0,1,0,0,0,0,0,0,0,0,0,0,0,0,0.6844819425105971,54.7927794979733
1,28,35.9,973.65,0,0,1,1,0,1,0,0,0,0,0,0,0,0,0,0,0,0,1,0,0,0,0,1,0,1,0,0.6844762802671925,24.57269846159221
0,17,75.4,1322.55,0,0,1,0,1,0,1,0,0,0,0,0,1,0,0,0,0,0,1,0,1,0,0,1,0,0,0,0.6842943127111064,51.59579117841743
0,34,90.05,3097.0,0,1,1,1,1,0,1,1,0,0,0,0,0,0,1,0,0,0,0,0,1,0,0,1,1,0,0,0.6841453746024283,61.60729098294867
1,32,74.4,2276.95,1,0,0,0,1,0,0,1,0,0,0,0,1,0,0,0,0,0,0,0,0,0,0,1,0,1,0,0.6841256252856747,50.898946521254196
1,13,93.8,1261.0,0,1,1,0,1,0,1,1,0,0,1,0,1,0,0,0,0,0,0,0,1,0,0,0,1,0,0,0.6836624517532354,64.12753797445347
0,14,69.65,921.4,0,0,0,0,1,0,0,0,0,0,0,0,0,0,0,0,1,0,1,0,1,0,0,1,0,1,0,0.683662334883833,47.61708162465897
0,5,50.6,249.95,1,0,0,0,1,0,1,0,0,0,0,0,0,0,0,0,0,0,0,0,0,0,0,1,0,0,1,0.6836006723883638,34.59019402285121
0,22,104.6,2180.55,0,1,1,0,1,0,0,1,0,0,1,0,1,0,0,0,1,0,1,0,1,0,0,1,0,1,0,0.6835794835028256,71.50241397439555
0,10,70.15,735.5,0,1,0,0,1,0,0,1,0,0,0,0,0,0,0,0,0,0,0,0,0,0,0,0,0,0,1,0.6835617755594725,47.951858555497
0,1,49.9,49.9,0,0,0,0,1,0,0,0,0,0,0,0,0,0,0,0,1,0,0,0,0,0,0,1,0,1,0,0.6833832215478107,34.100822755235754
0,3,69.95,220.45,0,0,0,0,1,0,0,0,0,0,0,0,0,0,1,0,0,0,1,0,1,1,0,1,0,1,0,0.6830881022613003,47.78201275317796
0,2,90.0,190.05,1,1,1,1,1,0,0,1,0,0,0,0,0,0,1,0,1,0,0,0,1,0,0,0,1,0,0,0.6830649428245472,61.47584485420925
0,9,75.6,661.55,0,1,0,0,1,0,0,1,0,0,1,0,0,0,0,0,0,0,0,0,0,0,0,0,0,1,0,0.6829587295637234,51.63167995501748
0,16,63.05,1067.05,0,0,0,0,1,0,1,0,0,0,0,0,0,0,0,0,0,0,0,0,1,0,0,1,0,0,0,0.682889156392913,43.05616131057317
0,15,105.1,1582.75,1,0,0,0,1,0,0,1,0,0,1,0,0,0,1,0,1,0,1,0,1,0,0,0,0,1,0,0.6827561577812434,71.75767218280868
0,47,85.3,4045.65,1,0,1,0,1,0,0,1,0,0,0,0,0,0,1,0,0,0,0,0,1,0,0,1,0,1,0,0.6825383219520509,58.22051886250994
0,13,25.15,331.85,0,1,0,0,0,1,0,0,0,0,0,0,0,0,0,0,0,0,0,0,0,0,0,1,0,0,0,0.6825042420839821,17.164981688412148
0,1,45.75,45.75,1,1,0,0,1,0,0,0,0,0,0,0,0,0,0,0,0,0,0,0,0,0,0,0,0,1,0,0.682498568414214,31.224309504950288
0,5,51.35,262.3,0,1,0,0,1,0,0,0,0,0,0,0,1,0,0,0,0,0,0,0,0,0,0,1,0,1,0,0.6822934781460539,35.035770102799866
0,13,71.95,923.85,0,0,0,0,1,0,0,0,0,0,1,0,0,0,0,0,0,0,1,0,1,0,0,1,0,1,0,0.6820669120892723,49.07471432482314
0,17,96.65,1588.25,0,1,1,0,1,0,0,1,0,0,0,0,0,0,1,0,0,0,1,0,1,1,0,1,0,0,0,0.6819871622116523,65.9140592277562
0,1,54.3,54.3,0,1,0,0,1,0,1,0,0,0,0,0,1,0,0,0,0,0,0,0,0,0,0,0,0,1,0,0.68188178268468,37.026180799778125
0,19,56.2,1093.4,0,0,0,0,1,0,0,0,0,0,0,0,0,0,0,0,0,0,0,0,1,0,0,1,0,1,0,0.6816927000141767,38.31112974079673
0,1,44.9,44.9,1,0,0,0,1,0,0,0,0,0,0,0,0,0,0,0,0,0,0,0,0,0,0,1,0,0,0,0.6816033510213533,30.60399046085876
0,1,45.3,45.3,1,1,0,0,1,0,0,0,0,0,0,0,0,0,0,0,0,0,0,0,0,0,0,0,0,1,0,0.6814348080026346,30.868996802519344
0,1,45.3,45.3,1,1,0,0,1,0,0,0,0,0,0,0,0,0,0,0,0,0,0,0,0,0,0,0,0,1,0,0.6814348080026346,30.868996802519344
0,5,47.15,223.15,1,1,0,0,1,0,1,0,0,0,0,0,0,0,0,0,0,0,0,0,0,0,0,0,0,1,0,0.6813321525958117,32.12481099489252
0,2,45.55,84.4,0,0,0,0,1,0,0,0,0,0,0,0,0,0,0,0,0,0,0,0,0,0,0,0,0,1,0,0.6811840306113784,31.027932594348286
1,56,104.75,5841.35,0,0,0,0,1,0,1,1,0,0,0,0,1,0,1,0,0,0,1,0,1,0,0,0,0,1,0,0.6811383570820554,71.3492429043453
0,11,76.4,838.7,0,0,0,0,1,0,0,1,0,0,1,0,0,0,0,0,0,0,0,0,0,0,0,0,0,1,0,0.6809992172330173,52.02834019660252
0,63,103.4,6603.0,1,1,1,0,1,0,1,1,0,0,0,0,1,0,1,0,0,0,1,0,1,0,0,1,0,1,0,0.6808112654323031,70.39588484570014
0,23,95.3,2192.9,0,1,0,0,1,0,0,1,0,0,0,0,1,0,0,0,0,0,1,0,1,0,0,0,0,0,1,0.6807617038094625,64.87659037304178
0,1,49.9,49.9,0,1,0,1,1,0,0,0,0,0,0,0,1,0,0,0,0,0,0,0,0,0,0,1,0,1,0,0.6807474999088399,33.96930024545111
1,30,40.3,1172.95,1,0,0,0,0,1,0,0,0,0,0,0,0,0,1,0,0,0,1,0,0,0,0,1,0,1,0,0.6805808112399891,27.427406692971562
1,1,50.55,50.55,1,0,0,0,1,0,1,0,0,0,0,0,0,0,0,0,0,0,0,0,0,0,0,0,0,0,1,0.6805102292602593,34.39979208910611
1,2,49.25,91.1,1,1,0,0,1,0,0,0,0,0,1,0,0,0,0,0,0,0,0,0,0,0,0,1,0,1,0,0.6804487341587904,33.512100157320425
1,38,83.45,3147.15,0,0,1,0,1,0,0,1,0,0,1,0,0,0,0,0,0,0,0,0,1,0,0,1,0,1,0,0.6804189602586876,56.78096223358749
0,8,45.45,411.75,0,0,1,1,1,0,0,0,0,0,0,0,0,0,0,0,0,0,0,0,0,0,0,1,0,1,0,0.6801127128259855,30.911122797941044
1,20,60.0,1259.35,0,0,1,0,1,0,0,0,0,0,0,0,1,0,0,0,0,0,0,0,1,0,0,1,0,1,0,0.6799381431792381,40.79628859075429
0,7,25.05,189.95,0,0,0,0,0,1,0,0,0,0,0,0,0,0,0,0,0,0,0,0,0,0,0,0,0,0,0,0.6796826818845247,17.026051181207347
1,18,93.9,1743.9,0,1,0,0,1,0,1,1,0,0,0,0,0,0,1,0,1,0,1,0,0,0,0,0,0,0,0,0.6796735216267713,63.82134368075383
0,2,69.0,147.8,0,0,1,0,1,0,0,0,0,0,0,0,0,0,1,0,0,0,1,0,1,0,0,0,1,0,0,0.6794502578665265,46.88206779279032
1,31,89.45,2807.65,0,1,1,0,1,0,1,1,0,0,1,0,0,0,0,0,0,0,1,0,0,0,0,0,0,1,0,0.6794432313972907,60.77619704848765
0,66,105.2,6936.85,0,0,1,0,1,0,1,1,0,0,0,0,1,0,1,0,0,0,1,0,1,0,0,1,0,1,0,0.6793071735735892,71.46311465994158
0,12,74.15,741.4,0,1,1,0,1,0,0,0,0,0,0,0,0,0,1,0,1,0,1,0,1,0,0,1,0,1,0,0.6792831541103178,50.36884587728007
0,5,24.3,100.2,0,1,0,0,0,1,0,0,0,0,0,0,0,0,0,0,0,0,0,0,0,0,0,0,0,0,1,0.6786441439707058,16.49105269848815
0,2,44.45,82.7,0,0,0,0,1,0,0,0,0,0,0,0,0,0,0,0,0,0,0,0,0,0,0,0,0,1,0,0.6785380283779185,30.16101536139848
0,15,49.1,679.55,1,0,0,0,1,0,1,0,0,0,0,0,0,0,0,0,0,0,0,0,0,0,0,1,0,1,0,0.678378342312588,33.30837660754807
0,1,44.0,44.0,0,1,0,0,1,0,0,0,0,0,0,0,0,0,0,0,0,0,0,0,0,0,0,0,0,1,0,0.6783511057103531,29.847448651255533
0,25,75.5,1901.05,0,1,1,1,1,0,0,1,0,0,0,0,1,0,0,0,0,0,0,0,0,0,0,1,0,1,0,0.6783508944966421,51.21549253449648
0,49,95.4,4613.95,0,0,1,1,1,0,1,1,0,0,0,0,0,0,0,0,0,0,1,0,1,0,0,1,0,0,0,0.6780559594770844,64.68653853411385
0,11,44.05,483.7,1,0,1,0,1,0,0,0,0,0,0,0,0,0,0,0,0,0,0,0,0,0,0,1,0,1,0,0.6779127615120184,29.86205714460441
0,37,91.15,3369.25,0,1,0,0,1,0,1,1,0,0,1,0,0,0,0,0,0,0,1,0,0,0,0,1,0,1,0,0.6777047274771363,61.77278590954098
1,24,40.65,933.3,1,0,1,0,0,1,0,0,0,0,0,0,0,0,1,0,0,0,0,0,1,0,0,1,1,0,0,0.6776308982497959,27.545696013854204
0,29,70.75,1974.8,1,1,1,1,1,0,0,1,0,0,0,0,0,0,0,0,0,0,0,0,0,0,0,1,0,1,0,0.6775471741506666,47.93646257115966
1,30,90.5,2595.85,0,1,0,0,1,0,1,1,0,0,1,0,0,0,0,0,0,0,0,0,1,0,0,1,1,0,0,0.6774924351859344,61.31306538432706
1,31,96.6,2877.95,0,1,0,0,1,0,1,1,0,0,0,0,0,0,1,0,1,0,1,0,0,0,0,1,0,0,0,0.6773627192960658,65.43323868399996
0,13,89.4,1132.35,1,0,0,0,1,0,1,1,0,0,0,0,1,0,1,0,1,0,0,0,0,0,0,0,0,1,0,0.677347738746257,60.55488784391538
0,37,96.1,3646.8,0,1,0,0,1,0,0,1,0,0,0,0,1,0,0,0,0,0,1,0,1,0,0,1,1,0,0,0.6771234442598182,65.07156299336853
0,31,103.45,3066.45,1,1,0,0,1,0,1,1,0,0,0,0,1,0,1,0,0,0,1,0,1,1,0,1,0,1,0,0.6769746399344284,70.03302650121663
0,1,74.6,74.6,0,1,1,1,1,0,0,1,0,0,0,0,1,0,0,0,0,0,0,0,0,0,0,0,1,0,0,0.676927508525621,50.498792136011325
1,32,81.1,2619.25,0,1,0,0,1,0,1,1,0,0,0,0,0,0,1,0,0,0,0,0,0,0,0,1,1,0,0,0.6765145694605947,54.86533158325423
1,4,46.0,181.6,1,0,1,1,1,0,0,0,0,0,0,0,0,0,0,0,0,0,0,0,0,0,0,0,0,1,0,0.6765141520319241,31.119650993468507
0,20,82.4,1592.35,1,0,1,0,1,0,1,1,0,0,1,0,0,0,0,0,0,0,0,0,0,0,0,0,0,1,0,0.6764981479036389,55.74344738725985
1,12,29.35,381.2,0,1,0,0,0,1,0,0,0,0,0,0,1,0,0,0,0,0,0,0,0,0,0,1,1,0,0,0.6759554507407817,19.839292479241944
1,59,93.85,5574.75,1,1,1,0,1,0,1,1,0,0,0,0,0,0,0,0,0,0,1,0,1,0,0,1,0,0,0,0.6757913441889732,63.42301765213514
0,31,93.8,2939.8,0,1,1,0,1,0,0,1,0,0,0,0,0,0,1,0,0,0,1,0,1,1,0,1,0,1,0,0.6757716747970243,63.38738309596087
0,31,83.85,2674.15,0,0,1,0,1,0,0,1,0,0,0,0,1,0,0,0,0,0,0,0,1,0,0,1,0,0,0,0.6754545679616827,56.63686552358709
0,49,98.7,4920.55,0,1,0,0,1,0,1,1,0,0,0,0,1,0,0,0,0,0,1,0,1,0,0,0,0,1,0,0.6748809805536631,66.61075278064655
0,29,76.0,2215.25,0,0,0,0,1,0,1,1,0,0,0,0,0,0,0,0,0,0,0,0,0,0,0,1,1,0,0,0.6747340954962878,51.279791257717875
0,42,94.4,4014.6,0,1,1,0,1,0,1,1,0,0,1,0,0,0,1,0,0,0,0,0,1,0,0,1,0,1,0,0.6747083720130537,63.69247031803227
1,33,109.9,3694.7,0,1,1,0,1,0,1,1,0,0,1,0,0,0,1,0,1,0,1,0,1,0,0,1,0,0,0,0.6745058808495985,74.12819630537088
0,4,29.15,110.05,0,0,0,0,0,1,0,0,0,0,1,0,0,0,0,0,0,0,0,0,0,0,0,1,0,0,1,0.6744070333706088,19.658965022753247
0,1,45.4,45.4,1,0,0,0,1,0,0,0,0,0,0,0,0,0,0,0,0,0,0,0,0,0,0,1,0,0,1,0.6743200399968371,30.614129815856405
0,1,45.4,45.4,0,0,0,0,1,0,0,0,0,0,0,0,0,0,0,0,0,0,0,0,0,0,0,1,0,0,1,0.6743200399968371,30.614129815856405
0,15,49.0,749.25,0,1,0,0,1,0,1,0,0,0,0,0,0,0,0,0,0,0,0,0,0,0,0,1,0,1,0,0.6741827777153101,33.034956108050196
0,37,90.35,3419.3,0,1,1,0,1,0,0,1,0,0,0,0,0,0,1,0,1,0,0,0,1,0,0,1,0,1,0,0.6741465340457276,60.90913935103148
0,1,45.3,45.3,1,0,0,0,1,0,0,0,0,0,0,0,0,0,0,0,0,0,0,0,0,0,0,1,0,0,1,0.6740806337807426,30.535852710267637
0,35,70.3,2416.55,1,0,1,0,1,0,0,1,0,0,0,0,0,0,0,0,0,0,0,0,0,0,0,1,0,1,0,0.6740494883871452,47.385679033616306
0,3,64.6,174.2,0,0,0,0,1,0,1,0,0,0,0,0,0,0,0,0,1,0,1,0,0,0,0,0,0,1,0,0.674015593624061,43.54140734811434
0,11,35.65,425.1,0,1,0,0,0,1,0,0,0,0,0,0,1,0,0,0,1,0,0,0,0,0,0,1,0,1,0,0.6738756438501958,24.02366670325948
0,1,45.1,45.1,1,1,0,0,1,0,0,0,0,0,0,0,0,0,0,0,0,0,0,0,0,0,0,1,0,0,0,0.6738623610630722,30.391192483944558
0,21,103.85,2215.0,0,1,0,0,1,0,1,1,0,0,1,0,0,0,1,0,0,0,1,0,1,0,0,0,0,0,1,0.6737992588582843,69.97405303243282
0,1,49.3,49.3,0,1,0,0,1,0,0,0,0,0,0,0,0,0,0,0,1,0,0,0,0,0,0,1,0,1,0,0.6737512124608447,33.21593477431964
0,51,99.0,5038.15,0,1,0,0,1,0,0,1,0,0,0,0,1,0,1,0,0,0,1,0,1,0,0,1,0,1,0,0.6737282244036484,66.6990942159612
0,28,92.35,2602.9,1,0,1,0,1,0,0,1,0,0,1,0,0,0,0,0,0,0,1,0,1,0,0,1,0,0,1,0.6736864476190854,62.21494343762253
0,45,105.15,4730.9,0,0,1,1,1,0,1,1,0,0,1,0,1,0,0,0,0,0,1,0,1,0,0,1,0,1,0,0.6734640095285225,70.81474060192414
0,23,96.9,2085.45,0,1,0,0,1,0,1,1,0,0,0,0,0,0,1,0,1,0,1,0,0,0,0,1,1,0,0,0.6733444236027396,65.24707464710548
0,11,29.6,346.45,0,0,1,1,0,1,0,0,0,0,1,0,0,0,0,0,0,0,0,0,0,0,0,1,0,1,0,0.6731658246949803,19.925708410971417
0,5,53.8,283.95,0,0,0,0,1,0,1,0,0,0,1,0,0,0,0,0,0,0,0,0,0,0,0,1,0,1,0,0.6729457589828767,36.20448183327876
0,61,114.1,7132.15,0,1,1,0,1,0,1,1,0,0,0,0,1,0,1,0,1,0,1,0,1,0,0,1,0,1,0,0.6728735013144548,76.77486649997928
0,2,45.35,89.5,1,1,0,0,1,0,0,0,0,0,0,0,0,0,0,0,0,0,0,0,0,0,0,0,0,1,0,0.6728050745752375,30.511710131987023
0,49,99.05,4853.75,1,1,1,0,1,0,1,1,0,0,0,0,1,0,0,0,0,0,1,0,1,0,0,1,0,0,0,0.6724490064341389,66.60607408730145
0,1,44.45,44.45,1,0,0,0,1,0,0,0,0,0,0,0,0,0,0,0,0,0,0,0,0,0,0,1,0,0,1,0.6720420214643701,29.872267854091252
0,10,45.55,402.6,1,1,0,0,1,0,0,0,0,0,0,0,0,0,0,0,0,0,0,0,0,0,0,1,0,1,0,0.6716716042157048,30.594641572025353
0,18,74.15,1387.0,0,1,0,0,1,0,1,1,0,0,0,0,0,0,0,0,0,0,0,0,0,0,0,0,0,0,1,0.6716519796445406,49.80299429064269
0,2,65.7,134.35,1,0,1,1,1,0,0,0,0,0,0,0,0,0,0,0,0,0,1,0,1,0,0,0,0,0,1,0.67148049675923,44.11626863708142
0,1,44.05,44.05,0,1,0,0,1,0,0,0,0,0,0,0,0,0,0,0,0,0,0,0,0,0,0,1,0,0,0,0.6713422626802467,29.572626671064864
0,1,44.0,44.0,0,0,0,0,1,0,0,0,0,0,0,0,0,0,0,0,0,0,0,0,0,0,0,1,0,0,1,0.6709601174578576,29.522245168145734
0,1,43.85,43.85,0,1,0,0,1,0,0,0,0,0,0,0,0,0,0,0,0,0,0,0,0,0,0,1,0,0,0,0.6708611179285995,29.41726002116909
1,33,80.6,2656.5,1,0,1,0,1,0,1,1,0,0,0,0,1,0,0,0,0,0,0,0,0,0,0,1,0,0,0,0.670837383263799,54.0694930910622
0,46,99.8,4391.25,0,0,0,1,1,0,0,1,0,0,0,0,1,0,1,0,0,0,1,0,1,0,0,1,0,1,0,0.6704418440855463,66.91009603973752
0,2,44.35,81.25,1,1,0,0,1,0,0,0,0,0,0,0,0,0,0,0,0,0,0,0,0,0,0,0,0,1,0,0.6699524112165018,29.712389437451858
0,3,44.6,122.7,0,0,0,0,1,0,0,0,0,0,0,0,0,0,0,0,0,0,0,0,0,0,0,0,0,1,0,0.6698425469656412,29.874977594667598
0,11,41.6,470.6,1,1,0,0,0,1,0,0,0,0,0,0,0,0,1,0,0,0,1,0,0,1,0,1,0,1,0,0.6697348203156297,27.860968525130197
0,24,84.85,2048.8,0,1,0,0,1,0,1,1,0,0,0,0,1,0,1,0,0,0,0,0,0,0,0,1,0,0,0,0.6696297502033814,56.81808430475691
0,3,29.2,98.5,0,0,0,0,0,1,0,0,0,0,0,0,1,0,0,0,0,0,0,0,0,0,0,0,0,0,1,0.669484938787919,19.548960212607234
1,48,91.05,4370.75,0,1,1,0,1,0,1,1,0,0,0,0,0,0,1,0,0,0,0,0,1,0,0,1,1,0,0,0.6693723238220658,60.946350083999086
0,22,78.85,1600.25,0,1,0,0,1,0,1,1,0,0,0,0,1,0,0,0,0,0,0,0,0,0,0,1,0,0,1,0.6691268263218431,52.76065025547732
0,22,89.05,1886.25,0,0,0,0,1,0,0,1,0,0,1,0,0,0,0,0,1,0,0,0,1,0,0,1,0,1,0,0.6691107640160263,59.58431353562714
0,9,74.65,703.55,1,0,0,0,1,0,0,0,0,0,1,0,1,0,0,0,0,0,1,0,1,0,0,1,0,1,0,0.6691082708473227,49.94893241875265
0,63,102.4,6444.05,0,1,1,0,1,0,1,1,0,0,0,0,1,0,1,0,0,0,1,0,1,0,0,1,0,1,0,0.6687122517898383,68.47613458327945
0,2,46.6,87.9,0,1,0,0,1,0,0,0,0,0,0,0,0,0,0,0,0,0,0,0,0,0,0,1,0,0,0,0.6684622347634112,31.15034013997496
1,34,85.2,2874.45,0,1,1,0,1,0,0,1,0,0,0,0,0,0,1,0,0,0,1,0,0,0,0,1,1,0,0,0.6682440248194088,56.93439091461363
0,3,69.15,235.0,0,0,1,1,1,0,1,0,0,0,0,0,1,0,1,0,0,0,1,0,0,0,0,1,0,0,0,0.6681961949276417,46.205766879246426
0,26,50.35,1277.5,0,0,0,0,0,1,0,0,0,0,0,0,0,0,1,0,0,0,1,0,1,0,0,1,1,0,0,0.6681486054771375,33.641282285773876
0,30,89.9,2723.15,0,1,0,0,1,0,1,1,0,0,0,0,0,0,0,0,1,0,0,0,1,0,0,1,1,0,0,0.6681236807315636,60.06431889776757
0,27,79.5,2180.55,1,1,0,1,1,0,1,1,0,0,0,0,0,0,0,0,1,0,0,0,0,0,0,1,0,1,0,0.6677750685852883,53.088117952530425
0,32,99.55,3204.65,1,1,1,1,1,0,1,1,0,0,1,0,0,0,0,0,0,0,1,0,1,0,0,1,1,0,0,0.6676227224648369,66.46184202137451
0,34,87.45,2874.15,1,0,1,1,1,0,1,1,0,0,0,0,0,0,1,0,0,0,1,0,0,0,0,0,0,1,0,0.6675733782020282,58.37929192376737
0,2,45.85,105.6,0,0,0,0,1,0,0,0,0,0,0,0,0,0,0,0,0,0,0,0,0,0,0,1,0,0,1,0.6675321786921616,30.606350393035612
0,1,44.55,44.55,0,0,0,0,1,0,0,0,0,0,0,0,0,0,0,0,0,0,0,0,0,0,0,1,1,0,0,0.667168975557119,29.72237786106965
0,1,45.85,45.85,1,1,0,0,1,0,0,0,0,0,0,0,0,0,0,0,0,0,0,0,0,0,0,1,0,0,1,0.667094018084612,30.58626072917946
0,34,89.85,3091.75,0,1,1,1,1,0,0,1,0,0,0,0,1,0,1,0,0,0,1,0,0,0,0,1,0,1,0,0.6670564369621491,59.9350208610491
0,5,25.05,125.5,0,0,1,1,0,1,0,0,0,0,0,0,0,0,0,0,0,0,0,0,0,0,0,0,0,0,1,0.6670480868603925,16.709554575852835
0,1,45.8,45.8,0,1,0,0,1,0,0,0,0,0,0,0,0,0,0,0,0,0,0,0,0,0,0,1,0,0,1,0.6669729822334823,30.547362586293488
1,36,74.9,2659.45,0,0,0,0,1,0,1,1,0,0,0,0,0,0,0,0,0,0,0,0,0,0,0,1,0,0,0,0.6669325596613552,49.95324871863551
1,5,50.35,237.25,1,1,0,0,1,0,0,0,0,0,0,0,0,0,1,0,0,0,0,0,0,0,0,0,0,1,0,0.6668156746282542,33.5741692175326
1,8,100.3,832.35,1,1,0,0,1,0,0,1,0,0,1,0,0,0,0,0,1,0,1,0,1,0,0,0,1,0,0,0.666785208606124,66.87855642319424
0,1,45.7,45.7,1,1,0,0,1,0,0,0,0,0,0,0,0,0,0,0,0,0,0,0,0,0,0,1,0,0,1,0.6667308444560676,30.46959959164229
0,1,45.7,45.7,1,1,0,0,1,0,0,0,0,0,0,0,0,0,0,0,0,0,0,0,0,0,0,1,0,0,1,0.6667308444560676,30.46959959164229
1,49,90.85,4515.85,1,0,0,0,1,0,1,1,0,0,0,0,0,0,1,0,0,0,0,0,1,0,0,1,1,0,0,0.6665638620138966,60.5573268639625
0,15,29.7,438.25,1,1,0,0,0,1,0,0,0,0,0,0,0,0,0,0,1,0,0,0,0,0,0,1,0,1,0,0.6664940558911057,19.79487345996584
0,1,45.55,45.55,0,1,0,0,1,0,0,0,0,0,0,0,0,0,0,0,0,0,0,0,0,0,0,1,0,0,1,0.666367472781716,30.353038385207164
0,43,92.55,4039.0,0,0,1,1,1,0,1,1,0,0,0,0,0,0,1,0,0,0,0,0,1,0,0,1,0,0,0,0.6662685207341804,61.6631515939484
0,24,89.25,2210.2,0,1,1,0,1,0,0,1,0,0,1,0,0,0,0,0,1,0,0,0,1,0,0,1,0,1,0,0.6661989801109748,59.4582589749045
0,3,46.1,130.15,0,0,1,0,1,0,0,0,0,0,0,0,0,0,0,0,0,0,0,0,0,0,0,1,0,0,1,0.6661021011720141,30.70730686402985
0,9,74.25,639.65,1,0,0,0,1,0,0,1,0,0,1,0,0,0,0,0,0,0,0,0,0,0,0,1,1,0,0,0.6659986276362987,49.45039810199518
1,20,61.6,1174.35,1,0,0,0,1,0,1,0,0,0,0,0,0,0,0,0,0,0,0,0,1,0,0,1,0,0,1,0.6659875254890067,41.024831570122814
0,2,44.6,80.55,1,0,1,0,1,0,0,0,0,0,0,0,0,0,0,0,0,0,0,0,0,0,0,1,1,0,0,0.6659790646781959,29.702666284647538
0,15,84.35,1302.65,0,0,0,0,1,0,1,1,0,0,1,0,0,0,1,0,0,0,0,0,0,0,0,1,1,0,0,0.665360647570717,56.123170622589974
0,27,100.5,2673.45,0,1,0,0,1,0,1,1,0,0,0,0,0,0,1,0,0,0,1,0,1,1,0,1,0,0,0,0.6653181035274277,66.86446940450648
0,3,29.8,94.4,0,1,1,0,0,1,0,0,0,0,0,0,1,0,0,0,0,0,0,0,0,0,0,0,1,0,0,0.6652448809018513,19.824297450875168
0,1,45.05,45.05,1,1,0,0,1,0,0,0,0,0,0,0,0,0,0,0,0,0,0,0,0,0,0,1,0,0,1,0.6651548077026436,29.965224087004092
1,38,74.95,2869.85,1,0,1,0,1,0,1,1,0,0,0,0,0,0,0,0,0,0,0,0,0,0,0,1,0,0,0,0.6649540221340049,49.83830395894367
0,1,44.95,44.95,0,1,0,0,1,0,0,0,0,0,0,0,0,0,0,0,0,0,0,0,0,0,0,1,0,0,1,0.6649120121189294,29.887794944745878
0,1,44.9,44.9,0,1,0,0,1,0,0,0,0,0,0,0,0,0,0,0,0,0,0,0,0,0,0,1,0,0,1,0.6647905815848026,29.849097113157637
0,41,94.9,3848.0,0,0,1,1,1,0,0,1,0,0,0,0,0,0,1,0,0,0,1,0,1,0,0,1,0,0,0,0.664492378918909,63.06032675940447
0,18,77.8,1358.6,0,0,0,0,1,0,0,1,0,0,0,0,1,0,1,0,0,0,0,0,0,0,0,0,0,1,0,0.6644412761173492,51.693531281929765
0,26,89.8,2335.3,1,1,0,0,1,0,0,1,0,0,0,0,1,0,1,0,0,0,1,0,0,0,0,0,0,1,0,0.6643695473295212,59.66038535019101
0,8,54.75,438.05,0,1,0,0,1,0,0,0,0,0,0,0,0,0,0,0,0,0,0,0,1,0,0,1,1,0,0,0.6643394467511645,36.37258470962626
1,70,102.95,7101.5,1,1,1,0,1,0,1,1,0,0,0,0,1,0,1,0,0,0,1,0,1,0,0,1,0,1,0,0.6642639242376992,68.38597100027114
1,65,108.8,7082.45,0,0,1,0,1,0,1,1,0,0,0,0,1,0,1,0,0,0,1,0,1,0,0,1,0,0,0,0.6642034739350744,72.2653379641361
0,2,45.25,74.2,0,0,0,0,1,0,0,0,0,0,0,0,0,0,0,0,0,0,0,0,0,0,0,1,0,0,1,0.6641579138408172,30.05314560129698
1,57,89.85,4925.35,0,1,1,0,1,0,1,1,0,0,0,0,1,0,0,0,0,0,0,0,1,0,0,1,0,1,0,0.663844051809897,59.646388055119246
1,43,94.5,4156.8,0,0,1,0,1,0,1,1,0,0,1,0,1,0,0,0,0,0,1,0,0,0,0,1,0,1,0,0.6637800648517059,62.72721612848621
0,10,56.75,503.25,0,1,0,0,1,0,0,0,0,0,0,0,0,0,0,0,0,0,0,0,1,0,0,1,0,0,0,0.6635937621772366,37.65894600355818
0,1,44.3,44.3,0,1,0,0,1,0,0,0,0,0,0,0,0,0,0,0,0,0,0,0,0,0,0,1,0,0,1,0.6633317173267876,29.385595077576692
0,65,105.5,6985.65,1,0,1,1,1,0,1,1,0,0,0,0,1,0,1,0,0,0,1,0,1,0,0,1,0,1,0,0.6633039570541023,69.97856746920779
0,33,95.8,3036.75,1,1,1,0,1,0,0,1,0,0,0,0,0,0,1,0,0,0,1,0,1,1,0,1,0,1,0,0.6632989819201014,63.54404246794571
0,41,98.05,3990.6,0,0,0,0,1,0,1,1,0,0,0,0,0,0,1,0,0,0,1,0,1,0,0,0,0,0,0,0.6632067951704365,65.02742626646129
0,12,45.05,523.1,0,0,0,0,1,0,0,0,0,0,0,0,0,0,0,0,0,0,0,0,0,0,0,1,0,1,0,0.6630798725151991,29.871748256809717
0,1,44.15,44.15,1,1,0,0,1,0,0,0,0,0,0,0,0,0,0,0,0,0,0,0,0,0,0,1,0,0,1,0.6629665129655343,29.26997154742834
1,7,76.45,503.6,1,0,0,0,1,0,0,1,0,0,1,0,0,0,0,0,0,0,0,0,0,0,0,0,0,0,0,0.6625515906339996,50.65206910396927
0,6,54.85,355.1,0,0,1,1,1,0,0,0,0,0,0,0,0,0,0,0,0,0,1,0,0,0,0,0,0,1,0,0.6624649765188096,36.33620396205671
0,3,36.85,108.7,1,1,0,0,0,1,0,0,0,0,0,0,1,0,0,0,1,0,0,0,0,0,0,1,0,0,1,0.6622990852577244,24.405721291747145
0,13,104.15,1299.1,0,0,0,1,1,0,1,1,0,0,0,0,1,0,1,0,0,0,1,0,1,1,0,1,1,0,0,0.6620827248872106,68.95591579700299
0,21,26.05,565.75,0,1,1,1,0,1,0,0,0,0,0,0,0,0,0,0,0,0,0,0,0,0,0,1,0,1,0,0.6620720991776717,17.24697818357835
0,22,69.7,1490.4,0,1,0,0,1,0,0,1,0,0,0,0,0,0,0,0,0,0,0,0,0,0,0,1,0,0,1,0.6620271318367672,46.143291089022675
1,25,88.4,2191.15,0,0,1,0,1,0,0,1,0,0,0,0,1,0,1,0,0,0,0,0,1,0,0,0,0,0,0,0.6619034736972298,58.512267074835115
0,2,80.55,188.1,0,0,0,1,1,0,1,1,0,0,1,0,0,0,0,0,0,0,0,0,0,0,0,0,1,0,0,0.6617237320455635,53.30184661627013
0,41,80.25,3439.0,0,1,1,0,1,0,1,1,0,0,0,0,1,0,0,0,0,0,0,0,0,0,0,1,0,1,0,0.6616407608823007,53.09667106080463
0,27,75.75,1929.0,0,1,1,1,1,0,1,1,0,0,0,0,0,0,0,0,0,0,0,0,0,0,0,1,0,0,0,0.6616296956973592,50.11844944907496
1,5,45.4,214.75,0,1,0,0,0,1,0,0,0,0,0,0,0,0,1,0,1,0,1,0,0,0,0,0,1,0,0,0.6612092981407438,30.01890213558977
1,43,94.3,3953.15,0,1,1,0,1,0,1,1,0,0,0,0,1,0,0,0,1,0,1,0,0,0,0,1,0,1,0,0.6611141947077712,62.343068560942825
0,61,99.15,6010.05,1,0,1,1,1,0,1,1,0,0,0,0,1,0,0,0,0,0,1,0,1,0,0,1,0,1,0,0.6610621769402896,65.54431484362972
0,14,89.65,1208.35,1,0,1,1,1,0,0,1,0,0,0,0,1,0,0,0,1,0,0,0,1,0,0,1,1,0,0,0.6610483143577089,59.26298138216861
0,18,50.3,913.3,0,0,0,0,1,0,1,0,0,0,0,0,0,0,0,0,0,0,0,0,0,0,0,1,0,1,0,0.6609177369194003,33.24416216704583
0,42,99.45,4138.05,1,1,1,0,1,0,1,1,0,0,0,0,1,0,1,0,1,0,0,0,1,0,0,1,0,1,0,0.6608267294341506,65.71921824222628
1,11,55.6,580.8,0,0,0,0,1,0,1,0,0,0,1,0,0,0,0,0,0,0,0,0,0,0,0,1,0,1,0,0.6606498557655746,36.732131980565946
0,29,98.8,2807.1,0,1,0,0,1,0,0,1,0,0,0,0,0,0,1,0,1,0,1,0,1,0,0,1,1,0,0,0.660337976445294,65.24139207279505
0,40,81.2,3292.3,0,1,1,1,1,0,1,1,0,0,0,0,0,0,1,0,0,0,0,0,0,0,0,1,0,1,0,0.6603283376771755,53.61866101938665
0,49,103.7,5036.3,1,1,0,0,1,0,1,1,0,0,0,0,1,0,1,0,0,0,1,0,1,0,0,1,0,0,0,0.6597683730279258,68.41798028299591
0,9,69.05,653.95,0,1,1,0,1,0,1,0,0,0,0,0,1,0,1,0,0,0,0,0,1,0,0,1,1,0,0,0.6596879020876544,45.55144963915253
0,1,50.45,50.45,1,0,0,0,1,0,0,0,0,0,0,0,0,0,1,0,0,0,0,0,0,0,0,1,0,0,1,0.6596469768872937,33.27918998396397
0,1,75.3,75.3,1,0,0,0,1,0,0,1,0,0,1,0,0,0,0,0,0,0,0,0,0,0,0,0,0,0,1,0.6595547127844851,49.664469872671724
1,33,54.6,1803.7,0,1,0,0,0,1,0,0,0,0,0,0,0,0,1,0,1,0,1,0,1,0,0,1,0,1,0,0.6593421174115849,36.000079610672536
1,15,96.3,1426.75,1,0,0,0,1,0,0,1,0,0,1,0,0,0,1,0,1,0,0,0,1,0,0,1,0,0,1,0.6591107499700675,63.472365222117496
1,25,89.05,2177.45,1,1,1,0,1,0,1,1,0,0,1,0,0,0,0,0,0,0,0,0,1,1,0,1,0,1,0,0.6590435183696697,58.687825310819086
0,8,66.7,579.0,0,1,0,0,1,0,0,0,0,0,1,0,0,0,1,0,0,0,0,0,1,0,0,1,0,1,0,0.6589775690450337,43.95380385530375
0,35,89.85,3161.2,0,1,1,0,1,0,1,1,0,0,0,0,0,0,0,0,1,0,0,0,1,0,0,1,0,0,0,0.6588756995386221,59.1999816035452
0,2,54.4,114.1,1,1,0,0,1,0,1,0,0,0,0,0,1,0,0,0,0,0,0,0,0,0,0,1,0,0,1,0.6584877172443808,35.821731818094314
0,4,80.8,332.45,1,1,0,1,1,0,1,1,0,0,0,0,0,0,0,0,1,0,0,0,0,0,0,0,1,0,0,0.6584822547373189,53.205366182775364
0,8,51.05,415.05,1,1,1,1,1,0,0,0,0,0,0,0,0,0,1,0,0,0,0,0,0,0,0,1,0,1,0,0.65834971045977,33.60875271897125
0,36,87.55,3078.1,1,0,0,0,1,0,0,1,0,0,0,0,0,0,1,0,1,0,0,0,1,0,0,1,0,1,0,0.6582032322939826,57.62569298733818
0,30,94.4,2838.7,1,1,1,1,1,0,1,1,0,0,1,0,1,0,0,0,0,0,1,0,0,0,0,1,0,1,0,0.6581037101879729,62.12499024174464
0,25,69.75,1729.35,0,1,0,0,1,0,0,1,0,0,0,0,0,0,0,0,0,0,0,0,0,0,0,0,0,1,0,0.6578977243939136,45.88836627647547
0,38,95.1,3691.2,0,1,0,0,1,0,1,1,0,0,0,0,1,0,1,0,0,0,0,0,1,0,0,1,1,0,0,0.6577116774100982,62.54838052170033
0,46,101.1,4674.4,0,0,0,0,1,0,1,1,0,0,0,0,0,0,1,0,0,0,1,0,1,1,0,1,0,1,0,0.6576388022283076,66.4872829052819
0,44,90.4,4063.0,0,1,0,0,1,0,1,1,0,0,0,0,0,0,1,0,0,0,0,0,1,0,0,1,0,0,1,0.6574129442802759,59.43013016293694
0,1,44.35,44.35,1,0,1,1,1,0,0,0,0,0,0,0,0,0,0,0,0,0,0,0,0,0,0,1,0,0,0,0.656964966271522,29.136396254142003
0,1,55.55,55.55,0,1,0,0,1,0,0,0,0,0,0,0,0,0,0,0,0,0,0,0,1,0,0,0,0,0,1,0.6569547105014989,36.49383416835826
0,23,75.6,1758.6,1,0,0,0,1,0,1,1,0,0,0,0,0,0,0,0,0,0,0,0,0,0,0,0,0,0,0,0.6569319053731766,49.66405204621215
0,28,85.45,2289.9,0,1,1,1,1,0,0,1,0,0,0,0,0,0,1,0,0,0,1,0,0,0,0,0,0,1,0,0.6568830559347478,56.130657129624204
0,13,29.15,357.15,0,0,0,0,0,1,0,0,0,0,0,0,1,0,0,0,0,0,0,0,0,0,0,0,0,1,0,0.6568610402222217,19.14749932247776
0,7,53.65,404.35,0,0,0,0,1,0,1,0,0,0,1,0,0,0,0,0,0,0,0,0,0,0,0,1,0,1,0,0.6567621564555818,35.23528969384196
0,2,45.0,96.45,1,1,0,0,1,0,0,0,0,0,0,0,0,0,0,0,0,0,0,0,0,0,0,1,0,0,1,0.6565217827458567,29.543480223563552
0,39,50.75,2011.4,1,0,0,0,0,1,0,0,0,0,0,0,0,0,1,0,0,0,1,0,1,0,0,1,0,1,0,0.6563679988786815,33.31067594309309
0,1,44.55,44.55,0,1,1,1,1,0,0,0,0,0,0,0,0,0,0,0,0,0,0,0,0,0,0,0,0,1,0,0.656298406196848,29.238093996069576
1,19,105.0,2007.25,0,0,0,0,1,0,0,1,0,0,1,0,1,0,0,0,1,0,1,0,1,0,0,1,0,0,1,0.6560258888498703,68.88271832923638
0,7,48.8,349.8,0,0,1,1,1,0,1,0,0,0,0,0,0,0,0,0,0,0,0,0,0,0,0,0,0,1,0,0.6548419058736128,31.956285006632303
1,34,99.85,3343.15,0,1,0,0,1,0,0,1,0,0,0,0,1,0,1,0,0,0,1,0,1,1,0,1,0,1,0,0.654553048374319,65.35712188017575
0,1,30.55,30.55,0,0,0,0,0,1,0,0,0,0,0,0,0,0,0,0,1,0,0,0,0,0,0,0,0,0,1,0.6544565102591425,19.993646388416806
0,45,89.3,4192.15,0,0,0,0,1,0,1,1,0,0,0,0,0,0,1,0,0,0,0,0,1,0,0,1,1,0,0,0.6543914561729735,58.437157036246525
1,1,50.15,50.15,1,1,0,1,1,0,0,0,0,0,0,0,0,0,1,0,0,0,0,0,0,0,0,1,0,0,1,0.653793841863613,32.78776116946019
0,3,65.25,209.9,0,1,0,0,1,0,1,0,0,0,0,0,0,0,0,0,1,0,1,0,0,0,0,1,0,0,1,0.6534828600055185,42.63975661536008
0,2,46.0,84.5,1,1,0,0,1,0,0,0,0,0,0,0,0,0,0,0,0,0,0,0,0,0,0,1,1,0,0,0.6529400165481959,30.03524076121701
0,10,79.85,887.35,0,1,0,0,1,0,0,1,0,0,1,0,0,0,1,0,0,0,0,0,0,0,0,1,0,0,1,0.6527123192857747,52.119078694969105
0,46,96.05,4399.5,1,0,0,0,1,0,1,1,0,0,0,0,0,0,0,0,0,0,1,0,1,0,0,0,0,0,0,0.6525097222132915,62.67355881858665
0,33,95.0,3008.15,0,0,1,0,1,0,1,1,0,0,0,0,0,0,1,0,1,0,0,0,1,0,0,1,1,0,0,0.6523686447702347,61.975021253172294
1,43,107.55,4533.9,1,0,1,0,1,0,1,1,0,0,0,0,0,0,1,0,1,0,1,0,1,1,0,1,0,1,0,0.652335693384692,70.15870382352362
0,57,99.65,5497.05,0,0,1,0,1,0,1,1,0,0,1,0,0,0,0,0,0,0,1,0,1,0,0,1,0,1,0,0.6522334398176866,64.99506227783247
0,43,91.65,3954.1,0,0,0,0,1,0,0,1,0,0,0,0,1,0,1,0,0,0,1,0,0,0,0,1,0,1,0,0.6518222904547536,59.73951292017817
0,45,103.65,4747.85,0,1,0,0,1,0,1,1,0,0,0,0,0,0,1,0,1,0,1,0,1,0,0,1,0,0,0,0.6509546706003496,67.47145160772624
0,43,94.1,4107.3,0,0,1,0,1,0,1,1,0,0,1,0,1,0,0,0,0,0,0,0,1,0,0,1,0,1,0,0.6509104567799996,61.25067398299796
0,28,91.0,2626.15,0,1,0,0,1,0,0,1,0,0,0,0,0,0,1,0,1,0,0,0,1,0,0,0,0,1,0,0.6508302785016682,59.225555343651806
0,4,64.4,253.0,0,0,0,0,1,0,1,0,0,0,0,0,0,0,0,0,1,0,1,0,0,0,0,1,0,0,1,0.6508251535670777,41.91313988971981
1,47,95.05,4504.55,1,0,0,0,1,0,1,1,0,0,0,0,1,0,0,0,1,0,1,0,0,0,0,1,0,1,0,0.6507480133580426,61.85359866968194
0,21,75.3,1570.7,0,1,0,0,1,0,1,1,0,0,0,0,0,0,0,0,0,0,0,0,0,0,0,0,0,0,1,0.6507131049073489,48.99869679952337
0,1,50.55,50.55,1,0,0,0,1,0,0,0,0,0,0,0,1,0,0,0,0,0,0,0,0,0,0,0,0,1,0,0.6501224553760611,32.863690119259886
0,59,101.1,6039.9,1,0,1,0,1,0,1,1,0,0,0,0,1,0,0,0,0,0,1,0,1,0,0,0,0,1,0,0.6501109261443884,65.72621463319766
1,52,106.5,5621.85,0,0,1,0,1,0,1,1,0,0,0,0,1,0,1,0,0,0,1,0,1,1,0,1,0,1,0,0.6499137492053005,69.2158142903645
0,4,46.0,193.6,1,0,0,0,1,0,0,0,0,0,0,0,0,0,0,0,0,0,0,0,0,0,0,1,0,0,1,0.6498808844080592,29.894520682770725
0,34,109.8,3587.25,1,0,0,0,1,0,1,1,0,0,1,0,1,0,1,0,0,0,1,0,1,0,0,1,0,0,1,0.6497711153787598,71.34486846858782
0,16,90.7,1374.9,0,0,1,0,1,0,1,1,0,0,1,0,1,0,1,0,0,0,0,0,0,0,0,0,0,1,0,0.6497063935134444,58.928369891669405
1,4,48.75,179.85,0,0,0,0,1,0,1,0,0,0,0,0,0,0,0,0,0,0,0,0,0,0,0,0,0,0,1,0.649322912727264,31.654491995454116
0,20,89.4,1871.15,0,0,0,0,1,0,0,1,0,0,1,0,0,0,1,0,0,0,1,0,0,0,0,1,0,0,0,0.6492904742176075,58.046568395054116
0,1,49.65,49.65,1,1,0,0,1,0,0,0,0,0,0,0,0,0,1,0,0,0,0,0,0,0,0,1,0,0,1,0.6491667580508883,32.2311295372266
0,39,99.95,3767.4,0,0,1,1,1,0,1,1,0,0,0,0,0,0,0,0,1,0,1,0,1,0,0,1,1,0,0,0.6491047149910641,64.87801626335687
1,12,83.8,1029.75,1,1,0,0,1,0,0,1,0,0,0,0,1,0,1,0,1,0,0,0,0,0,0,1,0,0,1,0.6488451646505441,54.373224797715594
0,4,94.9,360.55,0,1,0,0,1,0,0,1,0,0,1,0,1,0,0,0,1,0,0,0,1,0,0,1,0,0,1,0.6486756891998766,61.55932290506829
0,1,49.95,49.95,0,0,0,0,1,0,0,0,0,0,0,0,1,0,0,0,0,0,0,0,0,0,0,0,0,1,0,0.6486334942845341,32.39924303951248
0,29,80.15,2265.25,1,1,1,0,1,0,1,1,0,0,0,0,1,0,0,0,0,0,0,0,0,0,0,1,0,0,0,0.6485856963629436,51.98414356348994
0,4,45.3,196.95,1,0,0,0,1,0,0,0,0,0,0,0,0,0,0,0,0,0,0,0,0,0,0,1,0,0,1,0.6484015629917302,29.372590803525377
0,2,40.4,77.15,1,1,0,0,0,1,0,0,0,0,0,0,1,0,1,0,1,0,0,0,0,0,0,1,1,0,0,0.6480722125089353,26.182117385360986
0,3,54.7,169.45,1,1,0,1,1,0,0,0,0,0,0,0,0,0,0,0,0,0,1,0,0,0,0,1,1,0,0,0.6478058409671048,35.43497950090063
0,1,49.5,49.5,0,0,0,0,1,0,0,0,0,0,0,0,1,0,0,0,0,0,0,0,0,0,0,0,0,1,0,0.6475148708102881,32.051986105109265
0,25,89.15,2257.75,1,0,1,1,1,0,0,1,0,0,0,0,1,0,1,0,0,0,1,0,0,0,0,1,0,0,0,0.6471120499273452,57.690039251022824
0,12,74.75,827.05,0,1,0,0,1,0,1,0,0,0,0,0,0,0,1,0,0,0,1,0,1,0,0,0,0,0,0,0.6470730899068542,48.36871347053735
1,14,78.85,1043.8,0,0,0,0,1,0,0,1,0,0,1,0,1,0,0,0,0,0,0,0,0,0,0,0,0,1,0,0.6469679509000523,51.01342292846912
0,1,44.0,44.0,0,1,0,1,1,0,0,0,0,0,0,0,0,0,0,0,0,0,0,0,0,0,0,0,0,1,0,0.6466692979619509,28.453449110325842
0,17,70.5,1165.6,0,0,0,0,1,0,0,1,0,0,0,0,0,0,0,0,0,0,0,0,0,0,0,0,0,0,0,0.6465958966710665,45.58501071531019
1,17,45.05,770.6,1,1,0,0,1,0,0,0,0,0,0,0,0,0,0,0,0,0,0,0,0,0,0,1,0,1,0,0.6464628073002703,29.123149468877173
0,8,60.0,487.75,0,0,0,0,1,0,0,0,0,0,1,0,0,0,0,0,0,0,1,0,0,0,0,1,0,1,0,0.6463644806295391,38.78186883777234
1,43,110.75,4687.9,1,1,1,1,1,0,1,1,0,0,0,0,1,0,1,0,1,0,1,0,1,0,0,1,0,0,0,0.6461863576238284,71.565139106839
0,1,55.2,55.2,1,0,1,0,1,0,0,0,0,0,0,0,0,0,0,0,0,0,1,0,0,0,0,0,0,0,1,0.6461835430136018,35.66933157435082
0,16,65.2,1043.35,1,0,0,0,1,0,1,0,0,0,0,0,0,0,1,0,0,0,0,0,1,0,0,1,1,0,0,0.6457108940929857,42.100350294862665
0,24,54.15,1240.25,1,0,0,0,0,1,0,0,0,0,0,0,1,0,1,0,0,0,1,0,1,0,0,1,1,0,0,0.6453979767911727,34.948300443242005
0,7,70.75,450.8,1,0,0,0,1,0,0,0,0,0,0,0,0,0,0,0,1,0,1,0,1,0,0,1,1,0,0,0.6453575721918133,45.6590482325708
0,6,49.15,270.8,1,0,1,0,1,0,0,0,0,0,0,0,0,0,0,0,1,0,0,0,0,0,0,1,0,1,0,0.6451444881882618,31.708851594453066
0,19,73.85,1424.5,1,1,0,0,1,0,0,1,0,0,0,0,1,0,0,0,0,0,0,0,0,0,0,1,1,0,0,0.6448204228656131,47.61998822862553
0,2,62.15,113.1,0,0,1,0,1,0,0,0,0,0,1,0,0,0,0,0,0,0,0,0,1,0,0,1,0,0,1,0.6442783348574543,40.041898511390784
0,36,97.35,3457.9,1,0,1,1,1,0,1,1,0,0,0,0,1,0,1,0,0,0,1,0,0,0,0,1,0,0,0,0.6440427559325644,62.697562290035144
0,2,29.85,75.6,1,1,0,0,0,1,0,0,0,0,0,0,0,0,0,0,1,0,0,0,0,0,0,0,0,0,0,0.6439782012909793,19.222749308535732
0,36,104.5,3684.95,0,0,1,1,1,0,1,1,0,0,1,0,0,0,1,0,0,0,1,0,1,0,0,1,1,0,0,0.6437121792802876,67.26792273479005
0,16,100.7,1522.7,0,0,1,1,1,0,0,1,0,0,1,0,0,0,1,0,0,0,1,0,1,0,0,0,0,0,0,0.643701440354794,64.82073504372777
1,7,48.2,340.35,0,0,0,0,1,0,0,0,0,0,1,0,0,0,0,0,0,0,0,0,0,0,0,1,0,1,0,0.6434100587158283,31.01236483010293
1,30,77.9,2351.45,0,1,1,0,1,0,1,1,0,0,0,0,0,0,0,0,0,0,0,0,0,0,0,0,0,0,1,0.643391172400599,50.12017233000666
0,1,45.85,45.85,1,1,1,1,1,0,0,0,0,0,0,0,0,0,0,0,0,0,0,0,0,0,0,1,0,0,1,0.6432994308112716,29.495278902696803
0,59,111.35,6519.75,0,1,0,0,1,0,1,1,0,0,0,0,1,0,1,0,1,0,1,0,1,0,0,1,0,1,0,0.6431000899905494,71.60919502044767
0,11,79.5,795.65,0,1,0,0,1,0,0,1,0,0,1,0,0,0,1,0,0,0,0,0,0,0,0,1,0,0,0,0.6429084326654219,51.11122039690104
0,3,80.1,217.55,1,0,0,0,1,0,0,1,0,0,0,0,0,0,1,0,1,0,0,0,0,0,0,0,1,0,0,0.642903700842067,51.496586437449565
1,13,54.8,731.3,0,0,0,0,1,0,0,0,0,0,0,0,1,0,1,0,0,0,0,0,0,0,0,1,0,1,0,0.6425539584294341,35.21195692193299
0,1,29.15,29.15,0,1,0,0,0,1,0,0,0,0,0,0,0,0,0,0,1,0,0,0,0,0,0,0,0,0,1,0.6424018734607826,18.72601461138181
0,1,50.8,50.8,1,1,0,0,1,0,0,0,0,0,0,0,1,0,0,0,0,0,0,0,0,0,0,0,0,1,0,0.6421433082889505,32.62088006107869
0,2,47.8,92.45,1,1,0,0,1,0,0,0,0,0,1,0,0,0,0,0,0,0,0,0,0,0,0,1,0,1,0,0.6420129792586811,30.688220408564952
0,29,84.45,2467.1,1,1,1,0,1,0,1,1,0,0,1,0,1,0,0,0,0,0,0,0,0,0,0,1,0,1,0,0.6419594209557316,54.21347309971153
0,69,103.95,7446.9,1,0,1,1,1,0,1,1,0,0,0,0,1,0,1,0,0,0,1,0,1,0,0,1,0,1,0,0.6413524757078263,66.66858984982855
0,49,99.4,5025.0,0,0,1,0,1,0,0,1,0,0,0,0,1,0,1,0,0,0,1,0,1,0,0,0,0,1,0,0.6411491389422624,63.73022441086089
0,18,74.8,1438.05,0,0,1,0,1,0,0,1,0,0,1,0,0,0,0,0,0,0,0,0,0,0,0,0,0,1,0,0.6408293103290283,47.934032412611316
0,6,48.95,273.25,0,0,1,1,1,0,1,0,0,0,0,0,0,0,0,0,0,0,0,0,0,0,0,1,1,0,0,0.640725583092138,31.363517292360157
0,33,93.8,3124.5,1,0,1,1,1,0,0,1,0,0,0,0,0,0,1,0,0,0,1,0,1,1,0,1,0,1,0,0.6404269544414359,60.07204832660669
0,20,96.55,1901.65,0,0,1,0,1,0,0,1,0,0,1,0,1,0,0,0,1,0,1,0,0,0,0,1,0,1,0,0.6401451314429859,61.80601244082029
0,1,35.9,35.9,0,0,0,0,0,1,0,0,0,0,0,0,0,0,1,0,1,0,0,0,0,0,0,0,0,0,1,0.6401207259570779,22.980334061859097
0,22,94.95,2142.8,0,1,0,0,1,0,0,1,0,0,0,0,1,0,1,0,1,0,0,0,1,0,0,1,0,0,0,0.6400177366477142,60.769684094700466
1,20,71.3,1389.2,1,1,0,0,1,0,0,1,0,0,0,0,0,0,0,0,0,0,0,0,0,0,0,0,1,0,0,0.6399689527405328,45.62978633039999
0,3,35.45,106.85,1,1,0,0,0,1,0,0,0,0,1,0,1,0,0,0,0,0,0,0,0,0,0,1,0,0,1,0.6395266883450905,22.67122110183346
0,3,54.65,189.1,0,1,0,0,1,0,0,0,0,0,0,0,0,0,0,0,0,0,0,0,1,0,0,0,0,0,1,0.6394160974855315,34.9440897275843
1,26,85.8,2193.65,0,0,0,0,1,0,0,1,0,0,1,0,0,0,0,0,0,0,1,0,0,0,0,1,1,0,0,0.6386702984880384,54.79791161027369
0,12,51.25,612.1,0,0,1,0,1,0,0,0,0,0,0,0,1,0,0,0,0,0,0,0,0,0,0,1,0,1,0,0.6384379291973891,32.71994387136619
0,3,29.65,90.05,0,0,0,1,0,1,0,0,0,0,0,0,1,0,0,0,0,0,0,0,0,0,0,0,0,0,1,0.6379539335313408,18.915334129204254
0,35,106.9,3756.45,0,0,1,1,1,0,0,1,0,0,1,0,0,0,1,0,1,0,1,0,1,0,0,1,0,1,0,0.6377114387998254,68.17135280770134
0,35,89.65,3161.6,0,1,1,1,1,0,1,1,0,0,0,0,1,0,0,0,0,0,1,0,0,0,0,1,0,0,0,0.6373943071982615,57.14239964032415
0,1,50.75,50.75,0,1,0,0,1,0,1,0,0,0,0,0,0,0,0,0,0,0,0,0,0,0,0,0,0,0,1,0.6373707921244032,32.346567700313464
1,64,94.25,6081.4,0,1,1,0,1,0,1,1,0,0,0,0,1,0,1,0,0,0,0,0,1,0,0,1,0,1,0,0.6371863869761599,60.054816972503076
1,35,39.85,1434.6,0,0,0,0,0,1,0,0,0,0,0,0,0,0,1,0,0,0,1,0,0,0,0,1,0,1,0,0.6371519827948758,25.390506514375804
0,5,49.2,216.9,1,1,0,0,1,0,0,0,0,0,0,0,0,0,0,0,1,0,0,0,0,0,0,1,0,1,0,0.6368094231131353,31.331023617166256
0,26,69.05,1815.65,0,0,0,0,1,0,0,1,0,0,0,0,0,0,0,0,0,0,0,0,0,0,0,1,1,0,0,0.6367999456805878,43.97103624924459
0,53,98.4,5149.5,1,0,1,0,1,0,1,1,0,0,0,0,1,0,0,0,0,0,1,0,1,0,0,1,1,0,0,0.6367698023572709,62.658148551955456
1,55,100.0,5509.3,1,0,0,0,1,0,1,1,0,0,0,0,0,0,1,0,0,0,1,0,1,1,0,1,0,1,0,0.6364955676489499,63.64955676489499
0,5,34.25,163.55,0,0,1,1,0,1,0,0,0,0,0,0,1,0,0,0,1,0,0,0,0,0,0,0,0,1,0,0.6364766247304102,21.79932439701655
1,1,45.25,45.25,0,1,0,0,1,0,0,0,0,0,0,0,0,0,0,0,0,0,0,0,0,0,0,0,0,0,0,0.6364366066200546,28.798756449557473
0,18,35.2,607.3,0,0,0,0,0,1,0,0,0,0,0,0,0,0,1,0,1,0,0,0,0,0,0,1,0,1,0,0.6358701752698842,22.382630169499926
1,1,45.1,45.1,1,0,0,0,1,0,0,0,0,0,0,0,0,0,0,0,0,0,0,0,0,0,0,0,0,0,1,0.6357835303735327,28.673837219846327
0,11,55.05,608.15,0,1,1,0,1,0,0,0,0,0,0,0,0,0,0,0,0,0,1,0,0,0,0,1,0,0,0,0.6357667747757506,34.99896095140507
0,47,107.35,5118.95,1,1,1,1,1,0,1,1,0,0,0,0,0,0,1,0,1,0,1,0,1,0,0,1,0,0,0,0.6356046773495805,68.23216211347746
0,6,98.15,567.45,1,0,0,0,1,0,0,1,0,0,1,0,1,0,1,0,1,0,0,0,1,0,0,1,0,0,0,0.635581596356031,62.382333682344445
0,6,59.45,357.6,0,1,0,0,1,0,0,0,0,0,0,0,1,0,0,0,0,0,1,0,0,0,0,0,0,1,0,0.6355126742543731,37.781228484422485
0,6,44.75,270.95,1,1,0,0,1,0,0,0,0,0,0,0,0,0,0,0,0,0,0,0,0,0,0,0,0,1,0,0.6354827271413176,28.43785203957396
0,28,100.2,2688.45,0,1,0,0,1,0,1,1,0,0,0,0,1,0,0,0,0,0,1,0,1,1,0,0,0,1,0,0.6349871971161974,63.625717151042984
0,3,82.3,214.4,0,1,0,0,1,0,0,1,0,0,1,0,0,0,0,0,1,0,0,0,0,0,0,1,0,0,1,0.6349336253238554,52.2550373641533
1,41,53.95,2215.4,0,1,1,0,0,1,0,0,0,0,0,0,1,0,1,0,0,0,1,0,1,0,0,1,0,1,0,0.6349133788887246,34.25357679104669
0,9,59.9,542.4,0,1,0,0,1,0,1,0,0,0,0,0,0,0,0,0,0,0,0,0,1,0,0,0,0,0,1,0.6347926871313317,38.02408195916677
0,17,25.65,440.2,0,1,0,0,0,1,0,0,0,0,0,0,0,0,0,0,0,0,0,0,0,0,0,1,0,0,1,0.6347418132332843,16.28112750943374
0,18,75.9,1373.05,0,1,0,0,1,0,0,1,0,0,0,0,0,0,0,0,1,0,0,0,0,0,0,1,0,0,0,0.6343156136284311,48.14455507439793
1,48,99.0,4744.35,0,1,0,0,1,0,1,1,0,0,0,0,1,0,0,0,0,0,1,0,1,1,0,1,0,1,0,0.6341033894945797,62.77623555996339
0,18,78.2,1468.75,0,1,1,0,1,0,0,1,0,0,0,0,0,0,1,0,1,0,0,0,0,0,0,0,0,1,0,0.6340885164913495,49.58572198962353
1,26,66.05,1652.4,0,0,0,0,1,0,1,0,0,0,0,0,0,0,0,0,1,0,0,0,1,0,0,1,0,1,0,0.6340100127489526,41.87636134206832
0,24,85.95,2107.15,0,1,0,0,1,0,0,1,0,0,0,0,1,0,1,0,1,0,0,0,0,0,0,1,0,1,0,0.6338210516937313,54.4769193930762
0,56,98.6,5581.05,0,1,0,0,1,0,1,1,0,0,0,0,1,0,0,0,0,0,1,0,1,0,0,0,0,1,0,0.6335742178675446,62.4704178817399
0,35,95.5,3418.2,0,1,0,0,1,0,1,1,0,0,0,0,0,0,1,0,1,0,1,0,0,0,0,0,0,1,0,0.6335675627182509,60.50570223959296
0,15,75.35,1114.55,0,0,1,0,1,0,0,1,0,0,0,0,1,0,0,0,0,0,0,0,0,0,0,0,0,0,0,0.6334065054259238,47.72718018384335
0,1,29.9,29.9,0,0,0,0,0,1,0,0,0,0,1,0,0,0,0,0,0,0,0,0,0,0,0,0,0,0,1,0.6333791253553831,18.938035848125953
1,46,110.2,4972.1,0,0,1,1,1,0,1,1,0,0,1,0,1,0,0,0,1,0,1,0,1,0,0,1,0,1,0,0.6333254943615737,69.79246947864543
0,44,92.95,4122.9,0,1,1,1,1,0,0,1,0,0,0,0,0,0,1,0,0,0,1,0,1,0,0,1,0,0,0,0.6329485519105377,58.83256790008448
0,56,98.7,5669.5,0,0,1,0,1,0,0,1,0,0,0,0,0,0,1,0,1,0,1,0,1,0,0,1,0,1,0,0.6326516537993211,62.44271822999299
0,13,55.95,734.35,1,0,1,1,1,0,0,0,0,0,0,0,0,0,0,0,0,0,0,0,1,0,0,0,0,1,0,0.6325520690224326,35.3912882618051
0,65,105.05,6914.95,0,0,1,0,1,0,1,1,0,0,1,0,0,0,1,0,0,0,1,0,1,0,0,1,0,1,0,0.6325432964966741,66.44867329697561
1,29,45.0,1228.65,0,0,1,0,0,1,0,0,0,0,1,0,0,0,1,0,0,0,0,0,1,0,0,1,0,1,0,0.631970791949682,28.438685637735688
1,58,100.4,5749.8,0,0,1,0,1,0,1,1,0,0,0,0,0,0,0,0,1,0,1,0,1,0,0,1,0,0,0,0.631859578164021,63.43870164766772
0,4,44.8,176.2,0,1,0,0,1,0,0,0,0,0,0,0,0,0,0,0,0,0,0,0,0,0,0,1,1,0,0,0.6318494434336471,28.30685506582739
0,1,25.7,25.7,0,0,0,0,1,0,1,0,1,1,0,1,0,1,0,1,0,1,0,1,0,0,0,1,0,1,0,0.6315829455866795,16.231681701577664
0,55,103.65,5676.65,0,0,1,0,1,0,1,1,0,0,0,0,1,0,1,0,0,0,1,0,1,0,0,1,1,0,0,0.6315525321325085,65.4604199555345
0,1,48.95,48.95,1,1,0,1,1,0,0,0,0,0,0,0,0,0,1,0,0,0,0,0,0,0,0,0,0,1,0,0.6311776877595774,30.896147815831316
1,55,100.15,5409.75,0,0,0,0,1,0,1,1,0,0,0,0,0,0,1,0,0,0,1,0,1,1,0,1,0,1,0,0.6303918063161994,63.13373940256737
1,45,102.15,4735.35,0,0,0,0,1,0,1,1,0,0,0,0,0,0,1,0,0,0,1,0,1,1,0,1,0,0,0,0.6302982090197391,64.38496205136636
1,67,101.4,6841.05,0,1,0,0,1,0,1,1,0,0,0,0,0,0,1,0,0,0,1,0,1,0,0,1,1,0,0,0.6296693486083825,63.848471948889994
0,24,84.35,1938.05,0,0,0,0,1,0,1,1,0,0,1,0,0,0,0,0,1,0,0,0,0,0,0,1,0,1,0,0.6296067396933099,53.10732849313069
0,40,93.4,3756.4,0,0,0,0,1,0,1,1,0,0,0,0,1,0,1,0,0,0,1,0,0,0,0,1,0,0,0,0.6295836282684738,58.803110880275455
1,47,86.05,3865.6,0,1,0,0,1,0,1,1,0,0,0,0,0,0,0,0,0,0,1,0,0,0,0,1,1,0,0,0.6295249098367666,54.17061849145376
0,58,95.3,5817.7,0,0,0,0,1,0,0,1,0,0,0,0,0,0,0,0,1,0,1,0,1,0,0,1,0,1,0,0.62923477046976,59.966073625768125
0,8,65.45,554.45,0,0,0,0,1,0,0,0,0,0,0,0,1,0,0,0,1,0,1,0,0,0,0,1,0,1,0,0.6292201435808915,41.18245839736935
0,21,74.05,1565.7,1,0,1,1,1,0,0,1,0,0,0,0,1,0,0,0,0,0,0,0,0,0,0,1,0,0,0,0.6288865478648511,46.56904886939222
0,4,44.8,169.65,0,1,1,1,1,0,0,0,0,0,0,0,0,0,0,0,0,0,0,0,0,0,0,0,0,1,0,0.6288721762079434,28.173473494115864
0,45,115.65,5125.5,0,0,0,0,1,0,1,1,0,0,1,0,1,0,1,0,1,0,1,0,1,0,0,1,0,1,0,0.6288474166552179,72.72620373617596
0,2,54.35,117.05,0,0,0,0,1,0,1,0,0,0,0,0,0,0,0,0,1,0,0,0,0,0,0,1,0,0,1,0.6288387154131108,34.17738418270257
0,23,75.3,1702.9,0,0,1,1,1,0,0,1,0,0,0,0,0,0,1,0,0,0,0,0,0,0,0,1,1,0,0,0.6287781924843052,47.34699789406818
0,13,73.75,956.65,0,1,0,0,1,0,0,1,0,0,1,0,0,0,0,0,0,0,0,0,0,0,0,1,1,0,0,0.6286560768630999,46.36338566865361
0,14,31.1,419.7,0,1,0,0,0,1,0,0,0,0,0,0,1,0,0,0,0,0,0,0,0,0,0,1,0,0,1,0.628609972018783,19.54977012978415
1,35,70.55,2419.0,0,0,0,0,1,0,0,1,0,0,0,0,0,0,0,0,0,0,0,0,0,0,0,0,0,1,0,0.6285665510271505,44.34537017496547
0,13,30.15,382.2,0,0,0,1,0,1,0,0,0,0,0,0,1,0,0,0,0,0,0,0,0,0,0,0,0,1,0,0.6283624273003582,18.9451271831058
0,7,34.5,279.25,1,1,1,1,0,1,0,0,0,0,1,0,0,0,0,0,1,0,0,0,0,0,0,1,0,1,0,0.6282650481374099,21.675144160740643
0,5,44.05,202.15,0,0,0,0,1,0,0,0,0,0,0,0,0,0,0,0,0,0,0,0,0,0,0,1,1,0,0,0.6282466215656195,27.674263679965538
0,63,108.75,6871.7,0,0,1,0,1,0,1,1,0,0,0,0,1,0,1,0,1,0,1,0,1,0,0,1,0,1,0,0.6281549802181826,68.31185409872737
0,6,49.25,255.6,0,0,0,0,0,1,0,0,0,0,0,0,0,0,0,0,1,0,1,0,1,1,0,1,0,0,1,0.6279515445898992,30.926613571052535
0,16,74.55,1170.5,0,1,0,0,1,0,0,1,0,0,0,0,0,0,0,0,1,0,0,0,0,0,0,1,1,0,0,0.6277446040250401,46.798360230066734
0,61,106.45,6300.15,0,1,0,0,1,0,1,1,0,0,1,0,0,0,1,0,0,0,1,0,1,0,0,1,0,1,0,0.627456243016727,66.79271706913059
0,64,111.15,6953.4,0,0,1,0,1,0,1,1,0,0,0,0,1,0,1,0,1,0,1,0,1,0,0,1,0,1,0,0.6272163863752287,69.71510134560667
0,33,86.15,2745.7,1,0,1,1,1,0,1,1,0,0,0,0,0,0,0,0,0,0,0,0,1,0,0,0,1,0,0,0.6271685423942089,54.030569927261105
0,3,50.4,137.25,0,1,0,0,1,0,1,0,0,0,0,0,0,0,0,0,0,0,0,0,0,0,0,0,0,0,0,0.6268021228888664,31.590826993598863
0,12,95.5,1115.15,1,0,0,0,1,0,0,1,0,0,0,0,0,0,1,0,0,0,1,0,1,1,0,0,0,0,1,0.6267757938167168,59.857088309496454
0,12,44.55,480.6,1,0,0,1,1,0,0,0,0,0,0,0,0,0,0,0,0,0,0,0,0,0,0,1,0,1,0,0.6266947681750443,27.919251922198224
0,35,91.5,3236.35,0,1,1,0,1,0,1,1,0,0,0,0,0,0,0,0,1,0,1,0,0,0,0,1,1,0,0,0.6265062102290027,57.325318235953745
0,40,83.85,3532.25,0,0,0,0,1,0,1,1,0,0,0,0,0,0,0,0,0,0,0,0,1,0,0,0,0,0,0,0.626340576340652,52.51865732616366
0,18,89.6,1633.0,0,1,0,0,1,0,1,1,0,0,0,0,0,0,1,0,0,0,1,0,0,1,0,1,1,0,0,0.6263042251208519,56.11685857082833
1,12,29.3,355.9,0,0,1,1,0,1,0,0,0,0,0,0,0,0,0,0,1,0,0,0,0,0,0,1,0,0,1,0.6261580584658464,18.3464311130493
0,28,94.5,2659.4,1,1,0,0,1,0,1,1,0,0,1,0,1,0,0,0,0,0,0,0,1,0,0,1,1,0,0,0.6259710514946056,59.154264366240234
0,32,80.35,2596.15,1,1,0,0,1,0,1,1,0,0,0,0,1,0,0,0,0,0,0,0,0,0,0,1,0,0,0,0.625757399447715,50.2796070456239
0,7,44.25,313.45,0,0,1,0,1,0,0,0,0,0,0,0,0,0,0,0,0,0,0,0,0,0,0,1,0,0,1,0.6254540327580637,27.67634094954432
0,12,49.4,611.65,0,0,0,0,1,0,0,0,0,0,0,0,1,0,0,0,0,0,0,0,0,0,0,1,0,1,0,0.6253695430597084,30.893255427149594
0,57,104.5,5921.35,1,0,1,0,1,0,1,1,0,0,0,0,1,0,1,0,0,0,1,0,1,0,0,1,1,0,0,0.6251988760168715,65.33328254376308
0,42,108.3,4586.15,0,1,1,0,1,0,1,1,0,0,0,0,0,0,1,0,1,0,1,0,1,1,0,1,0,1,0,0.6248010881424672,67.6659578458292
0,2,29.05,44.75,0,0,1,1,0,1,0,0,0,0,0,0,0,0,0,0,1,0,0,0,0,0,0,0,0,0,0,0.6242914533587381,18.135666720071345
0,1,29.7,29.7,1,1,0,0,0,1,0,0,0,0,1,0,0,0,0,0,0,0,0,0,0,0,0,0,0,0,1,0.6240883089839032,18.535422776821925
0,1,50.15,50.15,0,1,0,0,1,0,0,0,0,0,0,0,1,0,0,0,0,0,0,0,0,0,0,1,0,0,1,0.6239380632377508,31.2904938713732
1,33,83.85,2716.3,1,1,0,0,1,0,1,1,0,0,0,0,1,0,1,0,0,0,0,0,0,0,0,1,1,0,0,0.623905634496098,52.314487452497815
0,25,34.0,853.0,1,0,1,0,0,1,0,0,0,0,0,0,0,0,0,0,0,0,1,0,0,0,0,1,0,0,0,0.6238859231775961,21.212121388038266
0,28,96.6,2684.35,0,1,1,0,1,0,1,1,0,0,0,0,1,0,1,0,0,0,1,0,0,0,0,0,1,0,0,0.6237567134736803,60.254898521557514
0,15,50.75,688.2,0,1,0,0,0,1,0,0,0,0,0,0,0,0,1,0,0,0,1,0,1,1,0,0,0,1,0,0.6235204527490056,31.643662977012035
0,25,85.9,2199.05,0,1,1,1,1,0,0,1,0,0,0,0,0,0,0,0,1,0,1,0,0,0,0,0,0,1,0,0.6234333817117358,53.552927489038105
0,2,49.6,114.7,1,0,0,0,1,0,0,0,0,0,0,0,1,0,0,0,0,0,0,0,0,0,0,1,0,0,1,0.6233459840842505,30.917960810578823
0,1,54.9,54.9,1,0,0,0,1,0,0,0,0,0,1,0,1,0,0,0,0,0,0,0,0,0,0,1,0,1,0,0.6232482084737793,34.21632664521048
0,15,69.0,994.8,1,0,0,1,1,0,0,1,0,0,0,0,0,0,0,0,0,0,0,0,0,0,0,0,0,0,0,0.6232436415940861,43.00381126999194
0,11,53.75,608.0,1,1,0,0,1,0,1,0,0,0,0,0,0,0,1,0,0,0,0,0,0,0,0,0,0,1,0,0.6230134983268886,33.48697553507026
0,16,71.4,1212.1,0,1,0,0,1,0,1,0,0,0,0,0,1,0,1,0,0,0,0,0,1,0,0,1,0,0,0,0.6229296957187994,44.47718027432228
1,7,51.3,419.35,0,0,0,0,1,0,0,0,0,0,0,0,1,0,0,0,0,0,0,0,0,0,0,1,0,0,1,0.6229137214206563,31.955473908879664
0,20,81.0,1683.7,0,0,1,0,1,0,0,1,0,0,0,0,0,0,1,0,1,0,0,0,0,0,0,1,0,0,1,0.622762435950687,50.44375731200565
0,50,103.85,5017.9,1,1,1,1,1,0,1,1,0,0,0,0,1,0,1,0,0,0,1,0,1,0,0,1,0,0,0,0.622685061415578,64.66584362800778
0,42,95.25,3959.35,1,1,1,0,1,0,1,1,0,0,0,0,1,0,1,0,0,0,1,0,0,0,0,1,0,0,0,0.6226806173219743,59.310328799918054
0,31,88.65,2683.2,0,1,1,0,1,0,1,1,0,0,0,0,0,0,1,0,0,0,1,0,0,0,0,0,1,0,0,0.6222874624437812,55.165783545641204
0,9,91.75,865.8,1,0,1,0,1,0,1,1,0,0,1,0,1,0,1,0,0,0,0,0,0,0,0,0,0,0,0,0.6216135738580745,57.03304540147833
0,8,66.65,520.95,0,1,0,0,1,0,0,0,0,0,0,0,1,0,0,0,1,0,1,0,0,0,0,1,0,1,0,0.6211918167648609,41.40243458737798
1,8,64.4,581.7,0,1,1,0,1,0,0,0,0,0,0,0,0,0,1,0,1,0,0,0,1,0,0,1,1,0,0,0.621172299387199,40.00349608053562
1,50,100.65,5189.75,0,0,1,0,1,0,1,1,0,0,0,0,0,0,0,0,1,0,1,0,1,1,0,1,0,1,0,0.6210847003837565,62.512175093625096
0,8,25.5,215.2,1,1,0,1,0,1,0,0,0,0,0,0,0,0,0,0,0,0,0,0,0,0,0,0,0,0,1,0.6209478197033684,15.834169402435895
0,6,49.45,314.6,0,0,0,0,1,0,0,0,0,0,1,0,0,0,0,0,0,0,0,0,0,0,0,1,0,1,0,0.6205629944964332,30.686840077848622
0,21,80.35,1747.2,0,1,0,1,1,0,1,1,0,0,1,0,0,0,0,0,0,0,0,0,0,0,0,0,0,1,0,0.6203717502951261,49.84687013621338
0,3,58.7,168.6,0,0,1,1,1,0,0,0,0,0,0,0,1,0,0,0,0,0,1,0,0,0,0,1,1,0,0,0.6201174347144434,36.40089341773783
0,19,25.15,468.35,0,1,0,0,0,1,0,0,0,0,0,0,0,0,0,0,0,0,0,0,0,0,0,1,0,0,0,0.6199251128710869,15.591116588707834
0,27,69.05,1793.25,0,1,0,0,1,0,0,1,0,0,0,0,0,0,0,0,0,0,0,0,0,0,0,1,0,0,1,0.6197147834881013,42.79130579985339
1,1,19.45,19.45,1,0,0,0,1,0,0,0,1,1,0,1,0,1,0,1,0,1,0,1,0,0,0,1,0,1,0,0.6196327528385972,12.051857042710715
0,30,94.1,2804.45,1,0,1,0,1,0,1,1,0,0,0,0,1,0,0,0,1,0,1,0,0,0,0,1,1,0,0,0.6195899352612547,58.30341290808406
0,1,30.5,30.5,1,0,1,1,0,1,0,0,0,0,1,0,0,0,0,0,0,0,0,0,0,0,0,0,0,0,0,0.6193365306899022,18.88976418604202
1,34,79.6,2718.3,1,0,1,1,1,0,1,1,0,0,0,0,1,0,0,0,0,0,0,0,0,0,0,1,0,0,1,0.6190920563995931,49.27972768940761
0,7,44.65,322.5,0,1,0,0,1,0,0,0,0,0,0,0,0,0,0,0,0,0,0,0,0,0,0,1,0,0,0,0.6187663946943467,27.62791952310258
0,10,36.25,374.0,0,0,0,0,0,1,0,0,0,0,0,0,1,0,0,0,1,0,0,0,0,0,0,0,0,1,0,0.6186260812886554,22.425195446713758
1,55,116.5,6382.55,0,1,0,0,1,0,1,1,0,0,1,0,1,0,1,0,1,0,1,0,1,0,0,1,0,1,0,0.6185982497332864,72.06669609392786
0,43,77.85,3365.85,1,1,0,0,1,0,1,1,0,0,0,0,1,0,0,0,0,0,0,0,0,0,0,1,0,1,0,0.6185639215919385,48.15520129593241
0,49,100.85,4847.35,0,0,1,0,1,0,1,1,0,0,1,0,0,0,0,0,0,0,1,0,1,0,0,1,0,0,1,0.6185301417459257,62.3787647950766
0,16,75.1,1212.85,0,0,0,0,1,0,0,1,0,0,0,0,1,0,0,0,0,0,0,0,0,0,0,0,0,0,0,0.618440521922857,46.44488319640656
0,9,45.15,416.45,1,0,0,0,1,0,0,0,0,0,0,0,0,0,0,0,0,0,0,0,0,0,0,0,0,1,0,0.618050175617617,27.904965429135405
0,51,98.85,4947.55,0,0,1,0,1,0,1,1,0,0,0,0,0,0,1,0,0,0,1,0,1,1,0,1,0,1,0,0.6177229205365111,61.06191069503412
0,39,75.25,3017.65,1,1,0,0,1,0,1,1,0,0,0,0,0,0,0,0,0,0,0,0,0,0,0,0,0,1,0,0.6176038277504885,46.47468803822426
1,7,29.8,220.45,0,1,1,0,0,1,0,0,0,0,1,0,0,0,0,0,0,0,0,0,0,0,0,0,0,0,0,0.6175233202872826,18.40219494456102
1,7,45.75,344.2,0,1,0,1,1,0,0,0,0,0,0,0,0,0,0,0,0,0,0,0,0,0,0,1,0,0,1,0.6173212147682645,28.2424455756481
1,32,79.3,2570.0,0,0,1,0,1,0,1,1,0,0,0,0,0,0,1,0,0,0,0,0,0,0,0,0,0,0,1,0.6172602651695533,48.94873902794558
0,30,85.15,2555.9,1,0,0,0,1,0,0,1,0,0,0,0,0,0,0,0,1,0,1,0,0,0,0,0,0,1,0,0.6170832416708794,52.54463802827538
1,2,44.95,85.15,1,1,0,0,1,0,0,0,0,0,0,0,0,0,0,0,0,0,0,0,0,0,0,0,0,0,1,0.6169745453555734,27.733005813733026
0,9,55.35,449.75,1,1,0,1,1,0,0,0,0,0,0,0,0,0,0,0,0,0,1,0,0,0,0,0,0,1,0,0.616548731798653,34.12597230505544
0,17,64.7,1093.1,1,0,0,1,1,0,0,0,0,0,0,0,0,0,0,0,0,0,1,0,1,0,0,1,0,0,1,0.6165012229293138,39.8876291235266
1,16,54.1,889.0,0,0,0,0,1,0,1,0,0,0,1,0,0,0,0,0,0,0,0,0,0,0,0,1,0,1,0,0.6164862383576737,33.35190549515015
0,29,75.3,2263.4,0,1,1,0,1,0,0,1,0,0,0,0,0,0,1,0,0,0,0,0,0,0,0,1,1,0,0,0.6162837949895673,46.40616976271442
1,35,108.35,3726.15,0,0,0,0,1,0,1,1,0,0,1,0,1,0,1,0,0,0,1,0,1,1,0,1,0,1,0,0.6162697328670176,66.77282555614136
0,48,105.1,5083.55,0,0,1,0,1,0,1,1,0,0,0,0,1,0,0,0,1,0,1,0,1,0,0,1,1,0,0,0.6161138078251349,64.75356120242168
0,1,59.55,59.55,0,1,0,1,1,0,0,0,0,0,0,0,0,0,0,0,1,0,0,0,1,0,0,1,0,0,1,0.6160476759755774,36.68563910434563
0,14,80.05,1112.3,0,0,0,0,1,0,0,1,0,0,0,0,1,0,0,0,1,0,0,0,0,0,0,1,1,0,0,0.6157173123910106,49.28817085690039
1,23,75.4,1643.55,0,0,0,0,1,0,0,1,0,0,1,0,0,0,0,0,0,0,0,0,0,0,0,1,0,0,0,0.6150928394583933,46.37800009516286
0,33,95.3,3275.15,0,1,0,1,1,0,1,1,0,0,1,0,0,0,1,0,0,0,0,0,1,0,0,1,0,0,0,0.6150719718192152,58.61635891437121
0,65,104.25,6812.95,0,1,1,0,1,0,1,1,0,0,1,0,0,0,1,0,0,0,1,0,1,0,0,1,0,1,0,0.6150185885790087,64.11568785936166
0,2,49.05,91.1,1,0,0,0,1,0,0,0,0,0,0,0,1,0,0,0,0,0,0,0,0,0,0,1,1,0,0,0.614959441887338,30.163760624573925
1,55,85.45,4874.7,1,0,1,0,1,0,1,1,0,0,0,0,1,0,1,0,0,0,0,0,0,0,0,1,0,1,0,0.6148561723687525,52.5394599289099
0,2,50.3,92.75,0,1,0,0,1,0,0,0,0,0,0,0,1,0,0,0,0,0,0,0,0,0,0,1,0,0,1,0.6147769885053612,30.92328252181967
0,45,95.95,4456.65,0,1,1,1,1,0,1,1,0,0,0,0,1,0,1,0,0,0,0,0,1,0,0,1,0,0,0,0.6145313953080594,58.964287379808304
0,32,89.6,2901.8,0,0,1,1,1,0,1,1,0,0,1,0,0,0,0,0,0,0,1,0,0,0,0,0,0,1,0,0.6144218894671094,55.052201296253
0,9,40.65,328.95,1,1,1,0,0,1,0,0,0,0,0,0,0,0,0,0,1,0,1,0,0,0,0,0,0,0,1,0.6141130882925727,24.96369703909308
0,10,29.5,255.25,1,1,0,0,0,1,0,0,0,0,0,0,0,0,1,0,0,0,0,0,0,0,0,0,0,0,1,0.6137643406328002,18.106048048667606
1,37,90.0,3371.75,0,0,1,0,1,0,0,1,0,0,0,0,0,0,1,0,1,0,1,0,0,0,0,0,0,1,0,0.6136086057144955,55.22477451430459
0,9,50.1,484.05,0,1,0,1,1,0,0,0,0,0,0,0,1,0,0,0,0,0,0,0,0,0,0,1,0,1,0,0.6134538246355505,30.734036614241084
0,61,106.2,6375.2,0,1,1,0,1,0,1,1,0,0,1,0,1,0,0,0,0,0,1,0,1,0,0,1,0,1,0,0.6133864137591252,65.14163714121909
0,34,88.85,3000.25,0,1,1,0,1,0,1,1,0,0,0,0,1,0,0,0,0,0,0,0,1,0,0,0,0,0,1,0.6128469462733895,54.451451176390655
0,34,78.3,2564.3,1,1,1,1,1,0,0,1,0,0,0,0,0,0,0,0,0,0,1,0,0,0,0,0,0,1,0,0.6123413078943712,47.946324408129264
0,26,84.3,2281.6,0,1,0,0,1,0,1,1,0,0,0,0,0,0,1,0,1,0,0,0,0,0,0,1,0,0,1,0.6118392145545993,51.57804578695272
0,10,65.5,616.9,0,0,1,1,1,0,0,0,0,0,0,0,1,0,0,0,1,0,0,0,1,0,0,1,0,1,0,0.6116947181036931,40.0660040357919
0,8,55.75,446.8,0,0,1,1,1,0,1,0,0,0,0,0,1,0,0,0,0,0,0,0,0,0,0,0,0,1,0,0.6114323186847688,34.08735176667586
1,68,95.9,6503.2,0,1,0,0,1,0,1,1,0,0,0,0,1,0,1,0,0,0,0,0,1,0,0,1,0,1,0,0.6113226548377667,58.62584259894183
1,66,99.5,6822.15,1,1,1,1,1,0,1,1,0,0,0,0,0,0,1,0,0,0,1,0,1,0,0,1,1,0,0,0.6111991237892623,60.8143128170316
0,42,84.3,3588.4,1,0,1,0,1,0,1,1,0,0,0,0,0,0,1,0,1,0,0,0,0,0,0,1,0,1,0,0.6111982579622808,51.52401314622027
0,3,55.15,159.15,1,1,0,0,1,0,0,0,0,0,0,0,0,0,0,0,0,0,1,0,0,0,0,0,0,0,1,0.6111335803864891,33.704016958314874
1,59,99.5,5890.0,0,0,0,0,1,0,1,1,0,0,0,0,0,0,1,0,0,0,1,0,1,1,0,1,0,1,0,0.6111058340149562,60.80503048448814
1,27,104.65,2964.0,0,1,0,0,1,0,1,1,0,0,0,0,1,0,0,0,1,0,1,0,1,1,0,1,0,0,0,0.6110712381180113,63.94860506904989
0,17,92.7,1556.85,0,0,0,1,1,0,1,1,0,0,0,0,1,0,1,0,1,0,0,0,0,0,0,1,1,0,0,0.6105960804910772,56.60225666152286
1,37,72.25,2575.45,0,1,1,0,1,0,0,1,0,0,0,0,0,0,0,0,0,0,0,0,0,0,0,1,0,0,0,0.6105155147590438,44.10974594134091
1,24,70.0,1732.6,0,1,0,0,1,0,0,1,0,0,0,0,0,0,0,0,0,0,0,0,0,0,0,0,1,0,0,0.6101789456401867,42.71252619481307
0,4,50.4,206.6,1,1,0,0,1,0,1,0,0,0,0,0,0,0,0,0,0,0,0,0,0,0,0,0,0,0,1,0.6098664924850473,30.737271221246385
0,10,35.75,389.8,0,1,0,0,0,1,0,0,0,0,0,0,1,0,0,0,1,0,0,0,0,0,0,0,0,1,0,0.6095004294954692,21.789640354463025
0,62,100.15,6283.3,1,0,1,1,1,0,0,1,0,0,0,0,1,0,1,0,0,0,1,0,1,0,0,1,0,1,0,0.6087542597804271,60.96673911700977
0,37,100.3,3541.4,0,0,0,0,1,0,1,1,0,0,0,0,0,0,0,0,1,0,1,0,1,0,0,0,1,0,0,0.6086256990898496,61.04515761871192
1,30,79.65,2365.15,1,1,1,0,1,0,0,1,0,0,0,0,1,0,1,0,0,0,0,0,0,0,0,1,0,0,1,0.6083282776851598,48.453347317622985
0,20,70.55,1493.55,0,1,0,0,1,0,0,1,0,0,0,0,0,0,0,0,0,0,0,0,0,0,0,0,1,0,0,0.6082082455279394,42.90909172199612
0,40,96.35,3915.4,0,0,1,1,1,0,1,1,0,0,0,0,1,0,1,0,0,0,1,0,0,0,0,1,1,0,0,0.6080217518156308,58.58289578743602
0,4,55.5,227.35,0,0,0,0,1,0,0,0,0,0,0,0,0,0,0,0,0,0,1,0,0,0,0,0,1,0,0,0.607548658974125,33.718950573063935
0,33,70.4,2406.1,0,0,0,0,1,0,0,1,0,0,0,0,0,0,0,0,0,0,0,0,0,0,0,1,0,0,0,0.6074113073062755,42.761756034361795
0,4,51.75,201.1,1,1,0,0,1,0,1,0,0,0,0,0,0,0,0,0,0,0,0,0,0,0,0,0,1,0,0,0.6074079644598166,31.433362160795507
0,2,64.2,143.65,0,1,1,0,1,0,0,0,0,0,0,0,1,0,0,0,1,0,0,0,1,0,0,1,0,0,1,0.6072828644654686,38.98755989868309
0,1,83.4,83.4,0,0,0,0,1,0,0,1,0,0,1,0,1,0,0,0,1,0,0,0,0,0,0,1,0,0,1,0.6071109392719878,50.633052335283786
1,45,100.15,4459.8,0,0,0,0,1,0,1,1,0,0,0,0,0,0,1,0,0,0,1,0,1,1,0,1,0,0,0,0.6070873068343017,60.799793779455314
0,9,44.2,403.35,1,0,0,0,1,0,0,0,0,0,0,0,0,0,0,0,0,0,0,0,0,0,0,1,0,0,0,0.607075592675919,26.832741196275624
1,55,74.0,4052.4,0,1,1,0,1,0,1,1,0,0,0,0,0,0,0,0,0,0,0,0,0,0,0,1,0,1,0,0.6070689296380088,44.923100793212654
0,15,51.55,765.5,1,1,0,0,1,0,1,0,0,0,0,0,0,0,0,0,0,0,0,0,0,0,0,0,0,1,0,0.6069909553844836,31.290383750070127
1,22,81.7,1820.9,0,0,0,0,1,0,0,1,0,0,1,0,1,0,0,0,0,0,0,0,0,0,0,0,0,1,0,0.6069650501974463,49.58904460113136
0,28,90.45,2509.25,0,0,1,1,1,0,1,1,0,0,0,0,0,0,0,0,1,0,0,0,1,1,0,1,0,1,0,0.6067530567302862,54.88081398125439
0,37,78.95,2839.65,1,0,1,0,1,0,1,1,0,0,0,0,0,0,1,0,0,0,0,0,0,0,0,1,1,0,0,0.6063781565010654,47.87355545575912
0,37,98.8,3475.55,1,1,0,0,1,0,1,1,0,0,0,0,0,0,0,0,1,0,1,0,1,0,0,0,0,0,0,0.6062249237223041,59.89502246376364
0,8,45.15,438.4,1,1,0,0,1,0,0,0,0,0,0,0,0,0,0,0,0,0,0,0,0,0,0,1,0,0,1,0.6060864570705128,27.36480353673365
0,1,44.15,44.15,0,0,0,0,1,0,0,0,0,0,0,0,0,0,0,0,0,0,0,0,0,0,0,0,0,0,0,0.6056019224178837,26.737324874749564
0,7,74.35,533.6,0,1,0,0,1,0,0,1,0,0,1,0,0,0,0,0,0,0,0,0,0,0,0,0,0,0,1,0.6053126010507307,45.00499188812182
0,19,69.6,1394.55,0,1,0,0,1,0,1,0,0,0,0,0,0,0,0,0,0,0,1,0,1,0,0,0,0,0,1,0.6049326073576302,42.10330947209106
0,48,111.45,5315.1,0,1,1,0,1,0,1,1,0,0,1,0,1,0,1,0,0,0,1,0,1,0,0,1,0,0,0,0.6043682612559719,67.35684271697806
0,34,84.05,2909.95,0,1,1,1,1,0,0,1,0,0,0,0,0,0,1,0,0,0,1,0,0,0,0,1,0,0,1,0.6041109439360822,50.77552483782771
0,3,49.9,130.1,1,1,0,0,1,0,0,0,0,0,0,0,1,0,0,0,0,0,0,0,0,0,0,1,0,0,1,0.6037861959548497,30.128931178147
0,54,111.1,6014.85,1,0,0,0,1,0,1,1,0,0,0,0,1,0,1,0,1,0,1,0,1,0,0,0,0,1,0,0.6035342336736961,67.05265336114763
0,60,95.75,5742.9,1,1,1,0,1,0,1,1,0,0,0,0,1,0,1,0,0,0,1,0,0,0,0,1,0,1,0,0.6033535890822048,57.77110615462111
0,18,87.9,1500.5,0,1,1,1,1,0,0,1,0,0,1,0,0,0,1,0,0,0,1,0,0,0,0,1,0,0,1,0.6032829231662468,53.028568946313094
0,3,53.4,188.7,1,1,0,0,1,0,0,0,0,0,0,0,0,0,0,0,0,0,1,0,0,0,0,0,1,0,0,0.6031614237513953,32.2088200283245
0,28,90.1,2598.95,1,0,1,1,1,0,0,1,0,0,0,0,0,0,0,0,0,0,1,0,1,1,0,1,0,0,0,0.6028046532517145,54.312699257979475
0,7,44.75,333.65,0,1,1,1,1,0,0,0,0,0,0,0,0,0,0,0,0,0,0,0,0,0,0,0,0,1,0,0.6024371027314517,26.959060347232462
1,2,49.95,107.1,0,1,0,0,1,0,0,0,0,0,0,0,0,0,1,0,0,0,0,0,0,0,0,0,0,0,1,0.6022527104388371,30.082522886419916
0,30,94.3,2679.7,0,1,0,0,1,0,1,1,0,0,1,0,1,0,0,0,0,0,0,0,1,0,0,1,1,0,0,0.6019902482348249,56.76768040854399
0,6,44.6,260.8,1,1,1,1,1,0,0,0,0,0,0,0,0,0,0,0,0,0,0,0,0,0,0,1,0,0,0,0.6019342214776963,26.846266277905254
0,32,104.05,3416.85,0,0,0,0,1,0,1,1,0,0,0,0,1,0,1,0,0,0,1,0,1,1,0,1,1,0,0,0.6013570135605364,62.57119726097381
0,17,35.65,646.05,0,0,1,0,0,1,0,0,0,0,0,0,1,0,1,0,0,0,0,0,0,0,0,1,1,0,0,0.6012391783873768,21.434176709509984
0,7,78.5,571.05,0,0,0,0,1,0,0,0,0,0,1,0,1,0,0,0,1,0,1,0,1,0,0,1,0,1,0,0.6010432849279068,47.181897866840686
0,1,45.95,45.95,1,0,0,0,1,0,0,0,0,0,0,0,0,0,0,0,0,0,0,0,0,0,0,0,0,0,1,0.6010089447758122,27.616361012448575
0,47,103.1,4889.3,0,1,0,0,1,0,1,1,0,0,0,0,1,0,1,0,0,0,1,0,1,1,0,1,0,1,0,0.6007442057193975,61.93672760966987
1,29,51.6,1442.0,0,1,1,0,1,0,1,0,0,0,0,0,0,0,0,0,0,0,0,0,0,0,0,1,0,1,0,0.6007371572783365,30.998037315562165
0,4,38.55,156.1,0,1,1,1,0,1,0,0,0,0,1,0,0,0,0,0,0,0,1,0,0,0,0,0,1,0,0,0.6001504621110642,23.135800314381523
0,8,49.85,365.55,1,0,0,0,1,0,0,0,0,0,1,0,0,0,0,0,0,0,0,0,0,0,0,1,0,1,0,0.6000534771509384,29.91266583597428
0,20,108.2,2203.7,0,1,0,0,1,0,0,1,0,0,1,0,1,0,1,0,1,0,1,0,1,0,0,1,0,0,0,0.6000382783780769,64.92414172050792
0,26,79.3,2015.8,0,0,1,0,1,0,1,1,0,0,0,0,1,0,0,0,0,0,0,0,0,0,0,0,0,0,0,0.5997924890974593,47.56354438542852
1,67,94.65,6079.0,0,1,1,0,1,0,1,1,0,0,0,0,0,0,0,0,0,0,1,0,1,0,0,1,1,0,0,0.5994608301997042,56.738967578402004
0,1,45.35,45.35,0,0,0,0,1,0,0,0,0,0,0,0,0,0,0,0,0,0,0,0,0,0,0,0,0,0,1,0.5994397508919971,27.18459270295207
1,56,96.85,5219.65,0,0,0,0,1,0,1,1,0,0,1,0,1,0,0,0,0,0,0,0,1,0,0,1,0,1,0,0.5994266484476105,58.054470902151074
0,36,104.8,3886.45,0,0,0,0,1,0,1,1,0,0,0,0,1,0,1,0,0,0,1,0,1,1,0,1,0,0,0,0.5994078296959198,62.81794055213239
0,1,45.3,45.3,0,0,0,0,1,0,0,0,0,0,0,0,0,0,0,0,0,0,0,0,0,0,0,0,0,0,1,0.5993088921449493,27.148692814166203
0,1,45.15,45.15,0,0,0,0,1,0,0,0,0,0,0,0,0,0,0,0,0,0,0,0,0,0,0,0,0,0,1,0.5989162309836032,27.041067828909686
0,46,93.7,4154.8,1,1,0,0,1,0,1,1,0,0,1,0,1,0,0,0,0,0,0,0,1,0,0,1,0,1,0,0.5989056933228929,56.11746346435507
0,40,104.8,4131.95,1,1,0,0,1,0,1,1,0,0,0,0,0,0,1,0,1,0,1,0,1,0,0,0,0,0,0,0.5988707475476673,62.761654342995534
1,57,95.25,5427.05,1,1,1,0,1,0,1,1,0,0,0,0,1,0,1,0,0,0,0,0,1,0,0,1,0,0,0,0.5988356221340848,57.03909300827158
1,54,79.5,4370.25,1,0,0,0,1,0,1,1,0,0,0,0,1,0,0,0,0,0,0,0,0,0,0,1,0,1,0,0.5987798324566728,47.60299668030549
0,52,85.35,4338.6,1,1,0,0,1,0,0,1,0,0,0,0,1,0,0,0,0,0,0,0,1,0,0,1,0,1,0,0.5980984428087173,51.04770209372401
0,1,44.75,44.75,0,0,0,0,1,0,0,0,0,0,0,0,0,0,0,0,0,0,0,0,0,0,0,0,0,0,1,0.5978685148250623,26.75461603842154
1,46,100.7,4541.2,1,1,1,1,1,0,1,1,0,0,1,0,1,0,1,0,0,0,1,0,0,0,0,1,0,1,0,0.5977320534461221,60.1916177820245
0,65,90.65,5931.0,0,1,1,0,1,0,1,1,0,0,0,0,1,0,0,0,0,0,0,0,1,0,0,1,0,1,0,0.5974482221138799,54.15868133462322
1,50,71.05,3444.85,1,0,1,0,1,0,0,1,0,0,0,0,0,0,0,0,0,0,0,0,0,0,0,1,0,1,0,0.5971157866475948,42.425076641311605
0,13,30.85,394.1,0,0,0,0,0,1,0,0,0,0,1,0,0,0,0,0,0,0,0,0,0,0,0,1,0,0,0,0.597040013465999,18.41868441542607
0,26,92.4,2349.8,0,1,0,0,1,0,1,1,0,0,1,0,1,0,0,0,0,0,1,0,0,0,0,1,1,0,0,0.597018311385688,55.16449197203757
0,4,50.85,239.55,1,0,1,1,1,0,1,0,0,0,0,0,0,0,0,0,0,0,0,0,0,0,0,0,0,0,1,0.597010475267086,30.35798266733132
0,1,44.4,44.4,1,0,0,0,1,0,0,0,0,0,0,0,0,0,0,0,0,0,0,0,0,0,0,0,0,0,1,0.5969510291544665,26.504625694458312
0,35,49.2,1701.65,0,1,0,0,0,1,0,0,0,0,0,0,0,0,1,0,0,0,1,0,1,0,0,0,0,1,0,0.5967010313338412,29.35769074162499
1,19,34.3,577.15,0,1,1,0,0,1,0,0,0,0,0,0,1,0,1,0,0,0,0,0,0,0,0,1,1,0,0,0.596598150207368,20.46331655211272
0,7,58.85,465.7,0,1,1,1,0,1,0,0,0,0,1,0,1,0,1,0,0,0,1,0,1,0,0,0,0,0,1,0.5964411944145741,35.10056429129769
1,27,36.5,1032.0,1,1,1,0,0,1,0,0,0,0,0,0,0,0,0,0,0,0,0,0,1,0,0,0,0,0,0,0.596433505081903,21.769822935489458
0,45,87.25,3941.7,1,0,0,0,1,0,1,1,0,0,0,0,0,0,1,0,1,0,0,0,0,0,0,1,0,1,0,0.5960559847747102,52.00588467159346
0,1,43.95,43.95,1,0,0,0,1,0,0,0,0,0,0,0,0,0,0,0,0,0,0,0,0,0,0,0,0,0,1,0.5957704079836845,26.184109430882938
0,4,65.55,237.2,0,1,0,0,1,0,1,0,0,0,0,0,0,0,0,0,1,0,0,0,1,0,0,0,0,0,1,0.5954135948542139,39.029361142693716
0,2,61.2,125.95,0,0,0,1,1,0,0,0,0,0,1,0,0,0,0,0,0,0,0,0,1,0,0,1,1,0,0,0.595364117307243,36.436283979203274
0,40,80.0,3168.75,0,1,1,0,1,0,0,1,0,0,0,0,1,0,1,0,0,0,0,0,0,0,0,1,0,1,0,0.5948227444064913,47.585819552519304
0,58,92.85,5305.05,0,1,1,1,1,0,0,1,0,0,0,0,1,0,0,0,0,0,1,0,1,0,0,1,0,1,0,0.5947419184173919,55.22178712505483
1,48,104.5,5068.05,0,0,1,1,1,0,0,1,0,0,1,0,0,0,1,0,1,0,1,0,1,0,0,1,0,1,0,0.5945987483740157,62.13556920508464
0,40,50.85,2036.55,0,0,1,1,0,1,0,0,0,0,0,0,1,0,0,0,0,0,1,0,1,0,0,1,0,1,0,0.5945925562131555,30.23503148343896
0,11,45.9,521.9,0,1,1,0,1,0,0,0,0,0,0,0,0,0,0,0,0,0,0,0,0,0,0,1,0,0,0,0.5939493578692678,27.262275526199392
0,4,49.4,184.4,1,1,0,1,1,0,0,0,0,0,1,0,0,0,0,0,0,0,0,0,0,0,0,1,0,1,0,0.5939486219788651,29.341061925755934
0,6,59.15,336.7,0,1,0,0,1,0,0,0,0,0,1,0,0,0,0,0,0,0,0,0,1,0,0,1,0,0,0,0.5938688712660237,35.1273437353853
0,28,89.9,2433.5,0,0,1,0,1,0,0,1,0,0,0,0,1,0,1,0,0,0,0,0,1,0,0,0,1,0,0,0.5938272525772237,53.385070006692416
1,57,104.9,5913.95,0,1,0,0,1,0,1,1,0,0,0,0,1,0,0,0,1,0,1,0,1,0,0,1,0,0,0,0.5930686639505285,62.212902848410444
0,1,46.3,46.3,1,1,0,0,1,0,0,0,0,0,0,0,0,0,0,0,0,0,0,0,0,0,0,0,0,0,1,0.5928747105319205,27.45009909762792
0,41,88.5,3645.05,0,0,0,1,1,0,1,1,0,0,0,0,1,0,0,0,0,0,1,0,0,0,0,1,0,0,0,0.5924645422870389,52.43311199240294
1,9,54.55,494.05,1,1,0,0,1,0,1,0,0,0,1,0,0,0,0,0,0,0,0,0,0,0,0,0,0,1,0,0.5923711705316568,32.313847352501874
1,27,75.2,1929.35,1,0,1,0,1,0,0,1,0,0,1,0,0,0,0,0,0,0,0,0,0,0,0,1,0,0,0,0.5923217831545161,44.54259809321962
0,22,39.2,849.9,0,0,1,1,0,1,0,0,0,0,0,0,1,0,0,0,0,0,1,0,0,0,0,0,0,1,0,0.592099428610741,23.21029760154105
0,1,44.7,44.7,1,1,1,0,1,0,0,0,0,0,0,0,0,0,0,0,0,0,0,0,0,0,0,0,1,0,0,0.5918752653248027,26.456824360018683
0,9,69.4,571.45,0,0,0,1,1,0,0,0,0,0,0,0,0,0,0,0,1,0,1,0,1,0,0,1,1,0,0,0.5918472940285663,41.0742022055825
0,22,79.2,1742.75,1,0,1,0,1,0,1,0,0,0,1,0,0,0,0,0,1,0,1,0,1,0,0,1,0,1,0,0.5917753379082284,46.868606762331694
0,19,24.85,434.8,0,0,1,1,0,1,0,0,0,0,0,0,0,0,0,0,0,0,0,0,0,0,0,1,0,0,1,0.5914842456173907,14.698383503592158
0,65,109.15,6941.2,1,1,0,0,1,0,1,1,0,0,0,0,1,0,1,0,1,0,1,0,1,0,0,1,0,1,0,0.59126913958,64.53702658515701
0,2,46.05,80.35,1,1,0,0,1,0,0,0,0,0,0,0,0,0,0,0,0,0,0,0,0,0,0,0,0,0,0,0.5912583358975347,27.227446368081473
0,1,45.6,45.6,0,1,0,0,1,0,0,0,0,0,0,0,0,0,0,0,0,0,0,0,0,0,0,0,0,0,1,0.5910318578366287,26.95105271735027
1,41,111.95,4534.9,1,1,1,1,1,0,1,1,0,0,0,0,1,0,1,0,1,0,1,0,1,1,0,1,0,1,0,0.5905057303879038,66.10711651692583
0,5,64.35,352.65,0,0,0,0,1,0,0,0,0,0,1,0,0,0,0,0,1,0,1,0,0,0,0,1,0,1,0,0.5904247182273836,37.99383061793213
0,2,44.9,111.05,0,1,0,0,1,0,0,0,0,0,0,0,0,0,0,0,0,0,0,0,0,0,0,0,0,0,0,0.5903846614625973,26.508271299670618
0,46,43.95,2007.85,0,0,1,0,0,1,0,0,0,0,0,0,0,0,0,0,0,0,1,0,1,0,0,1,0,1,0,0.5901981469933868,25.93920856035935
0,1,43.95,43.95,0,0,0,0,1,0,0,0,0,0,0,0,0,0,0,0,0,0,0,0,0,0,0,0,1,0,0,0.5901911107028882,25.93889931539194
0,11,59.65,683.25,0,1,1,1,1,0,0,0,0,0,0,0,0,0,1,0,0,0,1,0,0,0,0,1,0,0,0,0.59001695527043,35.19451138188115
0,17,106.65,1672.1,0,1,0,0,1,0,1,1,0,0,1,0,1,0,1,0,1,0,1,0,0,0,0,1,0,0,0,0.5900002983170536,62.92353181551377
0,2,54.15,101.65,0,0,0,0,1,0,1,0,0,0,0,0,1,0,0,0,0,0,0,0,0,0,0,0,0,0,1,0.5899915868787523,31.948044429484437
0,20,44.35,927.15,0,0,0,0,1,0,0,0,0,0,0,0,0,0,0,0,0,0,0,0,0,0,0,1,0,1,0,0.5899374463130358,26.16372574398314
0,1,50.15,50.15,0,0,0,0,1,0,0,0,0,0,1,0,0,0,0,0,0,0,0,0,0,0,0,0,0,1,0,0.5897939921646206,29.57816870705572
0,1,45.05,45.05,1,1,0,0,1,0,0,0,0,0,0,0,0,0,0,0,0,0,0,0,0,0,0,0,0,0,1,0.5895821026974987,26.560673726522314
1,71,107.5,7713.55,0,1,1,0,1,0,1,1,0,0,1,0,1,0,1,0,0,0,1,0,1,0,0,1,0,1,0,0.5895145739844272,63.372816703325924
0,17,91.85,1574.45,1,0,1,1,1,0,0,1,0,0,1,0,0,0,0,0,1,0,1,0,0,0,0,0,0,1,0,0.5893672735732152,54.13338407769981
0,15,48.8,720.1,0,0,0,0,1,0,1,0,0,0,0,0,0,0,0,0,0,0,0,0,0,0,0,1,0,0,1,0.5888200695388224,28.73441939349453
1,1,49.25,49.25,1,1,1,1,1,0,0,0,0,0,0,0,0,0,0,0,1,0,0,0,0,0,0,1,1,0,0,0.5884288927899847,28.980122969906745
0,1,44.6,44.6,0,1,0,0,1,0,0,0,0,0,0,0,0,0,0,0,0,0,0,0,0,0,0,0,0,0,1,0.5883947795789803,26.242407169222524
0,45,89.3,4016.85,1,0,0,0,1,0,1,1,0,0,0,0,1,0,0,0,0,0,1,0,0,0,0,1,1,0,0,0.5883381001531826,52.5385923436792
0,34,105.35,3688.6,0,0,0,1,1,0,0,1,0,0,1,0,1,0,1,0,0,0,1,0,1,0,0,1,0,0,0,0.5882151925778764,61.96847053807927
0,10,59.65,638.95,0,1,0,0,1,0,0,0,0,0,0,0,1,0,0,0,0,0,1,0,0,0,0,1,0,0,1,0.5880787518913977,35.07889755032187
0,1,44.45,44.45,0,1,0,0,1,0,0,0,0,0,0,0,0,0,0,0,0,0,0,0,0,0,0,0,0,0,1,0.5879987756860433,26.136545579244626
0,6,29.45,161.45,0,0,0,0,0,1,0,0,0,0,1,0,0,0,0,0,0,0,0,0,0,0,0,0,0,0,0,0.5879981187186873,17.31654459626534
1,2,50.15,115.1,1,0,1,0,1,0,0,0,0,0,0,0,1,0,0,0,0,0,0,0,0,0,0,0,1,0,0,0.587978979304033,29.487145812097253
0,10,60.95,629.55,0,0,0,0,1,0,0,0,0,0,0,0,0,0,0,0,1,0,0,0,1,0,0,1,0,0,1,0.5878911273690601,35.83196421314422
0,1,44.4,44.4,1,1,0,0,1,0,0,0,0,0,0,0,0,0,0,0,0,0,0,0,0,0,0,0,0,0,1,0.5878667490400586,26.101283657378602
0,30,106.4,3211.9,0,0,0,0,1,0,1,1,0,0,1,0,0,0,0,0,1,0,1,0,1,0,0,0,0,0,0,0.5878060423298206,62.542562903892915
0,19,44.85,893.55,1,0,0,0,0,1,0,0,0,0,0,0,0,0,0,0,0,0,1,0,1,1,0,1,1,0,0,0.5876260216483473,26.35502707092838
0,16,73.25,1195.75,0,0,1,1,1,0,0,1,0,0,0,0,1,0,0,0,0,0,0,0,0,0,0,0,0,0,0,0.5873793911130187,43.02554039902862
0,4,35.0,135.75,0,0,0,0,0,1,0,0,0,0,1,0,0,0,1,0,0,0,0,0,0,0,0,0,0,0,1,0.5871710679151886,20.5509873770316
0,1,46.2,46.2,1,1,0,0,1,0,0,0,0,0,0,0,0,0,0,0,0,0,0,0,0,0,0,0,1,0,0,0.5870189306352054,27.12027459534649
0,13,64.75,877.35,0,1,1,1,1,0,0,0,0,0,0,0,0,0,0,0,0,0,1,0,1,1,0,1,0,1,0,0.5868715022433615,37.99992977025766
0,5,65.6,339.9,0,1,0,0,1,0,0,0,0,0,0,0,1,0,0,0,1,0,0,0,1,0,0,1,0,0,0,0.5868544901050862,38.49765455089365
0,49,84.5,4254.85,1,1,1,1,1,0,1,1,0,0,0,0,0,0,0,0,0,0,1,0,0,0,0,0,0,1,0,0.5866956250026909,49.57578031272738
0,1,61.15,61.15,0,1,0,0,1,0,1,0,0,0,1,0,1,0,0,0,0,0,0,0,0,0,0,0,0,1,0,0.5864596169762308,35.862005578096515
0,43,100.0,4211.55,1,1,0,0,1,0,1,1,0,0,0,0,0,0,0,0,1,0,1,0,1,1,0,1,0,1,0,0.5864316295900659,58.64316295900659
0,50,98.25,4858.7,0,1,1,0,1,0,1,1,0,0,0,0,1,0,0,0,0,0,1,0,1,1,0,1,0,1,0,0.586343097922369,57.60820937087276
0,55,77.75,4458.15,1,0,1,0,1,0,1,1,0,0,0,0,0,0,1,0,0,0,0,0,0,0,0,1,0,1,0,0.5862000672989184,45.577055232490906
0,66,105.0,7133.25,1,1,1,0,1,0,1,1,0,0,0,0,1,0,1,0,0,0,1,0,1,0,0,1,1,0,0,0.5859676331845293,61.526601484375576
0,35,99.25,3532.0,0,0,0,0,1,0,0,1,0,0,0,0,0,0,1,0,1,0,1,0,1,1,0,1,0,1,0,0.585872052191189,58.14780117997551
0,54,109.55,6118.95,0,1,1,0,1,0,1,1,0,0,1,0,1,0,1,0,0,0,1,0,1,0,0,0,0,1,0,0.5858511808681943,64.17999686411069
1,48,117.45,5438.9,1,0,1,0,1,0,1,1,0,0,1,0,1,0,1,0,1,0,1,0,1,0,0,0,0,1,0,0.5856516609064243,68.78478757345954
1,42,79.35,3344.1,0,1,0,0,1,0,1,1,0,0,0,0,1,0,0,0,0,0,0,0,0,0,0,1,0,0,0,0.5855941176748791,46.46689323750166
0,23,75.0,1778.5,0,0,0,0,1,0,0,1,0,0,1,0,0,0,0,0,0,0,0,0,0,0,0,1,0,0,0,0.5855539052565106,43.9165428942383
0,9,44.4,348.15,0,1,0,0,1,0,0,0,0,0,0,0,0,0,0,0,0,0,0,0,0,0,0,1,0,0,1,0.5854693164506772,25.99483765041007
0,47,98.75,4533.7,1,0,1,0,1,0,1,1,0,0,1,0,1,0,1,0,0,0,1,0,0,0,0,1,0,1,0,0.5850468827958786,57.77337967609301
0,12,56.3,628.65,0,1,1,1,1,0,0,0,0,0,0,0,0,0,0,0,0,0,1,0,0,0,0,1,0,0,1,0.5849397325685693,32.93210694361045
0,33,68.25,2171.15,1,1,0,0,1,0,0,1,0,0,0,0,0,0,0,0,0,0,0,0,0,0,0,0,0,1,0,0.5848399763438866,39.91532838547026
0,40,84.85,3303.05,1,0,1,1,1,0,1,1,0,0,0,0,0,0,1,0,1,0,0,0,0,0,0,1,0,1,0,0.5844986828644068,49.59471324104491
0,6,49.15,295.65,0,1,1,1,1,0,0,0,0,0,1,0,0,0,0,0,0,0,0,0,0,0,0,1,0,1,0,0.5843034205743476,28.718513121229183
0,9,55.3,501.2,0,0,1,1,1,0,1,0,0,0,0,0,1,0,0,0,0,0,0,0,0,0,0,1,0,0,1,0.5842179665822556,32.307253551998734
1,60,104.35,6339.45,0,1,1,0,1,0,1,1,0,0,0,0,1,0,1,0,0,0,1,0,1,1,0,1,0,1,0,0.5842176210149429,60.963108752909285
0,7,48.7,340.25,1,1,1,1,1,0,0,0,0,0,0,0,0,0,1,0,0,0,0,0,0,0,0,0,0,1,0,0.5837811370540174,28.430141374530645
0,30,97.0,3021.3,0,1,0,0,1,0,0,1,0,0,0,0,1,0,0,0,0,0,1,0,1,1,0,1,0,0,0,0.5832306645856541,56.573374464808445
1,60,89.45,5294.6,0,0,1,0,1,0,1,1,0,0,0,0,1,0,0,0,0,0,0,0,1,0,0,0,0,1,0,0.5832180761406047,52.168856910777095
0,32,84.15,2585.95,1,0,1,0,1,0,0,1,0,0,0,0,1,0,0,0,0,0,0,0,1,0,0,0,0,0,0,0.5829625204078892,49.05629609232388
0,42,79.9,3313.4,0,1,0,0,1,0,1,1,0,0,0,0,0,0,1,0,0,0,0,0,0,0,0,0,0,1,0,0.5825714358374576,46.54745772341287
0,9,72.9,651.4,1,0,0,1,1,0,0,0,0,0,0,0,0,0,1,0,1,0,1,0,1,0,0,1,0,0,1,0.5825312995520272,42.466531737342784
1,66,100.05,6871.9,1,1,1,0,1,0,1,1,0,0,0,0,0,0,0,0,1,0,1,0,1,0,0,1,1,0,0,0.5822774327489444,58.256857146531885
1,50,106.8,5347.95,0,0,0,0,1,0,1,1,0,0,0,0,1,0,0,0,1,0,1,0,1,1,0,1,0,1,0,0.582176000686092,62.17639687327462
0,72,94.65,6747.35,0,1,1,0,1,0,0,1,0,0,0,0,0,0,1,0,0,0,1,0,1,0,0,1,0,1,0,0.5816599019300298,55.05410971767733
0,26,85.9,2196.45,0,0,1,0,1,0,0,1,0,0,0,0,0,0,0,0,1,0,0,0,1,0,0,0,1,0,0,0.5816565361791364,49.96429645778782
0,3,29.7,91.7,1,0,1,1,0,1,0,0,0,0,1,0,0,0,0,0,0,0,0,0,0,0,0,0,1,0,0,0.5814389912259104,17.268738039409538
0,2,45.85,81.0,1,1,0,0,1,0,0,0,0,0,0,0,0,0,0,0,0,0,0,0,0,0,0,0,0,0,1,0.5813744016384538,26.656016315123107
0,15,64.65,994.55,1,0,0,0,1,0,1,0,0,0,1,0,0,0,0,0,0,0,0,0,1,0,0,1,0,0,0,0.5813715860342449,37.585673037113935
0,42,103.8,4327.5,0,0,0,0,1,0,0,1,0,0,0,0,1,0,1,0,1,0,1,0,1,0,0,1,0,0,0,0.5809396756225124,60.30153832961678
1,49,101.55,5070.4,0,0,0,0,1,0,1,1,0,0,1,0,0,0,0,0,0,0,1,0,1,0,0,0,1,0,0,0.580852299540299,58.985551018317366
0,13,72.8,930.05,0,1,1,1,1,0,1,0,0,0,0,0,1,0,1,0,1,0,1,0,0,0,0,1,0,1,0,0.580716363818964,42.27615128602058
0,40,74.55,3015.75,0,1,1,1,1,0,1,0,0,0,0,0,0,0,1,0,0,0,1,0,1,0,0,1,0,1,0,0.5807050622201786,43.291562388514315
1,35,91.0,3180.5,0,1,0,0,1,0,1,1,0,0,1,0,0,0,0,0,0,0,0,0,1,0,0,0,1,0,0,0.5806130608411314,52.83578853654296
0,48,100.05,4834.0,0,0,1,0,1,0,0,1,0,0,0,0,0,0,1,0,1,0,1,0,1,0,0,1,1,0,0,0.5804185171483202,58.07087264068943
0,56,85.6,4902.8,0,0,1,0,1,0,1,1,0,0,0,0,0,0,0,0,0,0,1,0,0,0,0,1,0,0,0,0.5802247776789649,49.66724096931939
0,44,100.55,4398.15,1,1,0,0,1,0,0,1,0,0,0,0,1,0,0,0,1,0,1,0,1,0,0,0,0,1,0,0.5800824787029341,58.327293233580015
0,1,25.85,25.85,0,0,0,0,0,1,0,0,0,0,0,0,0,0,0,0,0,0,0,0,0,1,0,0,0,0,1,0.5800116606855448,14.993301428721333
0,32,69.75,2347.9,1,1,1,1,1,0,0,1,0,0,0,0,0,0,0,0,0,0,0,0,0,0,0,1,0,0,0,0.5799685831488124,40.452808674629665
0,1,49.75,49.75,0,1,0,0,1,0,0,0,0,0,1,0,0,0,0,0,0,0,0,0,0,0,0,0,0,1,0,0.5795997871588429,28.83508941115243
0,3,44.75,148.05,0,0,0,0,1,0,0,0,0,0,0,0,0,0,0,0,0,0,0,0,0,0,0,0,0,0,1,0.5795082547559126,25.93299440032709
0,34,70.0,2416.1,1,0,0,0,1,0,0,1,0,0,0,0,0,0,0,0,0,0,0,0,0,0,0,1,1,0,0,0.5794914327224134,40.56440029056894
0,12,45.0,524.35,0,0,0,0,1,0,0,0,0,0,0,0,0,0,0,0,0,0,0,0,0,0,0,1,0,0,0,0.5793895781413447,26.072531016360514
0,32,108.15,3432.9,1,1,0,0,1,0,1,1,0,0,1,0,1,0,0,0,1,0,1,0,1,0,0,1,1,0,0,0.5792113567569801,62.6417082332674
0,7,59.5,415.95,1,0,0,0,1,0,0,0,0,0,0,0,0,0,0,0,1,0,1,0,0,0,0,1,0,0,1,0.579205520208801,34.46272845242366
0,14,86.0,1164.05,0,0,0,1,1,0,1,1,0,0,1,0,0,0,0,0,1,0,0,0,0,0,0,1,0,0,1,0.5788204501752092,49.778558715067994
0,56,105.45,5916.95,0,0,0,0,1,0,1,1,0,0,0,0,1,0,0,0,1,0,1,0,1,0,0,1,0,0,0,0.5785077325264056,61.003640394909475
0,31,79.85,2404.15,1,0,0,0,1,0,1,1,0,0,0,0,0,0,0,0,1,0,0,0,0,0,0,1,1,0,0,0.5783036339778117,46.17754517312826
1,27,110.5,2857.6,0,0,0,0,1,0,1,1,0,0,1,0,1,0,1,0,0,0,1,0,1,1,0,1,0,0,0,0.5782986422541312,63.901999969081494
0,11,44.65,472.25,0,0,0,0,1,0,0,0,0,0,0,0,0,0,0,0,0,0,0,0,0,0,0,1,0,0,1,0.5782354054884775,25.81821085506052
0,37,64.75,2345.2,1,0,0,0,1,0,0,0,0,0,0,0,0,0,0,0,0,0,1,0,1,0,0,1,0,1,0,0.5782114240794892,37.43918970914693
1,65,106.25,6979.8,1,0,1,0,1,0,1,1,0,0,0,0,1,0,1,0,0,0,1,0,1,1,0,1,0,1,0,0.5781866462706451,61.43233116625604
0,31,78.45,2435.15,1,1,0,0,1,0,0,1,0,0,0,0,1,0,0,0,1,0,0,0,0,0,0,1,0,1,0,0.5781748543914517,45.357817327009386
0,19,25.35,566.1,0,1,0,1,0,1,0,0,0,0,0,0,0,0,0,0,0,0,0,0,0,0,0,1,1,0,0,0.5781126034160277,14.655154496596301
0,2,44.65,74.9,1,1,0,0,1,0,0,0,0,0,0,0,0,0,0,0,0,0,0,0,0,0,0,0,0,0,1,0.5778531633642152,25.801143744212208
0,5,75.15,392.65,0,1,0,0,1,0,0,0,0,0,0,0,0,0,1,0,1,0,1,0,1,0,0,0,0,0,0,0.5776127741238364,43.407599975406306
0,1,48.45,48.45,0,0,0,0,1,0,0,0,0,0,1,0,0,0,0,0,0,0,0,0,0,0,0,1,0,0,0,0.5773972530493529,27.974896910241146
0,10,45.8,436.2,0,1,0,0,1,0,0,0,0,0,0,0,0,0,0,0,0,0,0,0,0,0,0,1,1,0,0,0.5767126489723254,26.413439322932504
0,22,76.0,1783.6,0,0,0,0,1,0,1,1,0,0,0,0,0,0,0,0,0,0,0,0,0,1,0,1,1,0,0,0.5763846004658156,43.805229635401986
0,19,89.35,1686.85,0,0,1,1,1,0,1,1,0,0,0,0,0,0,0,0,1,0,0,0,1,1,0,1,0,0,0,0.57603781188279,51.468978491727285
0,6,60.9,414.1,0,1,0,0,1,0,0,0,0,0,0,0,0,0,1,0,0,0,1,0,0,0,0,0,0,0,1,0.5759775600372146,35.07703340626637
0,39,100.0,3835.55,0,1,1,1,1,0,1,1,0,0,0,0,0,0,1,0,0,0,1,0,1,1,0,0,0,1,0,0.5758514797775496,57.58514797775496
0,19,89.95,1682.4,0,1,0,0,1,0,0,1,0,0,0,0,0,0,1,0,1,0,1,0,0,0,0,0,0,0,1,0.5758103810365701,51.79414377423949
0,1,50.9,50.9,1,1,0,0,1,0,0,0,0,0,0,0,0,0,1,0,0,0,0,0,0,0,0,0,0,0,1,0.5756372949664347,29.299938313791525
0,8,49.55,393.45,0,1,1,0,1,0,0,0,0,0,0,0,1,0,0,0,0,0,0,0,0,0,0,1,0,0,0,0.5755697240419698,28.519479826279603
0,1,47.95,47.95,0,1,0,0,1,0,0,0,0,0,1,0,0,0,0,0,0,0,0,0,0,0,0,0,0,1,0,0.5748121163629354,27.562240979602752
0,14,66.6,979.5,0,1,1,0,1,0,1,0,0,0,0,0,0,0,0,0,1,0,1,0,0,0,0,1,1,0,0,0.5747694751749773,38.27964704665349
0,23,73.65,1642.75,0,0,1,0,1,0,1,0,0,0,0,0,0,0,0,0,1,0,1,0,1,0,0,1,1,0,0,0.574735651295257,42.329280717895685
0,56,106.8,5914.4,0,0,0,0,1,0,1,1,0,0,0,0,1,0,1,0,0,0,1,0,1,1,0,1,0,1,0,0.5747173836950202,61.37981657862816
0,32,84.05,2781.85,1,0,0,0,1,0,1,1,0,0,0,0,0,0,0,0,0,0,1,0,0,1,0,0,0,1,0,0.5741948569337589,48.26107772528243
0,10,44.85,435.4,1,1,0,0,1,0,0,0,0,0,0,0,0,0,0,0,0,0,0,0,0,0,0,1,1,0,0,0.5741932994822957,25.752569481780963
0,7,54.85,370.4,0,1,0,0,1,0,0,0,0,0,0,0,0,0,0,0,0,0,1,0,0,0,0,0,0,0,1,0.5740813812844728,31.488363763453336
0,1,19.85,19.85,1,1,0,0,1,0,0,0,1,1,0,1,0,1,0,1,0,1,0,1,0,0,0,1,0,1,0,0.5739590839310139,11.393087816030627
0,55,73.1,4144.9,0,0,0,0,1,0,1,1,0,0,0,0,0,0,0,0,0,0,0,0,0,0,0,1,0,1,0,0.5734303366663629,41.91775761031113
1,6,44.7,276.5,0,1,0,0,1,0,0,0,0,0,0,0,0,0,0,0,0,0,0,0,0,0,0,0,1,0,0,0.5732222766457408,25.623035766064614
1,63,89.6,5538.8,0,0,0,0,1,0,1,1,0,0,0,0,0,0,1,0,0,0,0,0,1,0,0,1,0,0,0,0.5730874588126679,51.34863630961504
0,62,105.5,6487.2,0,1,1,1,1,0,1,1,0,0,1,0,1,0,0,0,0,0,1,0,1,0,0,1,0,1,0,0.5723255986801784,60.38035066075882
0,7,24.35,150.85,0,1,0,0,0,1,0,0,0,0,0,0,0,0,0,0,0,0,0,0,0,1,0,1,1,0,0,0.5722338148735387,13.933893392170669
0,29,30.6,856.35,1,0,0,0,0,1,0,0,0,0,0,0,1,0,0,0,0,0,0,0,0,0,0,1,0,1,0,0.5721225403239568,17.50694973391308
0,4,45.65,191.05,1,0,0,0,1,0,0,0,0,0,0,0,0,0,0,0,0,0,0,0,0,0,0,0,0,0,1,0.5719891242730095,26.111303523062883
0,16,69.1,1083.7,0,1,0,1,1,0,1,0,0,0,1,0,1,0,0,0,0,0,0,0,1,0,0,1,0,1,0,0.5719493577573717,39.52170062103438
0,12,58.35,740.55,0,0,1,1,1,0,0,0,0,0,0,0,0,0,1,0,0,0,1,0,0,0,0,1,1,0,0,0.5718960546758048,33.37013479033321
1,30,105.7,3181.8,0,1,1,0,1,0,1,1,0,0,1,0,1,0,1,0,1,0,1,0,0,0,0,1,0,0,0,0.5717089759603287,60.42963875900674
0,3,45.45,141.7,0,1,0,0,1,0,0,0,0,0,0,0,0,0,0,0,0,0,0,0,0,0,0,0,0,0,1,0.5716990490610163,25.983721779823192
0,1,53.95,53.95,1,1,0,0,1,0,0,0,0,0,1,0,0,0,0,0,1,0,0,0,0,0,0,1,0,1,0,0.571540168443718,30.83459208753859
0,40,106.0,4178.65,0,1,1,0,1,0,1,1,0,0,0,0,1,0,1,0,0,0,1,0,1,1,0,1,0,0,0,0.5712211089760548,60.549437551461814
0,20,96.8,1826.7,0,1,1,1,1,0,1,1,0,0,0,0,1,0,0,0,1,0,1,0,0,0,0,0,0,0,1,0.5710381108232947,55.27648912769492
0,24,69.45,1614.05,0,0,1,0,1,0,0,0,0,0,0,0,1,0,0,0,0,0,1,0,1,0,0,1,0,0,0,0.5709527654187704,39.652669558333606
0,9,59.5,530.05,0,0,0,0,1,0,0,0,0,0,0,0,0,0,0,0,1,0,1,0,0,0,0,1,0,0,0,0.5708967509441507,33.96835668117697
0,12,45.4,518.9,1,1,0,0,1,0,0,0,0,0,0,0,0,0,0,0,0,0,0,0,0,0,0,1,0,0,0,0.5708612569005214,25.91710106328367
0,14,64.7,941.0,1,0,1,0,1,0,1,0,0,0,1,0,0,0,0,0,0,0,1,0,0,0,0,1,0,0,0,0.5707881700401617,36.929994601598466
0,39,73.15,2730.85,0,1,0,0,1,0,1,1,0,0,0,0,0,0,0,0,0,0,0,0,0,0,0,1,1,0,0,0.5701227893755603,41.704482042822235
0,25,70.95,1767.35,1,1,0,0,1,0,0,1,0,0,0,0,0,0,0,0,0,0,0,0,0,0,0,0,0,0,1,0.5700155942039579,40.442606408770814
0,4,48.25,202.25,0,0,0,0,0,1,0,0,0,0,1,0,0,0,1,0,1,0,0,0,1,0,0,0,0,0,1,0.5699876706421381,27.50190510848316
0,5,55.7,259.4,0,1,1,1,1,0,1,0,0,0,0,0,0,0,0,0,1,0,0,0,0,0,0,1,0,0,1,0.5698672097551266,31.741603583360554
1,27,83.85,2310.2,0,0,1,0,1,0,1,0,0,0,0,0,1,0,1,0,1,0,1,0,1,0,0,0,0,1,0,0.5698596307048821,47.78273003460436
0,2,50.2,109.25,0,1,0,0,1,0,0,0,0,0,0,0,0,0,0,0,1,0,0,0,0,0,0,1,1,0,0,0.5697023148121235,28.5990562035686
1,51,84.2,4146.05,1,1,1,1,1,0,1,1,0,0,0,0,1,0,1,0,0,0,0,0,0,0,0,1,0,1,0,0.5696844804356448,47.967433252681296
0,10,51.2,498.25,0,0,0,0,1,0,0,0,0,0,0,0,1,0,0,0,0,0,0,0,0,0,0,0,0,1,0,0.5696471609822559,29.165934642291504
0,9,58.5,539.85,1,0,0,0,0,1,0,0,0,0,1,0,0,0,1,0,1,0,1,0,1,0,0,0,0,0,1,0.5692223267458861,33.29950611463434
0,24,29.1,688.0,0,1,1,0,0,1,0,0,0,0,0,0,0,0,1,0,0,0,0,0,0,0,0,0,0,1,0,0.5691951637065178,16.56357926385967
1,69,89.95,6143.15,1,1,1,0,1,0,1,1,0,0,0,0,1,0,0,0,0,0,1,0,0,0,0,1,0,1,0,0.5686443252920168,51.14955706001691
1,59,88.75,5348.65,0,0,1,1,1,0,1,1,0,0,0,0,0,0,1,0,0,0,0,0,1,0,0,1,1,0,0,0.5681799641286569,50.4259718164183
1,40,39.3,1637.4,1,0,1,0,0,1,0,0,0,0,0,0,1,0,0,0,0,0,1,0,0,0,0,1,0,1,0,0.5680618102269557,22.324829141919356
0,8,71.15,563.65,1,0,0,0,1,0,1,0,0,0,1,0,0,0,0,0,1,0,0,0,1,0,0,0,0,1,0,0.5678392525497633,40.401762818915664
0,3,56.15,168.15,1,1,1,1,1,0,0,0,0,0,0,0,1,0,1,0,0,0,0,0,0,0,0,1,0,0,1,0.5675411131137064,31.867433501334613
0,43,80.45,3398.9,0,0,1,0,1,0,1,1,0,0,0,0,1,0,0,0,0,0,0,0,0,0,0,0,0,1,0,0.567154264994704,45.62756061882394
0,26,73.05,1959.5,0,0,1,0,1,0,0,0,0,0,0,0,1,0,0,0,1,0,1,0,1,0,0,1,0,1,0,0.567011361625077,41.42017996671188
0,1,45.95,45.95,1,0,0,1,1,0,0,0,0,0,0,0,0,0,0,0,0,0,0,0,0,0,0,0,0,0,1,0.5665765368998853,26.03419187054973
0,11,34.7,383.55,0,1,0,0,0,1,0,0,0,0,0,0,1,0,1,0,0,0,0,0,0,0,0,0,0,0,1,0.5661822645183259,19.64652457878591
0,5,70.0,347.4,1,1,0,0,1,0,0,0,0,0,0,0,0,0,1,0,0,0,1,0,1,1,0,1,0,0,1,0.5661803911578045,39.63262738104631
0,3,50.5,147.75,0,1,0,0,1,0,0,0,0,0,0,0,0,0,0,0,1,0,0,0,0,0,0,1,0,0,1,0.5659480596858779,28.580377014136836
0,5,67.95,350.3,1,0,1,0,1,0,1,0,0,0,0,0,0,0,1,0,1,0,1,0,0,0,0,0,0,0,0,0.5659231760596302,38.45447981325187
0,50,103.7,5071.05,1,1,1,1,1,0,1,1,0,0,0,0,1,0,0,0,1,0,1,0,1,0,0,0,0,1,0,0.5658568646949875,58.67935686887021
0,3,70.7,225.65,0,1,0,1,1,0,0,0,0,0,0,0,0,0,0,0,1,0,1,0,1,0,0,0,0,0,1,0.5656802117310783,39.993590969387235
0,3,50.25,152.3,0,1,0,0,1,0,0,0,0,0,0,0,0,0,0,0,1,0,0,0,0,0,0,1,0,0,1,0.5656089128998623,28.421847873218077
0,50,84.4,4116.15,1,0,1,1,1,0,1,1,0,0,0,0,0,0,0,0,0,0,1,0,0,0,0,1,0,0,0,0.5654145981563619,47.72099208439695
1,35,100.5,3653.35,1,0,1,0,1,0,1,1,0,0,1,0,1,0,0,0,1,0,1,0,0,0,0,1,0,0,0,0.565247590374633,56.80738283265062
0,5,63.95,318.1,0,1,0,0,1,0,0,0,0,0,0,0,0,0,1,0,1,0,1,0,0,0,0,1,1,0,0,0.5651970526485979,36.14435151687783
0,22,100.05,2090.25,0,1,1,1,1,0,0,1,0,0,0,0,1,0,1,0,0,0,1,0,1,1,0,1,0,0,1,0.5649988638499412,56.52813632818662
1,21,60.05,1236.15,1,1,0,0,1,0,0,0,0,0,0,0,0,0,1,0,0,0,1,0,0,0,0,1,0,0,0,0.5649692935642862,33.92640607853538
0,1,50.75,50.75,0,1,0,0,1,0,0,0,0,0,1,0,0,0,0,0,0,0,0,0,0,0,0,1,0,0,1,0.5648164173938133,28.664433182736023
0,1,50.7,50.7,0,1,0,0,1,0,0,0,0,0,1,0,0,0,0,0,0,0,0,0,0,0,0,1,0,0,1,0.5646824617579584,28.629400811128495
0,13,75.3,989.45,1,1,1,0,1,0,1,0,0,0,0,0,0,0,1,0,0,0,1,0,1,1,0,1,0,0,1,0.5644730687206801,42.50482207466721
0,6,45.65,323.45,0,0,1,0,1,0,0,0,0,0,0,0,0,0,0,0,0,0,0,0,0,0,0,0,0,0,1,0.564317008964834,25.761071459244675
1,62,89.8,5629.55,0,1,1,0,1,0,1,1,0,0,0,0,1,0,0,0,0,0,0,0,1,0,0,1,0,0,0,0.5643032387724728,50.67443084176806
0,1,33.6,33.6,0,1,0,1,0,1,0,0,0,0,0,0,1,0,0,0,1,0,0,0,0,0,0,0,0,0,1,0.563872040802991,18.946100570980498
1,71,99.65,6951.15,0,0,0,0,1,0,1,1,0,0,0,0,1,0,0,0,0,0,1,0,1,0,0,1,1,0,0,0.5638021657424489,56.182885816235036
0,58,102.1,5885.4,1,0,1,0,1,0,1,1,0,0,0,0,0,0,1,0,1,0,1,0,1,0,0,1,1,0,0,0.5637740355318658,57.561329027803495
0,41,102.6,4213.35,1,1,1,1,1,0,1,1,0,0,0,0,0,0,1,0,1,0,1,0,1,1,0,1,0,1,0,0.5635662522788779,57.82189748381287
0,56,98.25,5508.35,1,0,1,0,1,0,1,1,0,0,0,0,1,0,0,0,0,0,1,0,1,1,0,1,0,1,0,0.5631939590598455,55.33380647762982
0,52,102.7,5138.1,0,0,1,0,1,0,1,1,0,0,0,0,1,0,0,0,1,0,1,0,1,0,0,1,1,0,0,0.5629988635932341,57.819983291025146
1,46,100.25,4753.85,0,0,1,0,1,0,1,1,0,0,0,0,0,0,0,0,1,0,1,0,1,1,0,0,0,1,0,0.5629756306031916,56.43830696796995
1,49,90.05,4547.25,1,1,1,0,1,0,1,1,0,0,0,0,1,0,0,0,0,0,0,0,1,0,0,0,1,0,0,0.5629472884504223,50.69340332496053
0,12,81.7,858.6,1,1,0,0,1,0,0,1,0,0,1,0,0,0,1,0,0,0,0,0,0,0,0,0,0,0,0,0.5627930304402337,45.98019058696709
0,1,48.6,48.6,1,0,0,0,1,0,0,0,0,0,1,0,0,0,0,0,0,0,0,0,0,0,0,1,1,0,0,0.5626209642449465,27.343378862304398
0,38,104.85,3887.25,0,1,0,0,1,0,1,1,0,0,1,0,1,0,0,0,0,0,1,0,1,1,0,1,0,1,0,0.5625032972969173,58.97847072158177
1,56,111.95,6418.9,1,0,0,0,1,0,1,1,0,0,0,0,1,0,1,0,1,0,1,0,1,1,0,1,0,1,0,0.562404861614663,62.96122425776152
0,4,44.55,220.75,0,1,0,0,1,0,0,0,0,0,0,0,0,0,0,0,0,0,0,0,0,0,0,0,0,0,1,0.5619266333528651,25.033831515870137
0,18,33.5,600.0,1,1,0,0,0,1,0,0,0,0,0,0,1,0,1,0,0,0,0,0,0,0,0,1,1,0,0,0.561802043384284,18.82036845337351
0,63,107.5,6873.75,1,0,1,0,1,0,1,1,0,0,0,0,1,0,1,0,0,0,1,0,1,1,0,1,0,1,0,0.5614308139460089,60.35381249919596
0,2,19.65,31.2,0,1,0,0,1,0,0,0,1,1,0,1,0,1,0,1,0,1,0,1,0,0,0,1,0,1,0,0.5613625641678514,11.030774385898278
0,41,113.6,4594.95,1,0,1,0,1,0,1,1,0,0,1,0,1,0,1,0,1,0,1,0,1,0,0,1,0,0,0,0.5612575414385832,63.75885670742305
1,16,59.4,1023.9,1,0,0,0,1,0,0,0,0,0,0,0,0,0,0,0,1,0,1,0,0,0,0,0,0,1,0,0.5610104812392405,33.324022585610884
0,13,66.4,831.75,0,1,0,1,1,0,0,0,0,0,0,0,0,0,0,0,0,0,1,0,1,0,0,0,1,0,0,0.5607637694691094,37.23471429274887
0,1,21.0,21.0,1,0,1,1,1,0,0,0,1,1,0,1,0,1,0,1,0,1,0,1,0,0,0,1,0,1,0,0.560409213695831,11.768593487612451
0,56,94.45,5124.6,1,1,0,0,1,0,1,1,0,0,0,0,1,0,0,0,1,0,0,0,1,0,0,1,0,1,0,0.5600844346239461,52.89997485023171
1,62,103.75,6383.35,1,1,1,0,1,0,1,1,0,0,0,0,1,0,1,0,0,0,1,0,1,1,0,1,0,1,0,0.5600259353354672,58.10269079105472
0,3,55.8,154.55,0,1,1,0,1,0,0,0,0,0,0,0,0,0,1,0,1,0,0,0,0,0,0,1,0,0,1,0.5594256407903199,31.215950756099847
1,27,85.9,2220.1,0,1,1,0,1,0,1,1,0,0,1,0,0,0,1,0,0,0,0,0,0,1,0,1,0,1,0,0.5593635812071462,48.04933162569387
1,47,85.2,3969.35,1,0,0,0,1,0,1,1,0,0,0,0,1,0,1,0,0,0,0,0,0,0,0,1,0,0,0,0.559124735413023,47.63742745718956
0,26,86.65,2208.75,0,1,0,0,1,0,1,1,0,0,1,0,1,0,0,0,0,0,0,0,0,0,0,1,1,0,0,0.5589971019677097,48.437098885502046
0,1,48.55,48.55,1,1,0,0,1,0,0,0,0,0,1,0,0,0,0,0,0,0,0,0,0,0,0,1,0,0,1,0.5589136863253474,27.135259471095615
1,46,110.0,4874.8,1,0,0,0,1,0,1,1,0,0,1,0,1,0,1,0,0,0,1,0,1,1,0,1,0,1,0,0.5589112064438304,61.48023270882135
0,11,51.1,531.15,0,0,0,0,1,0,0,0,0,0,0,0,1,0,0,0,0,0,0,0,0,0,0,0,0,1,0,0.5587721024129954,28.553254433304062
0,3,60.65,196.9,0,1,0,0,1,0,0,0,0,0,0,0,0,0,0,0,1,0,0,0,1,0,0,0,0,0,1,0.5586899915678268,33.8845479885887
0,4,63.75,226.2,0,1,0,0,1,0,0,0,0,0,0,0,1,0,0,0,1,0,1,0,0,0,0,1,0,0,0,0.5582836148240478,35.59058044503305
1,42,105.2,4599.15,0,0,1,0,1,0,1,1,0,0,1,0,0,0,1,0,0,0,1,0,1,1,0,1,0,0,0,0.5581268370326697,58.71494325583686
0,1,50.45,50.45,1,0,1,1,1,0,0,0,0,0,0,0,0,0,1,0,0,0,0,0,0,0,0,0,0,0,1,0.557803091709934,28.141165976766175
0,4,50.8,202.3,0,1,0,0,1,0,0,0,0,0,0,0,0,0,0,0,1,0,0,0,0,0,0,1,0,0,1,0.5575976065898398,28.32595841476386
0,1,19.9,19.9,1,0,1,1,1,0,0,0,1,1,0,1,0,1,0,1,0,1,0,1,0,0,0,1,0,1,0,0.5574535717419242,11.093326077664292
0,41,106.5,4282.4,0,0,0,0,1,0,1,1,0,0,1,0,1,0,1,0,1,0,1,0,0,0,0,1,0,1,0,0.5573582130220225,59.358649686845396
1,40,55.8,2109.35,1,0,0,0,0,1,0,0,0,0,1,0,1,0,0,0,0,0,1,0,1,0,0,1,0,1,0,0.5573104859410994,31.09792511551335
0,4,50.55,235.65,0,0,0,0,1,0,0,0,0,0,1,0,0,0,0,0,0,0,0,0,0,0,0,1,0,0,0,0.5571677484296093,28.164829683116746
0,48,95.4,4445.3,0,1,0,0,1,0,1,1,0,0,1,0,0,0,0,0,1,0,0,0,1,0,0,1,0,1,0,0.5568307235086369,53.12165102272397
1,70,90.85,6470.1,0,0,1,0,1,0,1,1,0,0,1,0,0,0,0,0,0,0,0,0,1,0,0,1,0,1,0,0.5568175085722182,50.58687065378602
0,1,49.8,49.8,0,1,0,0,1,0,0,0,0,0,1,0,0,0,0,0,0,0,0,0,0,0,0,1,1,0,0,0.5565721308681421,27.717292117233473
1,45,97.05,4385.05,0,0,0,0,1,0,1,1,0,0,1,0,1,0,0,0,1,0,1,0,0,0,0,1,0,1,0,0.5565377635229771,54.01198994990493
0,6,50.8,288.05,1,0,0,0,1,0,0,0,0,0,0,0,0,0,0,0,1,0,0,0,0,0,0,1,0,0,0,0.5565320371945058,28.271827489480895
1,33,50.0,1750.85,0,1,1,0,0,1,0,0,0,0,0,0,1,0,1,0,1,0,1,0,0,0,0,1,0,1,0,0.5558701535770639,27.793507678853196
0,29,66.1,1912.15,0,0,0,0,1,0,1,0,0,0,1,0,0,0,0,0,0,0,0,0,1,0,0,1,0,1,0,0.555772288326955,36.73654825841172
0,48,105.25,4997.5,0,0,1,1,1,0,1,1,0,0,1,0,1,0,0,0,0,0,1,0,1,0,0,1,1,0,0,0.5557530563640674,58.49300918231809
1,53,95.85,5016.25,0,0,1,0,1,0,1,1,0,0,0,0,0,0,0,0,0,0,1,0,1,1,0,1,1,0,0,0.5552225481037365,53.21808123574314
1,27,84.8,2309.55,0,1,1,0,1,0,1,0,0,0,0,0,1,0,1,0,1,0,1,0,1,0,0,1,0,0,0,0.5550444923024129,47.06777294724461
0,31,84.75,2613.4,0,0,0,0,1,0,1,1,0,0,1,0,0,0,1,0,0,0,0,0,0,0,0,1,1,0,0,0.554898073376674,47.02761171867312
1,60,106.0,6441.4,1,0,0,0,1,0,1,1,0,0,0,0,0,0,1,0,1,0,1,0,1,1,0,1,0,1,0,0.5548163329375483,58.810531291380116
0,16,55.3,875.35,0,1,0,0,1,0,1,0,0,0,0,0,1,0,0,0,0,0,0,0,0,0,0,0,0,1,0,0.5540985115936953,30.641647691131347
1,63,109.4,7031.45,0,1,0,0,1,0,1,1,0,0,1,0,1,0,1,0,0,0,1,0,1,0,0,1,0,0,0,0.5540763013097924,60.61594736329128
0,31,50.05,1523.4,0,1,0,0,0,1,0,0,0,0,0,0,0,0,1,0,0,0,1,0,1,1,0,1,0,1,0,0.554030451317394,27.72922408843557
0,43,75.35,3161.4,0,1,0,0,1,0,1,1,0,0,0,0,0,0,0,0,0,0,0,0,0,0,0,1,1,0,0,0.5539793715381033,41.74234564539608
0,3,20.5,76.95,0,1,0,0,1,0,0,0,1,1,0,1,0,1,0,1,0,1,0,1,0,0,0,1,0,1,0,0.5538279246076919,11.353472454457684
0,19,59.8,1130.85,0,0,1,0,1,0,0,0,0,0,0,0,1,0,0,0,0,0,0,0,1,0,0,1,0,0,1,0.553703289100802,33.11145668822796
0,8,54.75,445.85,0,1,1,0,1,0,0,0,0,0,0,0,1,0,1,0,0,0,0,0,0,0,0,1,0,0,1,0.5534422284189331,30.300962005936587
0,46,94.15,4408.45,0,0,0,0,1,0,1,1,0,0,0,0,1,0,1,0,0,0,0,0,1,1,0,1,0,1,0,0.5531637467521855,52.08036675671827
0,38,110.7,4428.6,0,1,1,0,1,0,1,1,0,0,1,0,0,0,1,0,1,0,1,0,1,1,0,1,0,1,0,0.5530815713458932,61.22612994799038
0,21,44.95,926.25,0,0,1,1,1,0,0,0,0,0,0,0,0,0,0,0,0,0,0,0,0,0,0,1,0,1,0,0.55282341800989,24.849412639544557
0,5,56.15,291.45,0,1,0,0,1,0,0,0,0,0,0,0,0,0,1,0,1,0,0,0,0,0,0,0,0,1,0,0.5525557170696658,31.02600351346173
1,61,82.15,4904.85,0,1,1,0,1,0,1,1,0,0,0,0,1,0,0,0,0,0,0,0,0,0,0,1,0,1,0,0.5523956950783184,45.37930635068386
0,18,57.45,990.85,1,1,1,1,1,0,0,0,0,0,0,0,0,0,1,0,0,0,0,0,1,0,0,0,0,1,0,0.5523808663160592,31.7342807698576
0,3,20.25,61.45,0,1,0,0,1,0,0,0,1,1,0,1,0,1,0,1,0,1,0,1,0,0,0,1,0,1,0,0.5520985879732456,11.179996406458224
0,6,49.65,267.35,1,0,0,0,1,0,0,0,0,0,0,0,0,0,0,0,1,0,0,0,0,0,0,1,0,0,0,0.5520828206002875,27.41091204280427
0,28,92.2,2568.15,0,1,1,1,1,0,1,1,0,0,0,0,0,0,0,0,0,0,1,0,1,1,0,0,0,0,0,0.5519887440774581,50.89336220394164
0,47,95.2,4563.0,0,1,1,0,1,0,1,1,0,0,0,0,0,0,0,0,0,0,1,0,1,1,0,1,1,0,0,0.5517955368117226,52.53093510447599
0,42,77.95,3384.0,1,0,1,1,1,0,0,1,0,0,0,0,0,0,0,0,0,0,1,0,0,0,0,1,1,0,0,0.551605149827499,42.997621429053545
0,3,44.3,134.5,1,0,1,1,1,0,0,0,0,0,0,0,0,0,0,0,0,0,0,0,0,0,0,0,0,0,1,0.5515225280203501,24.432447991301505
0,11,65.15,723.35,0,1,1,1,1,0,1,0,0,0,1,0,0,0,0,0,0,0,1,0,0,0,0,1,0,0,0,0.5514778610883492,35.928782649905955
0,2,53.45,119.5,0,1,0,0,1,0,0,0,0,0,1,0,0,0,1,0,0,0,0,0,0,0,0,0,0,1,0,0.551433213904054,29.474105283171685
1,65,107.45,7047.5,0,0,1,1,1,0,1,1,0,0,0,0,1,0,1,0,0,0,1,0,1,1,0,1,0,1,0,0.551136471733313,59.21961388774449
0,53,105.25,5576.3,0,1,1,1,1,0,1,1,0,0,0,0,1,0,1,0,0,0,1,0,1,1,0,1,0,1,0,0.5508596377608164,57.977976874325925
0,44,84.8,3862.55,1,0,0,0,1,0,1,1,0,0,0,0,1,0,1,0,0,0,0,0,0,0,0,1,0,0,0,0.5507991152373293,46.707764972125524
1,65,99.1,6496.15,0,1,0,0,1,0,0,1,0,0,0,0,1,0,1,0,0,0,1,0,1,0,0,1,0,0,0,0.5501374653594876,54.51862281712522
0,23,79.1,1783.75,0,0,0,0,1,0,0,1,0,0,0,0,1,0,0,0,1,0,0,0,0,0,0,1,0,0,1,0.5500902211822163,43.5121364955133
0,41,114.5,4527.45,1,0,0,0,1,0,1,1,0,0,1,0,1,0,1,0,1,0,1,0,1,0,0,1,0,0,0,0.549958575905015,62.97025694112421
1,24,96.55,2263.45,0,0,1,1,1,0,0,1,0,0,0,0,0,0,1,0,0,0,1,0,1,0,1,1,0,1,0,0.5497826681801379,53.08151661279231
0,14,55.5,767.55,0,1,0,0,1,0,1,0,0,0,0,0,1,0,0,0,0,0,0,0,0,0,0,1,1,0,0,0.5497178147262408,30.509338717306367
0,9,93.0,870.25,0,0,0,1,1,0,0,1,0,0,1,0,0,0,1,0,1,0,0,0,1,0,0,0,0,0,0,0.5495753909271747,51.11051135622724
0,39,50.65,1905.4,0,0,0,0,0,1,0,0,0,0,0,0,0,0,1,0,0,0,1,0,1,0,0,1,1,0,0,0.5493076422749911,27.822432081228296
0,1,49.9,49.9,1,1,0,1,1,0,0,0,0,0,0,0,0,0,0,0,1,0,0,0,0,0,0,1,0,0,1,0.548486103368955,27.36945655811085
1,40,103.75,4188.4,0,0,0,0,1,0,1,1,0,0,0,0,0,0,1,0,1,0,1,0,1,1,0,1,1,0,0,0.5484507564550778,56.90176598221432
0,12,69.85,837.5,0,1,0,1,1,0,0,0,0,0,1,0,0,0,0,0,0,0,1,0,1,0,0,1,0,0,1,0.5484422447870969,38.30869079837871
0,19,56.1,1033.9,0,0,0,0,1,0,1,0,0,0,0,0,0,0,1,0,0,0,0,0,0,0,0,1,0,0,1,0.5483113707500715,30.760267899079015
1,50,108.75,5431.9,0,0,1,0,1,0,1,1,0,0,1,0,1,0,1,0,0,0,1,0,1,0,0,0,0,0,0,0.5481467768394446,59.6109619812896
1,2,66.4,94.55,1,1,0,0,1,0,0,0,0,0,1,0,0,0,1,0,0,0,1,0,0,0,0,0,0,0,0,0.5479760066789156,36.38560684348
0,11,70.5,829.3,0,0,0,0,1,0,0,0,0,0,0,0,0,0,0,0,1,0,1,0,1,0,0,0,0,0,1,0.5477325891989608,38.61514753852674
0,34,103.8,3470.8,0,1,0,1,1,0,1,1,0,0,1,0,1,0,0,0,0,0,1,0,1,1,0,1,0,1,0,0.5476808863143385,56.849275999428336
0,37,70.35,2552.9,0,1,0,0,1,0,0,1,0,0,0,0,0,0,0,0,0,0,0,0,0,0,0,1,0,0,1,0.5476197129324295,38.52504680479641
1,11,54.55,601.25,0,1,0,1,1,0,0,0,0,0,0,0,1,0,0,0,1,0,0,0,0,0,0,1,0,1,0,0.5476017428270434,29.87167507121522
0,69,99.45,7007.6,1,1,1,1,1,0,1,1,0,0,0,0,0,0,1,0,0,0,1,0,1,0,0,1,1,0,0,0.5473348978032523,54.43245558653344
0,13,76.2,981.45,0,0,1,0,1,0,1,0,0,0,1,0,1,0,0,0,1,0,1,0,0,0,0,1,0,1,0,0.5471043487816303,41.68935137716023
0,8,29.35,216.45,0,1,0,0,0,1,0,0,0,0,1,0,0,0,0,0,0,0,0,0,0,0,0,0,0,0,1,0.5470693562193218,16.056485605037096
0,12,29.2,309.1,1,0,1,1,0,1,0,0,0,0,0,0,1,0,0,0,0,0,0,0,0,0,0,0,0,0,1,0.5468686753363151,15.968565319820401
0,38,81.85,3141.7,0,1,0,1,1,0,1,1,0,0,0,0,1,0,0,0,0,0,0,0,0,0,0,1,0,0,1,0.5468351738804359,44.75845898211367
0,1,50.65,50.65,1,1,0,0,1,0,0,0,0,0,0,0,1,0,0,0,0,0,0,0,0,0,0,0,0,0,1,0.546771223836201,27.69396248730358
0,14,59.8,824.85,0,0,0,1,1,0,0,0,0,0,0,0,0,0,1,0,0,0,1,0,0,0,0,1,1,0,0,0.5467169468447773,32.69367342131768
0,45,108.45,4964.7,0,1,0,0,1,0,1,1,0,0,1,0,0,0,1,0,1,0,1,0,1,0,0,1,1,0,0,0.5461859321662419,59.233864343428934
1,46,85.0,3969.4,1,1,0,0,1,0,0,1,0,0,1,0,0,0,0,0,0,0,0,0,1,0,0,0,0,1,0,0.5461729087712848,46.42469724555921
0,55,96.75,5238.9,1,1,1,0,1,0,1,1,0,0,1,0,1,0,0,0,0,0,1,0,0,0,0,1,0,1,0,0.5459220353176157,52.81795691697932
0,13,74.65,966.25,0,0,0,0,1,0,0,1,0,0,0,0,1,0,0,0,0,0,0,0,0,1,0,1,0,0,1,0.545876560668138,40.7496852538765
0,17,25.1,382.8,0,1,0,0,0,1,0,0,0,0,0,0,0,0,0,0,0,0,0,0,0,0,0,0,1,0,0,0.5457385493955691,13.698037589828784
0,29,94.65,2649.15,1,1,1,1,1,0,0,1,0,0,1,0,0,0,0,0,0,0,1,0,1,0,0,0,1,0,0,0.5456901391485157,51.64957167040701
0,47,87.2,4017.45,0,1,1,1,1,0,1,1,0,0,0,0,1,0,0,0,0,0,1,0,0,0,0,0,0,1,0,0.5452837702848511,47.548744768839015
0,12,60.65,743.3,0,0,0,0,0,1,0,0,0,0,0,0,1,0,1,0,1,0,1,0,1,1,0,0,0,1,0,0.545208927491493,33.06692145235905
0,18,25.15,476.8,0,1,0,0,0,1,0,0,0,0,0,0,0,0,0,0,0,0,0,0,0,0,0,0,0,0,1,0.5451411237690897,13.710299262792606
0,3,50.15,160.85,0,1,0,0,1,0,0,0,0,0,1,0,0,0,0,0,0,0,0,0,0,0,0,1,0,0,1,0.5449852927780173,27.33101243281757
0,51,93.8,4539.35,0,0,1,1,1,0,1,1,0,0,1,0,1,0,0,0,0,0,0,0,1,0,0,1,0,1,0,0.5448830001431676,51.11002541342912
1,65,109.4,7227.45,0,0,1,0,1,0,1,1,0,0,1,0,1,0,1,0,0,0,1,0,1,0,0,1,1,0,0,0.5447284638404839,59.59329394414894
0,35,102.35,3626.1,1,1,0,0,1,0,0,1,0,0,0,0,1,0,1,0,0,0,1,0,1,1,0,1,0,0,0,0.5446852094265547,55.748531184807874
1,38,24.85,955.75,0,1,1,0,0,1,0,0,0,0,0,0,0,0,0,0,0,0,0,0,0,0,0,1,0,1,0,0.5441291005012664,13.52160814745647
0,70,106.05,7554.05,0,1,1,1,1,0,1,1,0,0,1,0,1,0,0,0,0,0,1,0,1,0,0,1,0,1,0,0.5441116149827472,57.703036768920335
0,56,106.6,5893.95,0,0,0,0,1,0,1,1,0,0,1,0,1,0,0,0,0,0,1,0,1,0,0,1,1,0,0,0.5437957058411873,57.96862224267056
0,8,49.4,408.25,0,0,0,0,1,0,0,0,0,0,0,0,0,0,0,0,1,0,0,0,0,0,0,0,0,1,0,0.543295312850182,26.838788454798987
0,12,54.3,654.5,0,0,0,0,1,0,0,0,0,0,0,0,1,0,0,0,1,0,0,0,0,0,0,1,0,1,0,0.5432800110188105,29.50010459832141
0,2,49.2,103.7,0,0,0,0,1,0,0,0,0,0,0,0,1,0,0,0,0,0,0,0,0,0,0,0,0,0,1,0.5429769026067143,26.714463608250345
0,4,56.75,245.15,0,1,0,0,1,0,0,0,0,0,1,0,0,0,1,0,0,0,0,0,0,0,0,0,0,1,0,0.542876741522147,30.808255081381844
1,34,71.55,2427.35,0,1,1,0,1,0,0,1,0,0,0,0,0,0,0,0,0,0,0,0,0,0,0,0,1,0,0,0.5428147754362732,38.83839718246535
0,48,97.05,4692.95,0,0,1,0,1,0,0,1,0,0,0,0,1,0,1,0,0,0,1,0,1,1,0,1,0,1,0,0.5427401149297835,52.67292815393549
0,46,103.15,4594.65,0,0,1,0,1,0,1,1,0,0,0,0,1,0,0,0,1,0,1,0,1,1,0,1,0,1,0,0.5427021906990861,55.97973097061073
0,58,91.55,5511.65,0,0,1,1,1,0,0,1,0,0,0,0,1,0,1,0,0,0,1,0,0,0,0,1,0,1,0,0.5426714862956565,49.68157457036735
0,39,86.3,3266.0,1,1,1,1,1,0,0,1,0,0,0,0,1,0,0,0,0,0,1,0,0,0,0,1,0,0,1,0.5423445686705011,46.80433627626424
0,41,40.35,1677.85,0,0,0,0,0,1,0,0,0,0,0,0,1,0,0,0,0,0,0,0,1,0,0,1,0,1,0,0.5420493138131104,21.871689812359005
1,60,93.25,5774.55,0,1,1,1,1,0,1,1,0,0,1,0,1,0,0,0,0,0,0,0,1,0,0,1,0,1,0,0.5418373153597476,50.52632965729646
0,63,105.4,6713.2,0,1,0,0,1,0,1,1,0,0,0,0,1,0,0,0,1,0,1,0,1,0,0,0,0,1,0,0.541727877866006,57.09811832707703
0,19,87.7,1725.95,0,1,0,0,1,0,0,1,0,0,0,0,0,0,0,0,1,0,0,0,1,1,0,1,1,0,0,0.5414442153911795,47.48465768980644
0,41,74.25,3089.1,0,1,0,0,1,0,0,1,0,0,0,0,0,0,0,0,1,0,0,0,0,0,0,1,0,1,0,0.541314903805933,40.19263160759052
1,48,70.65,3545.05,0,0,1,0,1,0,0,1,0,0,0,0,0,0,0,0,0,0,0,0,0,0,0,1,0,0,0,0.541266946547687,38.24050977359409
0,35,75.35,2636.05,1,1,0,0,1,0,1,1,0,0,0,0,0,0,0,0,0,0,0,0,0,0,0,0,1,0,0,0.5410538432897014,40.768407091879
0,1,62.05,62.05,1,1,0,0,1,0,1,0,0,0,0,0,0,0,1,0,1,0,0,0,0,0,0,0,0,0,1,0.5406946822278565,33.5501050322385
1,51,77.5,3807.35,1,0,1,0,1,0,1,1,0,0,1,0,0,0,0,0,0,0,0,0,0,0,0,1,0,1,0,0.5406498445709587,41.900362954249296
0,15,30.2,469.65,0,1,1,1,0,1,0,0,0,0,1,0,0,0,0,0,0,0,0,0,0,0,0,1,0,0,0,0.5398292152139689,16.302842299461858
0,13,45.55,597.0,1,1,0,0,0,1,0,0,0,0,1,0,0,0,0,0,1,0,1,0,0,0,0,1,1,0,0,0.5396766727993538,24.582272446010567
0,20,49.6,939.8,0,1,1,1,1,0,0,0,0,0,0,0,0,0,1,0,0,0,0,0,0,0,0,1,0,1,0,0.5396441622602581,26.766350448108803
0,38,89.1,3342.0,0,0,0,0,1,0,0,1,0,0,0,0,0,0,0,0,0,0,1,0,1,1,0,1,0,0,1,0.5392588301103773,48.04796176283462
0,34,73.95,2524.45,1,0,0,0,1,0,0,1,0,0,0,0,1,0,0,0,0,0,0,0,0,0,0,1,1,0,0,0.5392532585649862,39.87777847088073
0,4,58.5,224.85,0,0,1,1,1,0,1,0,0,0,0,0,1,0,0,0,1,0,0,0,0,0,0,1,0,0,1,0.5388549192664946,31.52301277708994
0,4,20.2,55.7,0,1,0,0,1,0,0,0,1,1,0,1,0,1,0,1,0,1,0,1,0,0,0,1,0,1,0,0.5385802253206616,10.879320551477365
0,4,19.85,63.0,0,1,0,0,1,0,0,0,1,1,0,1,0,1,0,1,0,1,0,1,0,0,0,1,0,1,0,0.5381646356516555,10.682568017685362
0,22,95.9,2234.95,0,1,1,0,1,0,1,1,0,0,1,0,0,0,0,0,1,0,1,0,0,0,0,0,1,0,0,0.5380895037678901,51.60278341134067
0,61,103.95,6423.0,0,0,0,0,1,0,1,1,0,0,0,0,1,0,1,0,0,0,1,0,1,1,0,1,0,1,0,0.5377737097563524,55.901577129172836
0,2,55.1,113.35,1,1,0,0,1,0,0,0,0,0,1,0,0,0,1,0,0,0,0,0,0,0,0,1,0,0,1,0.5376697851793978,29.62560516338482
0,51,111.5,5703.25,0,0,0,0,1,0,1,1,0,0,0,0,1,0,1,0,1,0,1,0,1,1,0,1,0,1,0,0.5376621216276545,59.949326561483474
0,61,99.9,6241.35,0,1,1,1,1,0,1,1,0,0,0,0,0,0,1,0,0,0,1,0,1,1,0,1,0,1,0,0.5374698380459826,53.693236820793665
0,62,100.15,6413.65,1,0,0,1,1,0,1,1,0,0,0,0,0,0,1,0,0,0,1,0,1,1,0,1,0,1,0,0.5374035943992866,53.82096997908856
0,10,29.75,301.9,0,0,0,0,0,1,0,0,0,0,1,0,0,0,0,0,0,0,0,0,0,0,0,0,0,0,1,0.5373979668864891,15.98758951487305
0,6,55.3,324.25,1,1,1,1,1,0,0,0,0,0,0,0,1,0,1,0,0,0,0,0,0,0,0,1,0,0,1,0.5372724028364515,29.711163876855768
0,29,31.2,926.2,0,0,0,0,0,1,0,0,0,0,0,0,0,0,0,0,1,0,0,0,0,0,0,1,0,1,0,0.5372329104168071,16.76166680500438
0,4,50.3,217.1,0,0,1,1,1,0,0,0,0,0,1,0,0,0,0,0,0,0,0,0,0,0,0,0,0,1,0,0.5371701026126499,27.019656161416286
1,62,96.1,6019.35,0,0,1,1,1,0,1,1,0,0,0,0,1,0,1,0,0,0,0,0,1,0,0,1,1,0,0,0.5368157609327512,51.587994625637386
0,11,60.9,688.5,0,1,0,0,1,0,0,0,0,0,0,0,1,0,1,0,1,0,0,0,0,0,0,1,0,1,0,0.5366377825928674,32.68124095990562
0,35,62.1,2096.1,0,0,0,0,1,0,0,0,0,0,0,0,0,0,1,0,0,0,0,0,1,0,0,1,0,1,0,0.536382583580513,33.30935844034986
0,21,55.95,1157.05,1,0,1,1,0,1,0,0,0,0,1,0,0,0,1,0,0,0,1,0,1,1,0,1,0,1,0,0.5362810082966434,30.0049224141972
1,1,20.85,20.85,1,0,1,0,1,0,0,0,1,1,0,1,0,1,0,1,0,1,0,1,0,0,0,1,0,0,1,0.5360012666149209,11.1756264089211
0,1,25.75,25.75,0,0,0,0,1,0,1,0,1,1,0,1,0,1,0,1,0,1,0,1,0,0,0,1,0,0,1,0.5359747511190839,13.80134984131641
0,21,104.55,2239.4,0,0,0,0,1,0,0,1,0,0,0,0,1,0,1,0,1,0,1,0,1,1,0,1,0,0,1,0.5358172890826988,56.019697573596154
0,2,19.6,35.85,1,0,0,1,1,0,0,0,1,1,0,1,0,1,0,1,0,1,0,1,0,0,0,1,0,1,0,0.5357674800494584,10.501042608969385
0,17,54.6,934.8,0,1,1,0,0,1,0,0,0,0,0,0,0,0,1,0,1,0,1,0,1,1,0,0,0,1,0,0.5357469632796152,29.251784195066993
0,53,108.25,5935.1,0,0,1,1,1,0,0,1,0,0,0,0,1,0,1,0,1,0,1,0,1,0,0,1,0,0,0,0.5355761169800289,57.97611466308813
0,54,104.1,5645.8,0,0,1,1,1,0,1,1,0,0,1,0,1,0,0,0,0,0,1,0,1,0,0,1,0,0,0,0.5351726409810955,55.71147192613204
1,52,105.1,5376.4,0,1,1,0,1,0,1,1,0,0,0,0,1,0,1,0,0,0,1,0,1,1,0,1,0,0,0,0.5351485391171262,56.24411146120996
0,50,103.95,5231.3,0,1,1,0,1,0,1,1,0,0,1,0,0,0,1,0,0,0,1,0,1,1,0,1,0,1,0,0.5350766782943881,55.62122070870164
1,51,93.8,4750.95,1,1,1,0,1,0,1,1,0,0,1,0,0,0,1,0,0,0,1,0,0,0,0,1,0,0,0,0.535040090251839,50.18676046562249
0,27,100.75,2793.55,0,1,1,1,1,0,1,1,0,0,1,0,1,0,0,0,1,0,1,0,0,0,0,0,0,1,0,0.5348923893597127,53.89040822799106
0,7,50.3,355.1,0,0,1,0,1,0,0,0,0,0,1,0,0,0,0,0,0,0,0,0,0,0,0,1,0,0,0,0.5348781815633246,26.904372532635225
0,7,29.8,201.95,0,0,0,1,0,1,0,0,0,0,1,0,0,0,0,0,0,0,0,0,0,0,0,0,0,0,1,0.5343925150926268,15.924896949760278
0,14,50.45,765.45,0,0,0,0,1,0,0,0,0,0,0,0,1,0,0,0,0,0,0,0,0,0,0,0,0,1,0,0.5343821857289048,26.95958127002325
0,30,83.55,2570.2,0,1,1,1,1,0,1,1,0,0,0,0,1,0,0,0,1,0,0,0,0,0,0,1,0,0,0,0.5342710340247174,44.63834489276514
0,62,96.75,6125.4,1,1,0,0,1,0,1,1,0,0,0,0,0,0,1,0,0,0,1,0,1,1,0,1,0,1,0,0.5342487810250667,51.688569564175204
0,15,46.3,639.45,0,0,1,1,1,0,0,0,0,0,0,0,0,0,0,0,0,0,0,0,0,0,0,0,0,1,0,0.5340191513277368,24.72508670647421
0,1,48.75,48.75,0,1,1,1,1,0,0,0,0,0,1,0,0,0,0,0,0,0,0,0,0,0,0,1,0,0,1,0.5333446963308187,26.00055394612741
0,2,49.25,97.0,0,1,0,0,1,0,0,0,0,0,0,0,1,0,0,0,0,0,0,0,0,0,0,0,0,0,1,0.5332916518226336,26.264613852264706
0,25,60.35,1404.65,0,1,1,1,1,0,1,0,0,0,0,0,0,0,0,0,0,0,1,0,0,0,0,0,0,1,0,0.5332855933291186,32.18378555741231
0,27,85.2,2151.6,0,1,1,1,1,0,1,1,0,0,0,0,1,0,0,0,1,0,0,0,0,0,0,1,1,0,0,0.5331535899953167,45.424685867600985
0,4,45.25,155.35,0,1,1,1,1,0,0,0,0,0,0,0,0,0,0,0,0,0,0,0,0,0,0,0,0,0,1,0.5331374954088156,24.124471667248905
0,2,55.05,102.75,1,0,0,0,1,0,0,0,0,0,0,0,1,0,0,0,1,0,0,0,0,0,0,1,1,0,0,0.53302741582575,29.343159241207534
0,12,85.15,979.05,0,0,0,0,1,0,0,1,0,0,1,0,0,0,0,0,0,0,1,0,0,1,0,1,1,0,0,0.532870739578636,45.37394347512085
0,5,44.8,220.45,0,0,1,1,1,0,0,0,0,0,0,0,0,0,0,0,0,0,0,0,0,0,0,0,0,0,1,0.53281226194979,23.869989335350592
0,1,53.55,53.55,0,0,1,0,1,0,0,0,0,0,1,0,1,0,0,0,0,0,0,0,0,0,0,1,0,0,1,0.5323672562704317,28.508266573281617
0,23,83.8,1900.25,1,0,1,1,1,0,0,1,0,0,0,0,1,0,1,0,1,0,0,0,0,0,0,0,0,1,0,0.5320569146699781,44.58636944934416
1,44,73.85,3122.4,0,1,0,0,1,0,0,1,0,0,0,0,0,0,1,0,0,0,0,0,0,0,0,0,0,1,0,0.5319384302706089,39.283653075484466
0,59,106.15,6256.2,0,0,1,1,1,0,1,1,0,0,0,0,1,0,1,0,0,0,1,0,1,1,0,1,0,1,0,0.5318170762487159,56.452382643801194
0,38,69.5,2625.25,0,1,0,0,1,0,0,1,0,0,0,0,0,0,0,0,0,0,0,0,0,0,0,1,1,0,0,0.5316560569726307,36.95009595959784
0,17,90.2,1454.15,1,1,1,0,1,0,1,1,0,0,1,0,1,0,1,0,0,0,0,0,0,0,0,0,1,0,0,0.5314832860439936,47.939792401168226
1,52,72.95,3829.75,0,1,0,0,1,0,1,1,0,0,0,0,0,0,0,0,0,0,0,0,0,0,0,1,0,0,0,0.5313675485691173,38.76326266811711
1,43,108.15,4600.7,1,0,0,0,1,0,0,1,0,0,1,0,1,0,0,0,1,0,1,0,1,0,0,1,1,0,0,0.5312337012679015,57.45292479212355
0,44,88.15,3973.2,0,0,0,0,1,0,0,1,0,0,0,0,1,0,1,0,0,0,1,0,0,0,0,1,1,0,0,0.5310424921914159,46.81139568667331
1,43,100.55,4304.0,0,1,1,0,1,0,0,1,0,0,0,0,1,0,1,0,0,0,1,0,1,1,0,1,0,0,0,0.5309632665398524,53.38835645058216
0,25,79.85,2015.35,1,0,0,0,1,0,0,1,0,0,1,0,1,0,0,0,0,0,0,0,0,0,0,1,0,0,0,0.5307223467179595,42.378179385429064
0,32,93.4,2979.3,0,1,0,0,1,0,0,1,0,0,1,0,1,0,1,0,0,0,0,0,1,0,0,1,1,0,0,0.5306196004138587,49.559870678654406
0,6,49.5,312.7,0,1,0,0,1,0,0,0,0,0,0,0,0,0,0,0,1,0,0,0,0,0,0,1,1,0,0,0.5301253955382863,26.241207079145173
0,55,90.4,5099.15,0,1,1,1,1,0,1,1,0,0,0,0,0,0,1,0,0,0,1,0,0,0,0,1,1,0,0,0.5298669063306778,47.89996833229328
1,68,89.6,6127.6,1,0,1,0,1,0,1,1,0,0,0,0,1,0,0,0,0,0,0,0,1,0,0,1,0,0,0,0.5297970687556943,47.469817360510206
0,33,79.0,2576.8,0,1,0,0,1,0,0,1,0,0,0,0,1,0,1,0,0,0,0,0,0,0,0,1,1,0,0,0.5297837613472182,41.85291714643024
1,30,74.75,2111.3,0,1,0,0,1,0,0,0,0,0,1,0,1,0,0,0,0,0,1,0,1,0,0,1,0,1,0,0.5295907190038853,39.586906245540426
0,63,109.85,7002.95,0,0,0,0,1,0,1,1,0,0,0,0,1,0,1,0,1,0,1,0,1,0,0,1,1,0,0,0.5294174314776873,58.156504847823946
0,8,44.45,369.3,0,0,0,0,1,0,0,0,0,0,0,0,0,0,0,0,0,0,0,0,0,0,0,0,0,0,1,0.5293699189629281,23.530492897902153
0,3,34.25,139.35,1,0,0,0,0,1,0,0,0,0,1,0,0,0,0,0,1,0,0,0,0,0,0,0,0,0,1,0.5289518009691181,18.116599183192296
0,3,35.1,101.1,0,1,1,0,0,1,0,0,0,0,1,0,0,0,0,0,1,0,0,0,0,0,0,0,0,0,1,0.5282308758192819,18.540903741256795
0,49,74.6,3720.35,0,1,0,0,1,0,1,1,0,0,0,0,0,0,0,0,0,0,0,0,0,0,0,1,0,0,0,0.5282114205941087,39.40457197632051
1,71,105.9,7521.95,0,0,0,0,1,0,1,1,0,0,0,0,1,0,1,0,0,0,1,0,1,1,0,1,0,1,0,0.528154271202919,55.931537320389126
0,30,86.45,2538.05,0,0,1,1,1,0,0,1,0,0,0,0,0,0,1,0,0,0,0,0,1,1,0,0,0,1,0,0.5281100787360538,45.65511630673185
0,17,86.75,1410.25,0,1,0,0,1,0,1,1,0,0,0,0,0,0,1,0,1,0,0,0,0,1,0,0,0,1,0,0.5280353567322553,45.80706719652315
0,18,64.8,1166.7,0,0,0,1,1,0,1,0,0,0,1,0,0,0,0,0,0,0,0,0,1,0,0,0,0,1,0,0.5279146453147157,34.20886901639357
0,3,55.35,165.2,1,0,0,0,1,0,0,0,0,0,1,0,1,0,0,0,0,0,0,0,0,0,0,0,0,1,0,0.5275090085357638,29.197623622454525
0,19,88.8,1672.35,0,1,1,0,1,0,1,1,0,0,1,0,1,0,0,0,1,0,0,0,0,0,0,1,1,0,0,0.5274513601048654,46.837680777312045
0,70,101.75,7069.3,0,0,1,0,1,0,1,1,0,0,0,0,0,0,1,0,0,0,1,0,1,1,0,1,0,1,0,0.5273804237652092,53.66095811811004
0,12,49.05,593.05,0,1,0,0,1,0,0,0,0,0,0,0,1,0,0,0,0,0,0,0,0,0,0,1,0,0,0,0.5272860175503028,25.86337916084235
0,55,104.15,5743.05,1,1,1,0,1,0,1,1,0,0,0,0,0,0,1,0,1,0,1,0,1,1,0,1,0,1,0,0.5272051671747132,54.90841816124639
0,17,69.0,1108.0,0,0,0,0,1,0,1,0,0,0,0,0,0,0,1,0,1,0,1,0,0,0,0,1,0,0,1,0.5271919314050237,36.37624326694664
0,5,46.0,221.7,1,0,0,1,1,0,0,0,0,0,0,0,0,0,0,0,0,0,0,0,0,0,0,0,0,0,1,0.5270023116289685,24.24210633493255
0,53,93.9,5029.2,1,1,1,0,1,0,1,1,0,0,1,0,0,0,1,0,0,0,0,0,1,0,0,0,0,1,0,0.5269912931456201,49.48448242637373
0,5,50.55,244.75,0,0,0,0,1,0,0,0,0,0,0,0,1,0,0,0,0,0,0,0,0,0,0,0,0,0,0,0.5269315769322086,26.636391213923144
0,35,85.15,3030.6,1,1,0,1,1,0,0,1,0,0,0,0,0,0,1,0,0,0,1,0,0,1,0,1,0,1,0,0.5267701729128325,44.85448022352769
0,40,110.1,4469.1,0,1,1,1,1,0,1,1,0,0,1,0,1,0,0,0,1,0,1,0,1,0,0,1,1,0,0,0.5264808811391156,57.96554501341663
0,49,97.95,4917.9,0,1,1,1,1,0,1,1,0,0,0,0,0,0,0,0,1,0,1,0,1,1,0,1,0,1,0,0.5263829084868961,51.55920588629147
1,8,60.9,551.95,0,1,1,0,1,0,0,0,0,0,1,0,0,0,0,0,0,0,1,0,0,0,0,0,0,0,0,0.5263298264289853,32.0534864295252
1,52,49.15,2550.9,1,1,0,0,0,1,0,0,0,0,0,0,1,0,0,0,0,0,1,0,1,0,0,1,0,1,0,0.526179796383169,25.861736992232757
0,7,34.2,256.6,0,1,1,0,0,1,0,0,0,0,1,0,1,0,0,0,0,0,0,0,0,0,0,0,0,0,1,0.5261621865527747,17.994746780104897
0,6,45.5,285.2,0,0,1,1,1,0,0,0,0,0,0,0,0,0,0,0,0,0,0,0,0,0,0,0,0,0,1,0.5261316472552603,23.938989950114344
0,12,49.2,571.15,0,1,1,1,1,0,0,0,0,0,1,0,0,0,0,0,0,0,0,0,0,0,0,1,0,1,0,0.5259395263806081,25.876224697925924
0,40,105.95,4335.2,0,0,0,0,1,0,1,1,0,0,0,0,0,0,1,0,1,0,1,0,1,1,0,1,1,0,0,0.5255242868087197,55.67929818738385
0,7,43.9,278.4,0,1,0,0,1,0,0,0,0,0,0,0,0,0,0,0,0,0,0,0,0,0,0,0,0,0,1,0.5252476991401305,23.058373992251727
0,16,50.15,762.25,1,0,0,0,1,0,0,0,0,0,1,0,0,0,0,0,0,0,0,0,0,0,0,1,0,1,0,0.5252050726192562,26.339034391855698
0,5,51.0,286.8,0,0,0,1,1,0,0,0,0,0,0,0,0,0,0,0,1,0,0,0,0,0,0,1,0,0,1,0.5251470157533323,26.78249780341995
0,55,94.45,5073.1,0,0,1,0,1,0,1,1,0,0,0,0,1,0,1,0,0,0,1,0,0,0,0,1,1,0,0,0.5247494630172975,49.562586781983754
0,1,25.0,25.0,0,1,0,0,1,0,1,0,1,1,0,1,0,1,0,1,0,1,0,1,0,0,0,1,0,0,1,0.5245677590471639,13.114193976179097
0,6,50.95,307.6,0,0,0,0,0,1,0,0,0,0,1,0,1,0,0,0,1,0,0,0,1,0,0,0,1,0,0,0.5243712172103812,26.71671351686892
0,12,50.95,605.75,0,1,0,0,0,1,0,0,0,0,1,0,1,0,0,0,1,0,1,0,0,0,0,1,0,0,0,0.5243570839384499,26.715993426664024
1,52,108.1,5839.3,0,0,0,0,1,0,1,1,0,0,1,0,1,0,1,0,0,0,1,0,1,0,0,0,1,0,0,0.5242988291409386,56.67670343013546
0,20,24.9,505.95,0,0,0,0,0,1,0,0,0,0,0,0,0,0,0,0,0,0,0,0,0,0,0,0,1,0,0,0.5240577826918207,13.049038789026334
1,33,59.45,1884.65,0,0,0,0,0,1,0,0,0,0,1,0,1,0,1,0,0,0,1,0,1,0,0,1,0,0,0,0.5237470133777352,31.13675994530636
0,23,99.95,2292.75,0,1,0,0,1,0,0,1,0,0,1,0,0,0,1,0,0,0,1,0,1,1,0,1,1,0,0,0.5237021007554608,52.3440249705083
1,31,73.55,2094.65,0,0,0,0,1,0,0,1,0,0,1,0,0,0,0,0,0,0,0,0,0,0,0,1,1,0,0,0.5235991154333335,38.51071494012167
0,14,65.45,937.6,1,1,1,1,1,0,0,0,0,0,1,0,1,0,0,0,0,0,1,0,0,0,0,1,0,1,0,0.5234916192350431,34.26252647893357
1,54,101.5,5373.1,1,0,1,0,1,0,1,1,0,0,0,0,1,0,0,0,0,0,1,0,1,1,0,1,1,0,0,0.5234107306925918,53.126189165298065
1,70,104.8,7308.95,0,1,1,0,1,0,1,1,0,0,0,0,1,0,1,0,0,0,1,0,1,1,0,1,0,1,0,0.5231279171759137,54.82380572003575
0,4,19.95,82.9,0,0,1,1,1,0,0,0,1,1,0,1,0,1,0,1,0,1,0,1,0,0,0,1,0,1,0,0.522948237640135,10.432817340920693
1,50,83.4,4113.7,0,0,0,0,1,0,1,1,0,0,1,0,1,0,0,0,0,0,0,0,0,0,0,1,0,1,0,0.5229184307784295,43.61139712692102
0,59,94.75,5597.65,0,0,1,0,1,0,1,1,0,0,1,0,1,0,0,0,0,0,1,0,0,0,0,1,0,1,0,0.5228668875015448,49.541637590771366
0,10,54.5,568.2,0,1,0,0,1,0,1,0,0,0,1,0,0,0,0,0,0,0,0,0,0,0,0,1,1,0,0,0.5226123926498296,28.482375399415716
0,42,85.9,3729.75,0,0,1,0,1,0,1,1,0,0,0,0,0,0,1,0,1,0,0,0,0,0,0,1,1,0,0,0.5225852992509694,44.89007720565827
1,65,95.45,6223.3,0,0,0,0,1,0,1,1,0,0,0,0,1,0,1,0,0,0,1,0,0,0,0,1,0,0,0,0.5225365677394079,49.87611539072649
0,66,99.5,6710.5,1,1,0,0,1,0,0,1,0,0,0,0,1,0,1,0,0,0,1,0,1,0,0,0,0,1,0,0.5222119987533655,51.96009387595987
0,51,106.8,5498.8,0,1,1,0,1,0,1,1,0,0,0,0,1,0,1,0,0,0,1,0,1,1,0,1,0,0,0,0.5221953959863724,55.77046829134458
1,41,83.75,3273.55,1,1,1,0,1,0,1,1,0,0,1,0,0,0,1,0,0,0,0,0,0,0,0,1,0,0,0,0.5220690619968379,43.72328394223517
1,64,103.5,6548.65,0,1,0,0,1,0,1,1,0,0,1,0,1,0,0,0,0,0,1,0,1,0,0,1,0,0,0,0.521988296670704,54.02578870541787
0,1,24.05,24.05,1,1,0,0,1,0,1,0,1,1,0,1,0,1,0,1,0,1,0,1,0,0,0,1,0,0,1,0.5219848073787156,12.55373461745811
0,47,83.35,4065.0,1,1,1,0,1,0,1,1,0,0,0,0,1,0,1,0,0,0,0,0,0,0,0,1,0,0,0,0.52169725810512,43.48346646306175
1,49,88.2,4159.45,0,1,1,0,1,0,1,1,0,0,1,0,1,0,1,0,0,0,0,0,0,0,0,1,0,1,0,0.5213846491675238,45.9861260565756
0,16,80.75,1321.3,0,1,1,0,1,0,0,1,0,0,1,0,1,0,0,0,0,0,0,0,0,0,0,0,0,0,0,0.5210762032404038,42.076903411662606
0,15,75.1,1151.55,0,1,1,1,1,0,0,1,0,0,1,0,0,0,0,0,0,0,0,0,0,0,0,0,0,0,1,0.5210513796556779,39.13095861214141
0,21,28.5,629.35,0,0,1,0,0,1,0,0,0,0,1,0,0,0,0,0,0,0,0,0,0,0,0,0,0,1,0,0.5209653882117716,14.847513564035491
1,47,80.35,3825.85,1,0,1,0,1,0,1,1,0,0,1,0,0,0,0,0,0,0,0,0,0,0,0,0,0,1,0,0.5209444876902282,41.85788958590983
1,38,80.45,3162.65,0,1,0,1,1,0,1,1,0,0,1,0,0,0,0,0,0,0,0,0,0,0,0,1,0,0,1,0.5208607329020475,41.90324596196972
0,38,91.7,3479.05,0,1,1,0,1,0,1,1,0,0,1,0,0,0,0,0,0,0,1,0,0,0,0,0,0,0,0,0.5207766018236765,47.755214387231135
1,66,104.9,6891.45,0,0,1,1,1,0,1,1,0,0,0,0,1,0,1,0,0,0,1,0,1,1,0,1,0,1,0,0.5205125199183519,54.60176333943512
0,43,49.05,2076.2,1,0,0,0,0,1,0,0,0,0,0,0,0,0,1,0,0,0,1,0,1,0,0,1,0,0,0,0.5202663940937235,25.51906663029714
0,50,109.65,5405.8,0,0,1,0,1,0,1,1,0,0,1,0,1,0,0,0,1,0,1,0,1,0,0,1,0,0,0,0.5202562872917824,57.04610190154394
0,51,49.65,2553.35,0,0,1,0,0,1,0,0,0,0,0,0,1,0,0,0,0,0,1,0,1,0,0,1,0,1,0,0.5201219764380405,25.82405613014871
0,51,90.15,4554.85,0,0,1,1,1,0,1,1,0,0,0,0,0,0,1,0,0,0,0,0,1,1,0,1,0,1,0,0.5200769250105737,46.88493478970322
0,46,89.15,4245.55,0,1,0,0,1,0,1,1,0,0,1,0,0,0,0,0,0,0,1,0,0,0,0,1,1,0,0,0.5193520420125566,46.30023454541942
1,54,99.1,5437.1,0,0,1,0,1,0,0,1,0,0,0,0,0,0,1,0,1,0,1,0,1,1,0,1,0,1,0,0.519170126551903,51.44975954129358
1,2,19.2,37.2,0,1,0,0,1,0,0,0,1,1,0,1,0,1,0,1,0,1,0,1,0,0,0,0,0,1,0,0.5190371561039766,9.96551339719635
1,57,44.85,2572.95,1,1,1,0,0,1,0,0,0,0,0,0,0,0,0,0,0,0,1,0,1,0,0,1,0,1,0,0.5188574763082421,23.27075781242466
0,52,83.8,4331.4,0,1,0,0,1,0,0,1,0,0,0,0,0,0,1,0,0,0,0,0,1,0,0,1,1,0,0,0.5187600710806216,43.47209395655609
0,44,90.65,3974.15,0,1,1,0,1,0,0,1,0,0,0,0,0,0,0,0,0,0,1,0,1,1,0,1,0,0,0,0.5185325065212755,47.00497171615363
0,25,58.6,1502.65,1,0,1,1,0,1,0,0,0,0,1,0,1,0,1,0,0,0,1,0,1,0,0,1,1,0,0,0.5185242136475802,30.385518919748197
0,11,61.25,729.95,0,1,0,0,1,0,0,0,0,0,0,0,1,0,0,0,0,0,1,0,0,1,0,1,0,1,0,0.5184941006374153,31.757763664041686
0,4,50.7,151.3,1,0,0,0,1,0,0,0,0,0,0,0,1,0,0,0,0,0,0,0,0,0,0,0,1,0,0,0.5184187166321825,26.283828933251655
0,46,94.65,4312.5,0,1,1,0,1,0,1,1,0,0,0,0,1,0,1,0,0,0,1,0,0,1,0,1,0,1,0,0.5182467536562737,49.05205523356631
1,53,54.45,2854.55,1,1,0,0,0,1,0,0,0,0,0,0,1,0,1,0,0,0,1,0,1,0,0,1,0,1,0,0.5181535531854292,28.213460970946624
0,4,61.45,229.55,1,1,1,1,1,0,0,0,0,0,0,0,0,0,0,0,1,0,0,0,1,0,0,0,1,0,0,0.5181491923474707,31.840267869752076
0,38,79.45,3013.05,1,1,1,0,1,0,0,1,0,0,1,0,1,0,0,0,0,0,0,0,0,0,0,1,0,1,0,0.5181481216487978,41.166868264996985
0,40,78.85,3126.85,0,0,1,0,1,0,1,1,0,0,0,0,0,0,0,0,1,0,0,0,0,0,0,1,1,0,0,0.5181324176356847,40.854741130573736
0,4,55.2,220.65,0,0,0,0,1,0,0,0,0,0,1,0,1,0,0,0,0,0,0,0,0,0,0,0,0,1,0,0.5179174010753611,28.589040539359935
1,35,81.6,2815.25,0,1,1,0,1,0,1,1,0,0,0,0,0,0,1,0,0,0,0,0,0,1,0,1,0,0,0,0.5179104807510096,42.26149522928238
0,52,95.65,5088.4,0,1,1,0,1,0,1,1,0,0,0,0,1,0,0,0,1,0,0,0,1,0,0,1,1,0,0,0.5178758529721592,49.53482533678703
0,30,94.4,2638.1,0,0,0,0,1,0,0,1,0,0,0,0,0,0,0,0,1,0,1,0,1,1,0,1,0,0,0,0.517867006344754,48.88664539894478
1,18,59.1,1011.05,0,1,1,0,1,0,0,0,0,0,1,0,0,0,0,0,0,0,0,0,1,0,0,1,1,0,0,0.5177181269595975,30.597141303312213
0,51,83.4,4149.45,0,1,0,0,1,0,1,1,0,0,0,0,0,0,0,0,0,0,0,0,1,0,0,0,0,0,0,0.51768838237358,43.17521108995657
1,24,39.1,971.3,1,1,1,0,0,1,0,0,0,0,1,0,0,0,0,0,0,0,0,0,1,0,0,0,0,0,0,0.5176535225614001,20.240252732150743
0,51,80.75,4116.9,0,0,1,1,1,0,1,1,0,0,0,0,0,0,0,0,1,0,0,0,0,0,0,1,0,1,0,0.5176303277464954,41.79864896552951
0,32,75.5,2324.7,0,0,1,0,1,0,0,1,0,0,1,0,0,0,0,0,0,0,0,0,0,0,0,1,0,0,0,0.517208198495511,39.049218986411084
0,10,24.0,226.55,0,1,0,0,1,0,1,0,1,1,0,1,0,1,0,1,0,1,0,1,0,0,0,1,0,1,0,0.5170270523333871,12.40864925600129
0,28,106.1,2847.4,1,1,1,1,1,0,1,1,0,0,1,0,1,0,0,0,0,0,1,0,1,1,0,0,0,1,0,0.5169287097429264,54.84613610372448
1,34,69.15,2275.1,0,1,0,0,1,0,0,1,0,0,0,0,0,0,0,0,0,0,0,0,0,0,0,0,1,0,0,0.516777834017882,35.73518722233654
0,32,79.25,2619.15,0,1,1,0,1,0,1,1,0,0,0,0,0,0,0,0,1,0,0,0,0,1,0,1,0,1,0,0.5167615564027457,40.953353344917595
1,60,100.5,6029.0,0,0,1,0,1,0,1,1,0,0,0,0,0,0,1,0,0,0,1,0,1,1,0,1,1,0,0,0.5167479480605469,51.93316878008496
0,15,101.9,1667.25,0,1,1,1,1,0,0,1,0,0,1,0,0,0,0,0,1,0,1,0,1,1,0,0,0,1,0,0.5166833286443948,52.650031188863835
0,7,62.8,418.3,0,0,0,0,1,0,0,0,0,0,0,0,0,0,1,0,1,0,0,0,1,0,0,0,0,0,0,0.5166123836361052,32.4432576923474
0,18,44.35,768.05,0,1,1,0,1,0,0,0,0,0,0,0,0,0,0,0,0,0,0,0,0,0,0,1,0,0,0,0.5165210313309392,22.907707739527154
0,4,49.35,219.65,1,1,0,1,1,0,0,0,0,0,1,0,0,0,0,0,0,0,0,0,0,0,0,0,0,1,0,0.5163794276959669,25.483324756795966
0,6,48.8,297.35,0,0,1,1,1,0,0,0,0,0,0,0,0,0,0,0,1,0,0,0,0,0,0,1,0,0,1,0.516069036676493,25.184168989812854
0,7,59.1,369.25,0,0,0,0,1,0,0,0,0,0,1,0,0,0,0,0,0,0,0,0,1,1,0,1,0,1,0,0.5157162777202792,30.478832013268498
0,59,83.25,4949.1,0,0,0,0,1,0,1,1,0,0,0,0,1,0,1,0,0,0,0,0,0,0,0,1,0,1,0,0.5156426664713709,42.92725198374163
0,5,48.65,235.2,0,1,0,1,1,0,0,0,0,0,0,0,0,0,0,0,1,0,0,0,0,0,0,1,0,0,0,0.5156081624678119,25.08433710405905
0,8,43.55,335.4,0,1,0,0,1,0,0,0,0,0,0,0,0,0,0,0,0,0,0,0,0,0,0,0,0,0,1,0.5152303069976106,22.43827986974594
0,15,48.85,736.8,0,0,0,0,1,0,0,0,0,0,0,0,1,0,0,0,0,0,0,0,0,0,0,0,0,1,0,0.5150823327160573,25.1617719531794
0,4,49.25,208.45,0,1,0,0,1,0,0,0,0,0,0,0,1,0,0,0,0,0,0,0,0,0,0,0,0,0,1,0.5149479935222645,25.361188680971527
0,5,43.25,219.0,1,1,0,0,0,1,0,0,0,0,1,0,1,0,1,0,1,0,0,0,0,0,0,1,0,0,1,0.5146931116680441,22.260477079642907
0,57,100.75,5985.0,0,0,1,0,1,0,1,1,0,0,0,0,0,0,1,0,0,0,1,0,1,1,0,1,1,0,0,0.5144452241932108,51.83035633746599
1,28,39.1,1096.6,0,0,1,1,0,1,0,0,0,0,0,0,1,0,0,0,0,0,0,0,1,1,0,1,0,1,0,0.5143325867787013,20.110404143047223
0,8,65.5,573.15,0,0,0,0,1,0,1,0,0,0,1,0,1,0,1,0,0,0,0,0,0,0,0,1,0,0,0,0.5140654766420659,33.671288720055315
0,56,107.25,6033.3,0,1,1,0,1,0,1,1,0,0,0,0,1,0,0,0,1,0,1,0,1,1,0,1,0,1,0,0.5140519593506412,55.13207264035627
0,2,51.55,106.2,0,0,0,1,1,0,0,0,0,0,0,0,1,0,0,0,0,0,0,0,0,0,0,0,0,0,1,0.5140498468456262,26.499269604892028
0,18,25.55,467.85,0,1,1,1,0,1,0,0,0,0,0,0,0,0,0,0,0,0,0,0,0,0,0,0,1,0,0,0.5135777586038704,13.12191173232889
0,58,104.65,6219.6,1,1,0,0,1,0,1,1,0,0,0,0,0,0,1,0,1,0,1,0,1,1,0,1,0,1,0,0.5135307446035534,53.74099242276187
0,41,94.3,3893.6,0,0,1,1,1,0,1,1,0,0,1,0,1,0,0,0,0,0,1,0,0,0,0,1,0,0,0,0.5135060851972095,48.42362383409686
0,7,69.7,516.15,0,1,1,1,1,0,0,0,0,0,1,0,0,0,0,0,0,0,1,0,1,0,0,0,1,0,0,0.5134696183539824,35.78883239927258
1,64,108.95,7111.3,0,0,0,0,1,0,1,1,0,0,1,0,0,0,1,0,1,0,1,0,1,0,0,1,0,0,0,0.5131809843034468,55.91106823986053
0,9,44.95,431.0,1,1,0,0,1,0,0,0,0,0,0,0,0,0,0,0,0,0,0,0,0,0,0,0,0,0,1,0.5125467581506515,23.03897677887179
0,10,54.25,583.0,0,0,0,0,1,0,0,0,0,0,0,0,0,0,1,0,1,0,0,0,0,0,0,0,0,1,0,0.5120436298426202,27.778366918962146
0,5,55.8,274.35,0,1,0,0,1,0,0,0,0,0,1,0,0,0,1,0,0,0,0,0,0,0,0,1,0,0,1,0.5115824288960887,28.54629953240175
0,10,55.55,551.3,0,0,1,1,1,0,0,0,0,0,0,0,1,0,1,0,0,0,0,0,0,0,0,1,0,0,1,0.5109229983841973,28.381772560242158
0,49,85.3,4297.95,0,1,1,0,1,0,0,1,0,0,0,0,1,0,0,0,0,0,1,0,0,0,0,1,1,0,0,0.5107484968026446,43.56684677726558
0,3,64.5,177.4,0,0,0,1,1,0,0,0,0,0,1,0,0,0,0,0,1,0,0,0,1,0,0,1,0,0,0,0.5105729632249331,32.93195612800818
1,57,94.0,5438.95,0,0,1,0,1,0,1,1,0,0,0,0,1,0,1,0,0,0,0,0,1,0,0,0,1,0,0,0.5105629146439933,47.99291397653537
0,70,97.65,6982.5,0,0,1,0,1,0,1,1,0,0,0,0,0,0,1,0,0,0,1,0,1,1,0,1,0,1,0,0.5104441978614797,49.84487592117349
1,69,95.35,6382.0,0,1,1,0,1,0,1,1,0,0,0,0,1,0,1,0,0,0,0,0,1,0,0,1,0,0,0,0.5101292655355241,48.64082546881222
0,10,45.25,428.7,0,0,0,0,1,0,0,0,0,0,0,0,0,0,0,0,0,0,0,0,0,0,0,0,0,0,1,0.509493538283243,23.054582607316743
0,12,45.9,505.95,0,0,1,0,1,0,0,0,0,0,0,0,0,0,0,0,0,0,0,0,0,0,0,0,0,0,0,0.5092427537303945,23.374242396225107
0,22,54.45,1127.35,1,1,0,0,1,0,1,0,0,0,1,0,0,0,0,0,0,0,0,0,0,0,0,1,0,1,0,0.509124374119658,27.721822170815383
0,26,81.95,2070.05,0,0,1,1,1,0,0,1,0,0,1,0,1,0,0,0,0,0,0,0,0,0,0,0,0,1,0,0.5088516871809108,41.70039576447564
0,26,44.45,1183.8,0,0,0,0,0,1,0,0,0,0,0,0,0,0,1,0,1,0,1,0,0,0,0,1,1,0,0,0.5087421550232382,22.613588790782938
0,33,103.7,3467.0,1,0,1,1,1,0,1,1,0,0,1,0,0,0,1,0,0,0,1,0,1,1,0,1,0,0,1,0.5086798774866931,52.750103295370074
0,28,29.75,790.7,0,0,0,0,0,1,0,0,0,0,0,0,0,0,1,0,0,0,0,0,0,0,0,1,0,0,1,0.5086511044216412,15.132370356543825
0,7,51.0,354.05,1,1,0,0,1,0,0,0,0,0,1,0,0,0,0,0,0,0,0,0,0,0,0,1,0,0,1,0.5085064470856484,25.93382880136807
0,3,23.6,89.05,0,1,1,0,1,0,1,0,1,1,0,1,0,1,0,1,0,1,0,1,0,0,0,1,0,0,1,0.5082669056807396,11.995098974065456
0,50,94.4,4914.9,0,1,1,0,1,0,1,1,0,0,1,0,1,0,0,0,0,0,0,0,1,0,0,1,1,0,0,0.5073931130030366,47.89790986748665
1,35,76.05,2747.2,0,1,1,1,1,0,0,0,0,0,0,0,1,0,0,0,1,0,1,0,1,0,0,1,0,1,0,0.5069961246876903,38.557055282498844
0,1,60.1,60.1,1,1,0,0,1,0,1,0,0,0,0,0,1,0,0,0,1,0,0,0,0,0,0,0,0,0,1,0.5068383521414958,30.460984963703897
0,1,51.25,51.25,1,1,0,0,1,0,0,0,0,0,0,0,0,0,0,0,1,0,0,0,0,0,0,0,0,0,1,0.506732145623598,25.9700224632094
0,32,50.6,1653.45,0,1,1,1,0,1,0,0,0,0,0,0,0,0,1,0,0,0,1,0,1,0,0,0,1,0,0,0.5065927411742697,25.633592703418046
0,10,46.0,492.1,0,1,0,0,1,0,0,0,0,0,0,0,0,0,0,0,0,0,0,0,0,0,0,0,0,0,1,0.5065186294714097,23.299856955684845
0,10,60.2,563.5,0,1,1,1,1,0,0,0,0,0,0,0,0,0,1,0,0,0,1,0,0,0,0,0,0,0,1,0.5064492320683487,30.488243770514593
0,57,74.3,4018.35,0,1,1,1,1,0,1,1,0,0,0,0,0,0,0,0,0,0,0,0,0,0,0,1,0,1,0,0.5063528239055674,37.62201481618365
0,6,56.25,389.1,1,0,0,0,1,0,0,0,0,0,1,0,1,0,0,0,0,0,0,0,0,0,0,0,0,1,0,0.5063147134476876,28.48020263143243
0,48,106.1,5082.8,1,1,0,0,1,0,1,1,0,0,0,0,1,0,1,0,0,0,1,0,1,1,0,1,1,0,0,0.5059263051045492,53.678780971592666
0,3,41.35,107.25,0,1,0,0,0,1,0,0,0,0,1,0,0,0,1,0,1,0,0,0,0,0,0,0,0,0,1,0.5059022205966582,20.91905682167182
0,2,53.85,108.15,1,1,0,0,1,0,0,0,0,0,1,0,1,0,0,0,0,0,0,0,0,0,0,1,0,0,1,0.5054257661601345,27.217177507723243
0,22,49.45,1031.4,0,0,0,1,0,1,0,0,0,0,0,0,0,0,1,0,0,0,1,0,1,1,0,1,1,0,0,0.5053949952367923,24.99178251445938
0,1,20.7,20.7,0,0,0,0,1,0,0,0,1,1,0,1,0,1,0,1,0,1,0,1,0,0,0,0,0,1,0,0.5051990839665146,10.457621038106852
0,1,20.3,20.3,0,0,1,0,1,0,0,0,1,1,0,1,0,1,0,1,0,1,0,1,0,0,0,1,0,0,0,0.5050915153342554,10.253357761285386
0,5,49.4,232.55,0,0,1,1,1,0,0,0,0,0,1,0,0,0,0,0,0,0,0,0,0,0,0,1,0,0,1,0.50501083371412,24.94753518547753
0,39,40.6,1494.5,0,1,0,0,0,1,0,0,0,0,0,0,0,0,0,0,1,0,0,0,1,0,0,1,0,1,0,0.5049501547624955,20.500976283357318
1,62,104.85,6312.9,0,0,1,0,1,0,1,1,0,0,1,0,0,0,1,0,0,0,1,0,1,1,0,1,0,1,0,0.5046841125154793,52.916129197248
0,37,40.2,1478.85,0,0,0,0,0,1,0,0,0,0,0,0,0,0,1,0,0,0,0,0,1,0,0,1,1,0,0,0.504201907108321,20.268916665754507
0,43,75.2,3198.6,1,1,0,0,1,0,0,1,0,0,1,0,0,0,0,0,0,0,0,0,0,0,0,1,0,1,0,0.5041909013410675,37.91515578084827
0,8,44.65,369.15,0,1,1,1,1,0,0,0,0,0,0,0,0,0,0,0,0,0,0,0,0,0,0,0,0,0,0,0.503881451256672,22.498306798610407
1,66,110.85,7491.75,1,1,1,0,1,0,1,1,0,0,0,0,1,0,1,0,1,0,1,0,1,1,0,1,0,1,0,0.5036680717895118,55.83160575786738
0,1,60.0,60.0,1,0,0,1,1,0,0,0,0,0,1,0,1,0,0,0,1,0,0,0,0,0,0,1,0,1,0,0.5035717794234831,30.214306765408985
0,56,89.7,4952.95,0,1,1,0,1,0,0,1,0,0,0,0,0,0,0,0,0,0,1,0,1,0,0,0,0,0,1,0.5035496876935512,45.16840698611155
0,8,64.1,504.05,0,0,0,0,1,0,0,0,0,0,0,0,0,0,1,0,1,0,0,0,1,0,0,0,0,0,1,0.503275197644542,32.25994016901514
0,28,64.4,1802.15,0,1,1,1,1,0,1,0,0,0,0,0,1,0,0,0,0,0,0,0,1,0,0,0,0,1,0,0.5031387167111143,32.40213335619576
1,18,49.85,865.75,0,0,0,0,1,0,0,0,0,0,0,0,1,0,0,0,0,0,0,0,0,0,0,1,1,0,0,0.5030547749849569,25.077280533000103
0,19,45.0,865.85,0,1,0,0,1,0,0,0,0,0,0,0,0,0,0,0,0,0,0,0,0,0,0,1,0,0,0,0.5029001838882923,22.630508274973153
0,15,48.85,631.4,0,0,0,0,1,0,1,0,0,0,0,0,0,0,0,0,0,0,0,0,0,0,0,0,0,0,1,0.502666281986758,24.55524787505313
0,1,19.75,19.75,0,0,0,0,1,0,0,0,1,1,0,1,0,1,0,1,0,1,0,1,0,0,0,0,0,1,0,0.5026106803653767,9.92656093721619
0,29,25.1,712.85,1,0,0,0,0,1,0,0,0,0,0,0,0,0,0,0,0,0,0,0,0,0,0,1,1,0,0,0.5022584920383196,12.606688150161823
0,1,19.3,19.3,1,0,0,0,1,0,0,0,1,1,0,1,0,1,0,1,0,1,0,1,0,0,0,0,0,1,0,0.5013845371095893,9.676721566215074
0,20,68.9,1370.35,0,0,0,0,1,0,1,0,0,0,0,0,1,0,0,0,1,0,0,0,1,0,0,1,1,0,0,0.5010405715060118,34.521695376764214
0,60,89.9,5450.7,0,1,0,0,1,0,1,1,0,0,0,0,1,0,0,0,0,0,1,0,0,0,0,1,0,0,0,0.5008980528571316,45.03073495185614
1,51,94.0,4905.75,0,1,0,0,1,0,0,1,0,0,0,0,0,0,1,0,0,0,1,0,1,1,0,1,0,0,0,0.5007850302036437,47.07379283914251
0,1,49.05,49.05,0,1,0,0,1,0,0,0,0,0,0,0,0,0,0,0,1,0,0,0,0,0,0,0,0,0,1,0.5007379751213695,24.561197679703174
1,65,100.75,6674.65,0,1,1,0,1,0,1,1,0,0,1,0,0,0,0,0,0,0,1,0,1,1,0,1,0,1,0,0.5007118645394212,50.44672035234668
0,18,50.0,892.7,0,0,0,0,1,0,0,0,0,0,0,0,0,0,1,0,0,0,0,0,0,0,0,1,0,0,1,0.5005761365948559,25.028806829742795
0,14,80.45,1137.05,0,0,1,1,1,0,1,0,0,0,0,0,1,0,0,0,1,0,1,0,1,0,0,0,1,0,0,0.5004265528253024,40.25931617479558
0,1,18.85,18.85,0,0,0,0,1,0,0,0,1,1,0,1,0,1,0,1,0,1,0,1,0,0,0,0,0,1,0,0.5001583772010411,9.427985410239625
0,12,80.85,866.45,1,1,1,0,1,0,0,1,0,0,1,0,0,0,0,0,1,0,0,0,0,0,0,0,0,0,0,0.5000800814662153,40.4314745865435
0,46,80.0,3769.7,0,1,1,1,1,0,1,1,0,0,0,0,1,0,0,0,0,0,0,0,0,0,0,1,0,0,0,0.500071133968312,40.005690717464965
0,33,103.75,3361.05,1,0,1,0,1,0,0,1,0,0,1,0,0,0,1,0,1,0,1,0,1,1,0,1,0,1,0,0.5000687504332191,51.88213285744648
1,60,97.95,5867.0,0,1,1,0,1,0,0,1,0,0,0,0,1,0,1,0,0,0,1,0,1,1,0,1,0,1,0,0.5000558960468974,48.9804750177936
0,1,49.55,49.55,0,0,0,0,1,0,0,0,0,0,1,0,0,0,0,0,0,0,0,0,0,0,0,0,0,0,0,0.4999934116555054,24.77467354753029
0,2,56.7,113.55,1,1,1,1,1,0,1,0,0,0,1,0,0,0,0,0,0,0,0,0,0,0,0,0,0,0,1,0.49981439171327313,28.339476010142587
0,12,75.85,854.45,0,0,0,0,1,0,1,0,0,0,0,0,0,0,0,0,1,0,1,0,1,1,0,1,0,0,1,0.4997960739364078,37.90953220807653
0,26,29.8,786.5,0,0,0,1,0,1,0,0,0,0,0,0,0,0,1,0,0,0,0,0,0,0,0,1,0,0,1,0.49923910569057434,14.877325349579115
0,54,89.4,4869.5,0,1,0,0,1,0,1,1,0,0,0,0,0,0,1,0,0,0,0,0,1,0,0,0,1,0,0,0.49899337645522657,44.61000785509726
0,15,55.7,899.8,1,0,0,0,1,0,1,0,0,0,1,0,0,0,0,0,0,0,0,0,0,0,0,1,0,0,1,0.49873648391503134,27.779622154067248
0,18,49.55,878.35,1,1,1,0,1,0,0,0,0,0,0,0,0,0,1,0,0,0,0,0,0,0,0,1,0,0,1,0.4980750367963284,24.679618073258073
0,55,81.55,4509.5,0,0,0,0,1,0,0,1,0,0,0,0,1,0,1,0,0,0,0,0,0,0,0,1,0,1,0,0.4978372434038648,40.598627199585174
0,56,100.55,5514.95,0,1,1,0,1,0,1,1,0,0,1,0,0,0,0,0,0,0,1,0,1,1,0,1,0,1,0,0.49766999532967204,50.04071803039852
1,58,108.85,6287.25,1,1,1,0,1,0,1,1,0,0,1,0,1,0,1,0,0,0,1,0,1,1,0,1,0,1,0,0.49757542811159633,54.16108534994726
0,10,40.7,449.3,0,0,0,0,0,1,0,0,0,0,1,0,1,0,1,0,0,0,0,0,0,0,0,0,0,0,0,0.4973735076829478,20.24310176269598
0,9,24.1,259.8,1,1,1,0,0,1,0,0,0,0,0,0,0,0,0,0,0,0,0,0,0,1,0,0,0,0,0,0.4970729905992422,11.979459073441738
0,12,43.8,540.95,0,0,0,0,1,0,0,0,0,0,0,0,0,0,0,0,0,0,0,0,0,0,0,0,0,0,0,0.49701523171276424,21.769267149019072
1,41,101.1,4016.2,0,0,0,0,1,0,0,1,0,0,0,0,0,0,1,0,1,0,1,0,1,1,0,1,0,0,0,0.49699513939403567,50.246208592737005
0,31,59.05,1882.8,0,1,1,0,1,0,1,0,0,0,0,0,0,0,0,0,0,0,1,0,0,0,0,1,1,0,0,0.4966265413149199,29.32579726464602
0,1,20.65,20.65,0,0,1,0,1,0,0,0,1,1,0,1,0,1,0,1,0,1,0,1,0,0,0,1,0,0,1,0.49634295816426965,10.249482086092168
1,65,105.25,6786.4,1,0,1,0,1,0,1,1,0,0,1,0,0,0,1,0,0,0,1,0,1,0,0,0,0,0,0,0.49631343073874634,52.23698858525305
0,17,98.6,1704.95,1,0,1,1,1,0,0,1,0,0,0,0,0,0,1,0,1,0,1,0,1,1,0,0,0,0,0,0.4962909361885803,48.93428630819401
0,28,74.9,2068.55,1,1,0,1,1,0,0,1,0,0,1,0,0,0,0,0,0,0,0,0,0,0,0,1,0,0,0,0.49611772357412554,37.159217495702
1,30,91.7,2758.15,1,0,0,0,1,0,1,1,0,0,1,0,1,0,1,0,0,0,0,0,0,0,0,0,1,0,0,0.496039492683559,45.486821479082366
0,1,20.2,20.2,1,0,0,0,1,0,0,0,1,1,0,1,0,1,0,1,0,1,0,1,0,0,0,1,0,0,0,0.4957151669387858,10.013446372163473
0,1,20.65,20.65,0,1,0,0,1,0,0,0,1,1,0,1,0,1,0,1,0,1,0,1,0,0,0,0,0,1,0,0.49565728310910084,10.235322896202932
0,52,94.6,5025.8,0,0,1,0,1,0,1,1,0,0,0,0,1,0,1,0,0,0,1,0,0,0,0,0,0,0,0,0.4955974838011306,46.88352196758695
0,1,20.55,20.55,1,1,0,0,1,0,0,0,1,1,0,1,0,1,0,1,0,1,0,1,0,0,0,0,0,1,0,0.49538482421585117,10.180158137635742
1,22,40.05,880.2,1,1,1,1,0,1,0,0,0,0,1,0,0,0,0,0,0,0,0,0,1,0,0,0,0,0,1,0.4948505280908393,19.81876365003811
0,1,49.0,49.0,0,1,0,0,1,0,0,0,0,0,0,0,0,0,0,0,1,0,0,0,0,0,0,0,1,0,0,0.49482269926942735,24.24631226420194
0,50,105.95,5341.8,1,1,1,1,1,0,1,1,0,0,1,0,0,0,1,0,0,0,1,0,1,0,0,0,1,0,0,0.4939579966881024,52.33484974910445
0,7,75.7,554.05,0,0,1,1,1,0,0,0,0,0,1,0,1,0,1,0,1,0,1,0,0,0,0,1,0,1,0,0.4939452944389038,37.391658789025016
0,12,67.25,832.3,0,1,0,0,1,0,1,0,0,0,1,0,1,0,0,0,1,0,0,0,0,0,0,1,0,1,0,0.49377731100257555,33.2065241649232
0,1,19.95,19.95,1,1,0,0,1,0,0,0,1,1,0,1,0,1,0,1,0,1,0,1,0,0,0,0,0,1,0,0.49375013408011215,9.850315174898236
0,39,55.9,2184.35,1,0,1,0,0,1,0,0,0,0,1,0,0,0,1,0,0,0,1,0,1,0,0,0,0,1,0,0.49370924457425114,27.598346771700637
1,57,55.0,3094.05,0,0,0,0,0,1,0,0,0,0,0,0,1,0,1,0,0,0,1,0,1,0,0,1,0,1,0,0.49341312982775615,27.137722140526588
1,7,64.2,475.0,0,1,1,0,1,0,1,0,0,0,1,0,1,0,0,0,1,0,0,0,0,0,0,0,0,1,0,0.4933946135337587,31.67593418886731
0,53,85.45,4517.25,1,1,0,0,1,0,1,1,0,0,0,0,0,0,0,0,0,0,1,0,0,0,0,0,0,0,0,0.4932806906366779,42.150835014904125
0,68,107.7,7320.9,0,1,1,0,1,0,1,1,0,0,1,0,1,0,0,0,1,0,1,0,1,0,0,1,0,1,0,0.4931975644567908,53.117377691996374
0,1,19.25,19.25,0,0,0,0,1,0,0,0,1,1,0,1,0,1,0,1,0,1,0,1,0,0,0,1,0,0,0,0.4931269277290545,9.4926933587843
0,26,44.65,1156.55,0,1,0,0,0,1,0,0,0,0,1,0,1,0,0,0,0,0,0,0,1,0,0,1,0,0,0,0.4930124393747253,22.013005418081484
0,40,85.05,3355.65,0,1,1,1,1,0,0,1,0,0,0,0,0,0,1,0,0,0,1,0,0,1,0,1,0,1,0,0.4929141550581725,41.92234888769757
0,32,54.2,1739.6,0,0,0,0,1,0,1,0,0,0,0,0,1,0,0,0,0,0,0,0,0,0,0,1,0,1,0,0.492802327881984,26.709886171203536
0,3,64.4,195.65,0,1,0,0,1,0,0,0,0,0,1,0,0,0,0,0,1,0,1,0,0,0,0,1,1,0,0,0.49272514205685375,31.731499148461385
0,2,19.9,57.4,0,0,0,0,1,0,0,0,1,1,0,1,0,1,0,1,0,1,0,1,0,0,0,0,0,1,0,0.4925496494495073,9.801738024045195
0,65,111.05,7107.0,0,0,0,0,1,0,1,1,0,0,1,0,1,0,1,0,0,0,1,0,1,0,0,1,1,0,0,0.4925157890969332,54.69387837921443
0,1,19.45,19.45,0,1,0,0,1,0,0,0,1,1,0,1,0,1,0,1,0,1,0,1,0,0,0,0,0,1,0,0.49238799288685775,9.576946461649383
0,49,93.85,4733.1,0,1,1,0,1,0,1,1,0,0,1,0,1,0,0,0,0,0,1,0,0,0,0,1,0,0,0,0.4923645221965844,46.20841040814944
0,16,79.5,1264.2,0,0,0,1,1,0,1,1,0,0,0,0,0,0,0,0,1,0,0,0,0,1,0,1,1,0,0,0.49232435412068537,39.13978615259449
0,34,44.85,1442.6,0,1,1,1,0,1,0,0,0,0,0,0,0,0,1,0,1,0,1,0,0,0,0,1,0,1,0,0.4920449962757289,22.068218082966442
0,1,19.2,19.2,0,1,0,0,1,0,0,0,1,1,0,1,0,1,0,1,0,1,0,1,0,0,0,0,0,1,0,0.49170696340396514,9.44077369735613
1,56,104.75,5510.65,1,0,0,0,1,0,1,1,0,0,0,0,1,0,1,0,0,0,1,0,1,1,0,1,0,0,0,0.4915958541684516,51.49466572414531
0,13,63.15,816.8,0,0,1,1,1,0,0,0,0,0,1,0,0,0,1,0,0,0,0,0,1,0,0,1,0,0,1,0.4906460179117434,30.984296031126593
0,9,50.85,466.6,0,0,1,0,1,0,0,0,0,0,0,0,1,0,0,0,0,0,0,0,0,0,0,0,0,0,1,0.49030640573037815,24.93208073138973
0,60,103.75,5969.95,0,1,1,1,1,0,1,1,0,0,0,0,1,0,0,0,1,0,1,0,1,0,0,1,0,0,0,0.4902325766255971,50.8616298249057
0,58,94.3,5610.15,0,0,1,0,1,0,1,1,0,0,0,0,1,0,1,0,0,0,0,0,1,1,0,1,0,1,0,0.48985714454681883,46.19352873076502
0,60,109.45,6572.85,0,1,1,0,1,0,1,1,0,0,1,0,0,0,1,0,1,0,1,0,1,0,0,1,0,0,0,0.489718523990999,53.59969245081484
0,9,19.5,178.85,0,0,0,0,1,0,0,0,1,1,0,1,0,1,0,1,0,1,0,1,0,0,0,1,0,1,0,0.48934894449909655,9.542304417732383
0,59,99.5,5961.1,1,1,1,0,1,0,1,1,0,0,0,0,0,0,1,0,0,0,1,0,1,1,0,1,0,0,0,0.48934287135807986,48.68961570012895
1,59,89.75,5496.9,0,0,0,0,1,0,1,1,0,0,1,0,1,0,1,0,0,0,0,0,0,0,0,1,0,1,0,0.4885010417169566,43.84296849409685
0,56,105.35,5794.45,0,1,0,0,1,0,1,1,0,0,1,0,0,0,0,0,1,0,1,0,1,0,0,1,0,0,1,0.4881879058744382,51.430595883872066
0,51,87.35,4473.0,0,1,0,0,1,0,1,1,0,0,0,0,1,0,1,0,1,0,0,0,0,0,0,1,0,1,0,0.48784078753263016,42.612892790975245
0,55,89.8,4959.6,0,0,1,0,1,0,1,1,0,0,1,0,0,0,0,0,0,0,1,0,0,0,0,1,0,0,0,0.48721381422364235,43.75180051728308
0,1,55.05,55.05,0,1,0,0,1,0,0,0,0,0,0,0,0,0,1,0,1,0,0,0,0,0,0,0,0,0,1,0.48681254523380163,26.799030615120778
0,25,54.1,1373.0,0,0,1,0,1,0,1,0,0,0,0,0,1,0,0,0,0,0,0,0,0,0,0,0,0,1,0,0.48661885481017614,26.32608004523053
0,1,20.35,20.35,0,0,0,0,1,0,0,0,1,1,0,1,0,1,0,1,0,1,0,1,0,0,0,1,0,0,1,0.48642463935225577,9.898741410818406
0,1,20.2,20.2,1,1,0,0,1,0,0,0,1,1,0,1,0,1,0,1,0,1,0,1,0,0,0,1,0,0,0,0.4863126255108903,9.823515035319984
0,1,20.3,20.3,1,0,0,0,1,0,0,0,1,1,0,1,0,1,0,1,0,1,0,1,0,0,0,1,0,0,1,0.48628850041152616,9.871656558353981
0,1,20.25,20.25,0,0,0,0,1,0,0,0,1,1,0,1,0,1,0,1,0,1,0,1,0,0,0,1,0,0,1,0.48615236350530694,9.844585360982466
0,1,20.25,20.25,1,0,0,0,1,0,0,0,1,1,0,1,0,1,0,1,0,1,0,1,0,0,0,1,0,0,1,0.48615236350530694,9.844585360982466
0,2,50.95,123.05,0,0,0,0,1,0,0,0,0,0,1,0,0,0,0,0,0,0,0,0,0,0,0,0,0,0,1,0.48606153773424154,24.764835347559607
0,1,20.2,20.2,1,0,0,0,1,0,0,0,1,1,0,1,0,1,0,1,0,1,0,1,0,0,0,1,0,0,1,0.4860162286537673,9.817527818806099
0,1,20.15,20.15,1,0,0,0,1,0,0,0,1,1,0,1,0,1,0,1,0,1,0,1,0,0,0,1,0,0,1,0.48588009587707504,9.790483931923061
0,13,56.0,764.55,0,0,0,1,1,0,0,0,0,0,1,0,1,0,0,0,0,0,0,0,0,0,0,1,0,1,0,0.4858561516323334,27.20794449141067
0,41,81.3,3190.65,0,0,0,0,1,0,1,1,0,0,1,0,0,0,0,0,0,0,0,0,0,0,0,1,1,0,0,0.48570017813906086,39.48742448270565
0,1,51.25,51.25,0,1,0,0,1,0,0,0,0,0,1,0,0,0,0,0,0,0,0,0,0,0,0,0,0,0,1,0.4855212955166305,24.882966395227314
0,11,45.2,492.0,0,1,0,0,1,0,0,0,0,0,0,0,0,0,0,0,0,0,0,0,0,0,0,0,1,0,0,0.48551702799111524,21.94536966519841
0,2,20.7,39.85,0,0,0,0,1,0,0,0,1,1,0,1,0,1,0,1,0,1,0,1,0,0,0,1,0,0,0,0.48532653961191646,10.04625936996667
0,12,34.0,442.45,0,1,0,0,0,1,0,0,0,0,0,0,1,0,0,0,1,0,0,0,0,0,0,0,0,0,1,0.4853033712538184,16.500314622629826
0,1,19.9,19.9,1,0,0,0,1,0,0,0,1,1,0,1,0,1,0,1,0,1,0,1,0,0,0,1,0,0,1,0.4851994638221137,9.655469330060063
0,28,76.55,2065.4,0,1,1,0,1,0,0,1,0,0,0,0,0,0,0,0,1,0,0,0,0,0,0,0,0,0,0,0.4850165521832332,37.1280170696265
0,30,82.05,2570.2,0,1,1,1,1,0,0,1,0,0,0,0,1,0,1,0,0,0,0,0,0,0,0,0,0,0,0,0.48486062667996993,39.78281441909153
0,1,19.65,19.65,0,1,0,0,1,0,0,0,1,1,0,1,0,1,0,1,0,1,0,1,0,0,0,1,0,0,0,0.48481523169852675,9.52661930287605
0,46,74.8,3548.3,0,0,0,0,1,0,0,1,0,0,0,0,0,0,1,0,0,0,0,0,0,0,0,1,1,0,0,0.48476361717066135,36.26031856436547
0,12,78.85,876.75,0,0,1,0,1,0,1,0,0,0,1,0,0,0,1,0,0,0,1,0,1,1,0,0,0,1,0,0.4847623403092494,38.223510533384314
0,1,19.6,19.6,1,0,0,0,1,0,0,0,1,1,0,1,0,1,0,1,0,1,0,1,0,0,0,1,0,0,1,0.48438277804014906,9.493902449586923
0,31,71.05,2168.15,0,1,0,0,1,0,1,0,0,0,0,0,1,0,0,0,1,0,1,0,0,0,0,1,0,1,0,0.48436530889346663,34.414155196880806
0,29,33.75,1009.25,0,1,1,0,0,1,0,0,0,0,0,0,0,0,0,0,0,0,1,0,0,0,0,0,0,0,1,0.4842798527026707,16.344445028715135
0,5,40.0,223.45,1,1,0,0,0,1,0,0,0,0,1,0,0,0,1,0,1,0,0,0,0,0,0,0,0,0,1,0.4842677719530224,19.370710878120896
0,1,19.55,19.55,0,0,0,0,1,0,0,0,1,1,0,1,0,1,0,1,0,1,0,1,0,0,0,1,0,0,1,0.4842466717342614,9.46702243240481
0,37,99.2,3754.6,1,0,1,0,1,0,1,1,0,0,1,0,0,0,1,0,1,0,0,0,1,1,0,1,0,1,0,0.4842178113867115,48.03440688956178
0,1,19.5,19.5,0,0,0,0,1,0,0,0,1,1,0,1,0,1,0,1,0,1,0,1,0,0,0,1,0,0,1,0.48411056776528716,9.4401560714231
0,55,85.5,4713.4,0,1,1,1,1,0,1,1,0,0,0,0,0,0,0,0,0,0,0,0,1,0,0,0,0,0,0,0.4840391994972012,41.3853515570107
0,65,91.85,5940.85,1,1,1,0,1,0,1,1,0,0,0,0,1,0,0,0,0,0,1,0,0,0,0,1,0,0,0,0.4840235210615515,44.4575604095035
0,37,104.5,3778.0,0,1,0,0,1,0,1,1,0,0,0,0,1,0,0,0,1,0,1,0,1,1,0,1,1,0,0,0.4839383545418615,50.57155804962453
0,1,19.4,19.4,0,0,0,0,1,0,0,0,1,1,0,1,0,1,0,1,0,1,0,1,0,0,0,1,0,0,1,0.48383836691867693,9.386464318222332
0,10,21.2,222.65,0,0,0,0,1,0,0,0,1,1,0,1,0,1,0,1,0,1,0,1,0,0,0,1,0,1,0,0.48383689094116783,10.257342087952757
0,7,64.3,445.95,0,1,0,0,1,0,0,0,0,0,0,0,0,0,1,0,1,0,1,0,0,0,0,0,0,0,0,0.4837184087056142,31.103093679770993
0,6,55.7,335.65,0,1,0,0,1,0,0,0,0,0,1,0,1,0,0,0,0,0,0,0,0,0,0,1,0,0,0,0.4835907333374848,26.936003846897904
0,56,98.0,5270.6,0,0,1,0,1,0,1,1,0,0,1,0,0,0,0,0,0,0,1,0,1,1,0,1,0,1,0,0.4832037654389749,47.353969013019544
0,53,91.15,4862.5,0,0,1,0,1,0,1,1,0,0,0,0,0,0,0,0,1,0,0,0,1,1,0,1,0,1,0,0.48309780746666325,44.03436515058636
0,1,19.1,19.1,1,0,0,0,1,0,0,0,1,1,0,1,0,1,0,1,0,1,0,1,0,0,0,1,0,0,1,0.48302182256003984,9.225716810896762
0,10,51.65,524.5,0,1,0,0,1,0,0,0,0,0,1,0,0,0,0,0,0,0,0,0,0,0,0,1,0,0,1,0.4828860784112544,24.94106594994129
1,58,97.8,5458.8,0,0,1,0,1,0,1,1,0,0,0,0,1,0,0,0,0,0,1,0,1,1,0,1,0,0,0,0.4827103258196784,47.209069865164544
0,32,109.55,3608.0,0,0,0,0,1,0,1,1,0,0,1,0,0,0,1,0,1,0,1,0,1,1,0,1,0,0,0,0.48250781771871526,52.85873143108525
0,4,50.05,179.35,1,1,1,0,1,0,0,0,0,0,0,0,0,0,0,0,1,0,0,0,0,0,0,0,0,0,1,0.48233958682821304,24.141096320752062
0,29,89.65,2623.65,0,1,0,0,1,0,0,1,0,0,0,0,1,0,0,0,1,0,1,0,0,0,0,0,0,0,1,0.4819220667773308,43.204313286587706
1,29,35.65,1025.15,0,0,1,1,0,1,0,0,0,0,0,0,1,0,1,0,0,0,0,0,0,0,0,1,0,0,1,0.4815695477682196,17.16795437793703
0,50,99.4,5059.75,0,1,1,0,1,0,1,1,0,0,0,0,0,0,0,0,1,0,1,0,1,1,0,0,0,1,0,0.48151637812737286,47.862727985860865
1,61,104.4,6405.0,1,0,1,0,1,0,1,1,0,0,0,0,1,0,1,0,0,0,1,0,1,1,0,1,1,0,0,0.48143681335430216,50.26200331418915
0,3,20.2,65.95,0,0,0,0,1,0,0,0,1,1,0,1,0,1,0,1,0,1,0,1,0,0,0,0,0,1,0,0.48085757384435956,9.713322991656064
0,21,61.65,1393.6,0,1,0,0,1,0,0,0,0,0,0,0,0,0,1,0,0,0,0,0,1,0,0,0,0,0,1,0.4801325095597618,29.600169214359312
0,7,61.4,438.9,0,0,0,0,1,0,0,0,0,0,1,0,1,0,1,0,0,0,0,0,0,0,0,0,0,1,0,0.48011126766495715,29.47883183462837
0,25,74.3,1952.25,0,1,0,0,1,0,0,1,0,0,1,0,0,0,0,0,0,0,0,0,0,0,0,0,0,0,0,0.4800953269741986,35.67108279418296
0,53,92.55,4779.45,0,1,1,1,1,0,0,1,0,0,0,0,1,0,0,0,1,0,1,0,0,0,0,1,0,1,0,0.47980535113427286,44.40598524747695
0,42,99.0,4298.45,0,1,0,0,1,0,1,1,0,0,1,0,1,0,1,0,0,0,0,0,1,1,0,1,0,1,0,0.4795925964767826,47.479667051201474
0,23,78.55,1843.05,0,0,0,0,1,0,1,0,0,0,1,0,0,0,1,0,0,0,1,0,1,1,0,1,0,1,0,0.4794987536295432,37.664627097600615
1,44,109.8,4860.35,0,0,0,0,1,0,1,1,0,0,1,0,1,0,1,0,0,0,1,0,1,1,0,1,1,0,0,0.47921545905416196,52.61785740414698
0,3,19.75,58.85,1,0,0,0,1,0,0,0,1,1,0,1,0,1,0,1,0,1,0,1,0,0,0,0,0,1,0,0.4791685016764073,9.463577908109045
0,3,19.55,61.05,0,0,0,0,1,0,0,0,1,1,0,1,0,1,0,1,0,1,0,1,0,0,0,0,0,1,0,0.47879224731594305,9.360388435026687
0,4,20.15,91.4,0,0,1,0,1,0,0,0,1,1,0,1,0,1,0,1,0,1,0,1,0,0,0,0,0,1,0,0.47851881989955986,9.642154220976131
0,7,35.5,249.55,0,1,0,0,0,1,0,0,0,0,0,0,0,0,1,0,1,0,0,0,0,1,0,1,1,0,0,0.47826991846773736,16.978582105604676
0,7,81.25,580.1,0,0,1,0,1,0,0,0,0,0,1,0,0,0,1,0,1,0,1,0,1,0,0,0,0,0,0,0.47796050761678055,38.83429124386342
1,59,50.25,2997.45,0,1,1,0,0,1,0,0,0,0,0,0,1,0,0,0,0,0,1,0,1,0,0,1,0,1,0,0.47783706530428355,24.01131253154025
0,16,84.9,1398.25,0,1,1,1,1,0,1,0,0,0,1,0,1,0,0,0,1,0,1,0,1,0,0,0,0,1,0,0.47764174079428207,40.55178379343455
0,57,86.9,4939.25,0,1,0,0,1,0,1,1,0,0,0,0,0,0,0,0,0,0,1,0,0,1,0,1,0,1,0,0.47760605430869435,41.50396611942554
0,21,36.0,780.15,0,1,0,0,0,1,0,0,0,0,0,0,1,0,0,0,1,0,0,0,0,0,0,1,0,0,1,0.4774334700179994,17.187604920647978
0,1,20.45,20.45,0,1,0,0,1,0,0,0,1,1,0,1,0,1,0,1,0,1,0,1,0,0,0,1,0,0,1,0.4773035339541293,9.760857269361944
0,1,20.45,20.45,0,1,0,0,1,0,0,0,1,1,0,1,0,1,0,1,0,1,0,1,0,0,0,1,0,0,1,0.4773035339541293,9.760857269361944
0,1,20.0,20.0,0,0,1,1,1,0,0,0,1,1,0,1,0,1,0,1,0,1,0,1,0,0,0,0,0,1,0,0.4769688969512062,9.539377939024124
0,23,83.2,2032.3,0,0,0,0,1,0,0,1,0,0,0,0,1,0,1,0,1,0,0,0,0,0,0,0,0,0,0,0.47695931989052676,39.68301541489183
0,1,70.45,70.45,0,1,0,1,1,0,0,0,0,0,1,0,1,0,0,0,1,0,0,0,1,0,0,1,0,0,0,0.47677493993744635,33.5887945185931
0,1,20.25,20.25,0,1,0,0,1,0,0,0,1,1,0,1,0,1,0,1,0,1,0,1,0,0,0,1,0,0,1,0.4767597224478346,9.65438437956865
0,1,20.2,20.2,1,1,0,0,1,0,0,0,1,1,0,1,0,1,0,1,0,1,0,1,0,0,0,1,0,0,1,0.4766237781299375,9.627800318224738
0,1,20.2,20.2,1,1,0,0,1,0,0,0,1,1,0,1,0,1,0,1,0,1,0,1,0,0,0,1,0,0,1,0.4766237781299375,9.627800318224738
0,17,65.75,1111.2,0,1,0,0,1,0,1,0,0,0,1,0,0,0,0,0,0,0,0,0,1,0,0,0,0,0,0,0.47658037373895423,31.33515957333624
0,1,55.7,55.7,0,1,1,0,1,0,0,0,0,0,1,0,0,0,1,0,0,0,0,0,0,0,0,0,0,0,1,0.4764868096310921,26.54031529645183
0,1,20.1,20.1,1,1,0,0,1,0,0,0,1,1,0,1,0,1,0,1,0,1,0,1,0,0,0,1,0,0,1,0.47635189990494714,9.574673188089438
0,1,20.1,20.1,1,1,0,0,1,0,0,0,1,1,0,1,0,1,0,1,0,1,0,1,0,0,0,1,0,0,1,0.47635189990494714,9.574673188089438
0,35,80.05,2835.9,0,0,0,0,1,0,1,1,0,0,0,0,0,0,0,0,1,0,0,0,0,0,0,0,1,0,0,0.47631971723866057,38.12939336495478
0,34,78.95,2647.2,0,1,1,1,1,0,0,1,0,0,0,0,0,0,0,0,0,0,0,0,1,1,0,1,0,0,0,0.4762548626179372,37.600321403686145
0,1,20.05,20.05,0,1,0,0,1,0,0,0,1,1,0,1,0,1,0,1,0,1,0,1,0,0,0,1,0,0,1,0.4762159660379576,9.548130119061051
0,67,89.55,6373.1,0,1,1,1,1,0,1,1,0,0,0,0,1,0,0,0,0,0,0,0,1,0,0,1,0,0,0,0.47597820617313463,42.6238483628042
0,1,19.9,19.9,0,1,0,0,1,0,0,0,1,1,0,1,0,1,0,1,0,1,0,1,0,0,0,1,0,0,1,0.4758081856595911,9.468582894625863
0,51,111.55,5720.35,0,1,1,0,1,0,1,1,0,0,1,0,0,0,1,0,1,0,1,0,1,1,0,1,0,1,0,0.47575494433051174,53.070464040068586
0,1,19.45,19.45,0,0,1,1,1,0,0,0,1,1,0,1,0,1,0,1,0,1,0,1,0,0,0,0,0,1,0,0.4754736433728213,9.247962363601374
0,1,19.75,19.75,0,1,0,0,1,0,0,0,1,1,0,1,0,1,0,1,0,1,0,1,0,0,0,1,0,0,1,0.4754004375360421,9.38915864133683
0,45,100.3,4483.95,0,0,0,0,1,0,0,1,0,0,1,0,1,0,0,0,0,0,1,0,1,1,0,1,0,1,0,0.47538409629918166,47.681024858807916
1,2,54.85,104.2,1,0,0,0,1,0,0,0,0,0,1,0,1,0,0,0,0,0,0,0,0,0,0,0,0,0,1,0.4753774601983481,26.074453691879395
0,2,20.45,42.45,0,0,0,0,1,0,0,0,1,1,0,1,0,1,0,1,0,1,0,1,0,0,0,1,0,0,1,0.47515866022763587,9.716994601655154
0,1,19.6,19.6,1,1,0,0,1,0,0,0,1,1,0,1,0,1,0,1,0,1,0,1,0,0,0,1,0,0,1,0.47499272220834265,9.309857355283517
1,12,79.2,943.85,0,0,1,0,1,0,0,0,0,0,1,0,0,0,1,0,1,0,1,0,1,1,0,1,0,1,0,0.47498747966409915,37.619008389396654
0,1,19.25,19.25,0,0,1,1,1,0,0,0,1,1,0,1,0,1,0,1,0,1,0,1,0,0,0,0,0,1,0,0.47493002239163107,9.142402931038898
0,2,20.55,33.6,0,0,0,0,1,0,0,0,1,1,0,1,0,1,0,1,0,1,0,1,0,0,0,1,0,0,1,0.47480537474056134,9.757250450918535
0,26,35.75,1022.5,0,1,0,0,0,1,0,0,0,0,0,0,0,0,1,0,1,0,0,0,0,0,0,0,0,1,0,0.4747218328650094,16.971305524924087
0,1,19.5,19.5,0,1,0,0,1,0,0,0,1,1,0,1,0,1,0,1,0,1,0,1,0,0,0,1,0,0,1,0.4747209304768903,9.25705814429936
0,19,49.6,962.9,0,0,1,1,1,0,0,0,0,0,0,0,0,0,1,0,0,0,0,0,0,0,0,1,0,0,0,0.47471819386676467,23.54602241579153
0,1,19.3,19.3,1,1,0,0,1,0,0,0,1,1,0,1,0,1,0,1,0,1,0,1,0,0,0,1,0,0,1,0.4741773921037456,9.15162366760229
0,2,20.05,39.25,0,0,0,0,1,0,0,0,1,1,0,1,0,1,0,1,0,1,0,1,0,0,0,1,0,0,1,0.47387603028513253,9.501214407216908
0,2,20.0,40.9,0,0,0,0,1,0,0,0,1,1,0,1,0,1,0,1,0,1,0,1,0,0,0,1,0,0,1,0.4738588659739116,9.477177319478232
1,21,64.95,1339.8,0,1,1,0,1,0,0,0,0,0,1,0,1,0,0,0,0,0,0,0,1,0,0,1,0,0,0,0.47358253305883896,30.75918552217159
0,57,95.0,5535.8,0,0,1,1,1,0,0,1,0,0,0,0,1,0,0,0,0,0,1,0,1,1,0,1,0,1,0,0.47341151723432384,44.974094137260764
1,40,99.2,4062.2,1,0,1,0,1,0,0,1,0,0,0,0,1,0,0,0,1,0,1,0,1,1,0,1,1,0,0,0.4732829287039027,46.94966652742715
0,59,93.35,5386.5,0,0,1,0,1,0,1,1,0,0,0,0,0,0,1,0,1,0,1,0,0,0,0,0,0,1,0,0.4732273627561783,44.175774313289246
0,63,96.0,6109.75,0,0,1,0,1,0,0,1,0,0,0,0,1,0,0,0,0,0,1,0,1,1,0,1,0,1,0,0.47312110790098655,45.41962635849471
0,19,59.55,1144.6,0,1,0,0,1,0,1,0,0,0,0,0,0,0,1,0,1,0,0,0,0,0,0,0,0,1,0,0.47309614590080273,28.1728754883928
0,1,18.85,18.85,1,1,0,0,1,0,0,0,1,1,0,1,0,1,0,1,0,1,0,1,0,0,0,1,0,0,1,0.4729546564313313,8.915195273730594
0,43,94.35,3921.3,0,1,0,0,1,0,1,1,0,0,0,0,0,0,0,0,0,0,1,0,1,1,0,0,0,0,1,0.47285278908146755,44.61366064983646
0,49,90.4,4494.65,0,1,1,1,1,0,0,1,0,0,0,0,1,0,1,0,0,0,1,0,0,0,0,1,1,0,0,0.4723693223618297,42.70218674150941
0,15,59.65,867.1,0,1,1,1,1,0,1,0,0,0,0,0,0,0,1,0,1,0,0,0,0,0,0,1,0,0,0,0.4718583933665833,28.146353164316693
0,45,81.4,3775.85,0,1,1,0,1,0,1,1,0,0,0,0,1,0,0,0,0,0,0,0,0,0,0,0,0,0,0,0.47175961538221767,38.40123269211252
0,54,105.2,5637.85,0,1,1,1,1,0,1,1,0,0,0,0,1,0,0,0,1,0,1,0,1,1,0,1,0,1,0,0.4717038167703153,49.62324152423717
0,23,30.35,678.75,0,1,1,1,0,1,0,0,0,0,0,0,0,0,0,0,1,0,0,0,0,0,0,1,0,0,0,0.4714312855020965,14.30793951498863
0,28,59.55,1646.45,0,0,0,0,1,0,0,0,0,0,0,0,0,0,1,0,0,0,1,0,0,0,0,1,0,0,0,0.47132905351982357,28.067645137105494
0,3,19.9,45.75,0,0,1,0,1,0,0,0,1,1,0,1,0,1,0,1,0,1,0,1,0,0,0,1,0,0,1,0.46995353870907014,9.352075420310495
0,3,19.6,55.25,0,0,1,0,1,0,0,0,1,1,0,1,0,1,0,1,0,1,0,1,0,0,0,1,0,0,1,0.4698227400348861,9.208525704683769
1,42,74.15,3229.4,1,0,1,0,1,0,0,1,0,0,1,0,0,0,0,0,0,0,0,0,0,0,0,1,1,0,0,0.46974693016667285,34.83173487185879
0,4,42.4,146.4,0,1,0,0,0,1,0,0,0,0,1,0,1,0,0,0,1,0,0,0,0,0,0,0,0,0,1,0.4697395085881819,19.916955164138912
0,1,19.75,19.75,0,1,0,0,1,0,0,0,1,1,0,1,0,1,0,1,0,1,0,1,0,0,0,1,1,0,0,0.46963873846061077,9.275365084597063
0,31,89.3,2823.0,0,1,1,1,1,0,1,1,0,0,1,0,0,0,1,0,1,0,0,0,0,0,0,0,0,1,0,0.46905233269301005,41.8863733094858
0,53,93.45,4872.2,0,0,1,0,1,0,0,1,0,0,0,0,0,0,0,0,1,0,1,0,1,1,0,1,0,1,0,0.468865124920624,43.815445923832314
0,70,106.5,7397.0,0,0,1,1,1,0,1,1,0,0,0,0,1,0,1,0,0,0,1,0,1,1,0,1,0,1,0,0.4686503291795654,49.911260057623714
0,32,90.8,3023.85,0,1,1,1,1,0,0,1,0,0,1,0,1,0,0,0,0,0,0,0,1,1,0,1,0,1,0,0.4686054813407128,42.54937770573672
1,67,105.6,7112.15,0,0,1,0,1,0,1,1,0,0,1,0,1,0,0,0,0,0,1,0,1,1,0,1,0,1,0,0.4685654313513457,49.4805095507021
0,11,64.05,733.95,0,0,0,0,1,0,0,0,0,0,1,0,0,0,1,0,0,0,0,0,1,0,0,0,0,0,0,0.468480556402104,30.00617963755476
0,15,26.35,378.6,0,1,0,0,1,0,1,0,1,1,0,1,0,1,0,1,0,1,0,1,0,0,0,1,0,1,0,0.4684805062422487,12.344461339483253
0,22,75.0,1573.95,0,1,1,1,1,0,0,1,0,0,1,0,0,0,0,0,0,0,0,0,0,0,0,0,0,0,0,0.4684462644085939,35.13346983064454
0,8,51.3,411.6,0,1,1,1,1,0,0,0,0,0,1,0,0,0,0,0,0,0,0,0,0,0,0,1,1,0,0,0.46816181728063616,24.016701226496632
0,13,73.35,931.55,0,1,0,0,1,0,0,0,0,0,0,0,1,0,0,0,1,0,1,0,1,0,0,0,0,0,1,0.46813914832324977,34.338006529510366
0,13,50.55,610.75,0,1,0,0,1,0,0,0,0,0,0,0,0,0,0,0,1,0,0,0,0,0,0,1,0,0,1,0.4679694206000315,23.65585421133159
0,22,51.1,1232.9,0,1,1,1,1,0,0,0,0,0,0,0,0,0,0,0,1,0,0,0,0,0,0,1,0,1,0,0.46764166078809233,23.89648886627152
0,67,105.4,6989.45,0,1,1,1,1,0,1,1,0,0,0,0,1,0,1,0,0,0,1,0,1,1,0,1,0,1,0,0.4670831422879536,49.23056319715031
0,30,51.2,1561.5,1,0,1,1,0,1,0,0,0,0,0,0,0,0,0,0,1,0,1,0,1,0,0,0,1,0,0,0.4669505376249779,23.90786752639887
0,1,19.75,19.75,0,1,1,1,1,0,0,0,1,1,0,1,0,1,0,1,0,1,0,1,0,0,0,0,0,1,0,0.46691394772609507,9.221550467590378
0,5,54.2,308.25,1,0,0,0,1,0,0,0,0,0,1,0,0,0,0,0,1,0,0,0,0,0,0,0,0,1,0,0.46654716943844093,25.286856583563498
0,1,54.5,54.5,0,0,0,1,1,0,0,0,0,0,1,0,0,0,0,0,1,0,0,0,0,0,0,0,0,1,0,0.4665173098597218,25.425193387354838
0,18,55.95,1082.8,0,0,1,1,1,0,0,0,0,0,0,0,0,0,0,0,0,0,1,0,0,0,0,0,0,0,1,0.46649234967864345,26.100246964520103
0,50,108.25,5431.4,0,1,1,1,1,0,1,1,0,0,1,0,1,0,1,0,0,0,1,0,1,1,0,1,0,1,0,0.4662582253085346,50.47245288964887
0,61,89.2,5500.6,0,0,0,0,1,0,1,1,0,0,0,0,0,0,1,0,0,0,0,0,1,0,0,0,0,0,1,0.46621506276518804,41.58638359865478
0,44,106.05,4510.8,0,1,0,0,1,0,0,1,0,0,1,0,1,0,1,0,0,0,1,0,1,1,0,1,0,1,0,0.4659746289864832,49.41660940401654
0,28,100.35,2799.0,0,1,1,1,1,0,0,1,0,0,0,0,1,0,1,0,0,0,1,0,1,1,0,0,0,0,0,0.465940965183809,46.75717585619523
0,22,49.8,1049.05,0,0,0,0,1,0,0,0,0,0,1,0,0,0,0,0,0,0,0,0,0,0,0,1,0,1,0,0.46585559635458895,23.19960869845853
0,9,68.25,576.95,0,1,0,0,1,0,0,0,0,0,1,0,0,0,1,0,1,0,0,0,1,0,0,1,0,0,0,0.46574354987847943,31.786997279206222
0,5,25.9,135.0,1,1,1,1,1,0,1,0,1,1,0,1,0,1,0,1,0,1,0,1,0,0,0,1,0,0,0,0.46571194128844406,12.061939279370701
0,72,104.95,7544.3,0,1,0,0,1,0,1,1,0,0,0,0,1,0,1,0,0,0,1,0,1,1,0,1,0,1,0,0.4656036824248364,48.86510647048658
0,56,73.85,4092.85,1,0,0,0,1,0,0,1,0,0,0,0,1,0,0,0,0,0,0,0,0,0,0,1,0,1,0,0.4654591924857111,34.37416136506976
0,41,51.35,2075.1,0,1,0,0,0,1,0,0,0,0,0,0,0,0,1,0,0,0,1,0,1,1,0,1,0,1,0,0.4654175237152802,23.89918984277964
0,61,96.5,5673.7,0,1,1,0,1,0,1,1,0,0,0,0,0,0,0,0,0,0,1,0,1,1,0,1,0,0,0,0.46539478559952446,44.91059681035411
0,44,94.4,4295.35,0,0,1,1,1,0,1,1,0,0,0,0,1,0,1,0,0,0,0,0,1,1,0,0,0,1,0,0.46499187013634274,43.89523254087076
0,7,25.05,152.95,0,1,0,0,1,0,1,0,1,1,0,1,0,1,0,1,0,1,0,1,0,0,0,1,0,0,0,0.46486366656662587,11.644834847493978
0,4,25.45,84.2,0,0,0,1,1,0,1,0,1,1,0,1,0,1,0,1,0,1,0,1,0,0,0,1,0,0,1,0.4646607344068615,11.825615690654626
0,21,43.55,1011.5,0,1,0,0,0,1,0,0,0,0,1,0,0,0,0,0,1,0,1,0,0,0,0,1,0,0,1,0.46454385939184195,20.230885076514717
0,25,54.2,1423.15,0,0,0,0,0,1,0,0,0,0,0,0,0,0,1,0,1,0,1,0,1,1,0,0,0,1,0,0.46453261745896524,25.177667866275918
0,30,49.9,1441.95,0,1,1,0,1,0,1,0,0,0,0,0,0,0,0,0,0,0,0,0,0,0,0,0,0,1,0,0.4643780517834612,23.172464783994712
0,60,94.4,5610.25,1,1,1,0,1,0,0,1,0,0,0,0,1,0,0,0,0,0,1,0,1,1,0,1,0,1,0,0.4638193640490933,43.78454796623441
0,2,54.45,87.3,0,1,0,0,1,0,0,0,0,0,1,0,0,0,0,0,1,0,0,0,0,0,0,1,0,0,1,0.46381169009544776,25.254546525697133
1,9,49.2,447.9,0,1,0,0,1,0,0,0,0,0,0,0,0,0,0,0,1,0,0,0,0,0,0,0,0,0,1,0.46353544117063583,22.805943705595283
0,63,100.55,6215.35,1,0,1,1,1,0,1,1,0,0,1,0,1,0,1,0,0,0,1,0,0,0,0,1,0,1,0,0.46349061235319766,46.603981072114024
0,56,109.6,5953.0,0,0,1,1,1,0,1,1,0,0,1,0,0,0,1,0,1,0,1,0,1,0,0,1,0,0,1,0.4634244306340929,50.79131759749658
0,2,19.65,38.8,0,1,0,0,1,0,0,0,1,1,0,1,0,1,0,1,0,1,0,1,0,0,0,1,0,0,1,0.4634184211192315,9.106171974992899
0,31,90.55,2929.75,0,1,1,0,1,0,1,1,0,0,1,0,1,0,0,0,1,0,0,0,0,0,0,1,1,0,0,0.46308006880364005,41.9319002301696
0,53,94.85,5000.2,1,0,1,0,1,0,0,1,0,0,0,0,0,0,1,0,0,0,1,0,1,1,0,1,0,0,0,0.46286546894272107,43.90278972921709
1,71,105.1,7548.1,1,1,1,1,1,0,1,1,0,0,1,0,1,0,0,0,0,0,1,0,1,0,0,1,1,0,0,0.4628047779151862,48.64078215888607
1,43,109.55,4830.25,1,0,1,0,1,0,1,1,0,0,1,0,0,0,1,0,1,0,1,0,1,1,0,1,0,0,1,0.46267049550479955,50.685552782550786
0,47,90.05,4137.2,0,1,1,1,1,0,0,1,0,0,1,0,0,0,1,0,0,0,0,0,1,0,0,0,0,1,0,0.462641704293927,41.660885471668124
0,21,79.2,1742.45,0,0,1,0,1,0,0,1,0,0,0,0,0,0,1,0,1,0,0,0,0,1,0,0,0,1,0,0.4625753018253878,36.635963904570715
0,21,54.6,1125.2,0,1,1,0,1,0,0,0,0,0,0,0,0,0,0,0,0,0,1,0,0,0,0,0,0,0,0,0.4623503967219847,25.244331661020365
0,12,35.5,432.25,0,1,1,1,0,1,0,0,0,0,0,0,1,0,0,0,1,0,0,0,0,0,0,0,0,0,1,0.4622995206646148,16.411632983593826
0,3,20.0,61.7,0,0,0,0,1,0,0,0,1,1,0,1,0,1,0,1,0,1,0,1,0,0,0,1,0,0,1,0.4622672712688118,9.245345425376236
0,3,19.6,59.75,1,0,0,0,1,0,0,0,1,1,0,1,0,1,0,1,0,1,0,1,0,0,0,1,0,0,1,0.4610758647162863,9.037086948439212
0,5,24.3,132.25,0,0,1,1,1,0,1,0,1,1,0,1,0,1,0,1,0,1,0,1,0,0,0,1,0,0,1,0.4610005830126809,11.202314167208145
1,60,80.95,4859.1,0,1,1,1,1,0,1,1,0,0,1,0,0,0,0,0,0,0,0,0,0,0,0,1,0,1,0,0.4609061852148376,37.310355693141105
0,1,20.5,20.5,1,0,1,1,1,0,0,0,1,1,0,1,0,1,0,1,0,1,0,1,0,0,0,1,0,0,1,0.4605727312199226,9.441740990008412
1,15,55.0,757.1,1,0,0,0,1,0,1,0,0,0,0,0,0,0,0,0,1,0,0,0,0,0,0,0,1,0,0,0.4605523954436322,25.33038174939977
0,43,104.6,4759.85,1,0,0,0,1,0,1,1,0,0,0,0,1,0,1,0,0,0,1,0,1,0,1,1,0,1,0,0.46052399987091164,48.17081038649736
0,19,61.55,1093.2,0,1,0,0,1,0,0,0,0,0,0,0,0,0,0,0,1,0,1,0,0,0,0,1,1,0,0,0.4604854801332202,28.342881302199704
1,55,90.45,5044.8,0,0,1,0,1,0,1,1,0,0,0,0,1,0,1,0,1,0,0,0,0,0,0,0,0,1,0,0.4604603459430509,41.64863829054896
0,56,86.4,4922.4,0,1,0,0,1,0,1,1,0,0,1,0,1,0,0,0,0,0,0,0,0,0,0,1,0,1,0,0.4604470236732918,39.782622845372416
0,59,106.75,6252.9,1,1,1,0,1,0,1,1,0,0,1,0,1,0,1,0,1,0,1,0,0,0,0,1,0,1,0,0.46029882017142654,49.136899053299786
0,18,60.6,1156.35,0,0,0,0,1,0,1,0,0,0,1,0,0,0,1,0,0,0,0,0,0,0,0,1,0,0,1,0.4602268096612806,27.889744665473604
0,59,110.15,6448.05,1,1,1,0,1,0,1,1,0,0,1,0,1,0,1,0,0,0,1,0,1,1,0,1,0,1,0,0.4600986248684807,50.67986352926315
1,8,19.65,164.3,1,0,0,0,1,0,0,0,1,1,0,1,0,1,0,1,0,1,0,1,0,0,0,0,0,1,0,0.4600555443976493,9.040091447413808
0,1,20.15,20.15,0,1,1,1,1,0,0,0,1,1,0,1,0,1,0,1,0,1,0,1,0,0,0,1,0,0,0,0.45991982617982363,9.267384497523446
0,12,59.8,727.8,1,1,0,0,1,0,0,0,0,0,0,0,0,0,0,0,1,0,1,0,0,1,0,1,0,1,0,0.45968361142667435,27.489079963315124
0,52,93.25,4631.7,0,1,1,1,1,0,1,1,0,0,0,0,1,0,0,0,1,0,0,0,1,0,0,1,0,0,0,0.45966127006816393,42.86341343385629
0,41,109.1,4454.25,0,0,1,1,1,0,1,1,0,0,0,0,1,0,1,0,1,0,1,0,1,1,0,1,0,0,0,0.45947007539021756,50.128185225072734
0,1,51.2,51.2,0,0,0,1,1,0,0,0,0,0,1,0,0,0,0,0,0,0,0,0,0,0,0,0,0,0,1,0.45943276491036245,23.522957563410557
0,71,93.25,6669.45,0,1,1,0,1,0,1,1,0,0,0,0,1,0,1,0,0,0,0,0,1,0,0,1,0,0,0,0.4594038077215415,42.83940507003374
0,72,101.35,7323.15,0,0,1,0,1,0,1,1,0,0,0,0,1,0,1,0,0,0,1,0,1,1,0,1,0,1,0,0.4591092776452482,46.5307252893459
0,58,107.75,6332.75,0,0,0,0,1,0,1,1,0,0,1,0,1,0,1,0,0,0,1,0,1,1,0,1,0,1,0,0.4590586753354047,49.46357226738986
0,54,79.85,4308.25,0,1,0,0,1,0,1,1,0,0,0,0,1,0,0,0,0,0,0,0,0,0,0,1,0,0,0,0.4590441614762971,36.654676293882325
1,65,103.15,6792.45,0,1,1,0,1,0,1,1,0,0,0,0,1,0,1,0,0,0,1,0,1,1,0,1,0,0,0,0.45902200189607356,47.348119495579994
0,7,34.65,246.6,0,0,1,1,0,1,0,0,0,0,1,0,0,0,0,0,1,0,0,0,0,0,0,0,0,0,1,0.4589250565757247,15.90175321034886
0,59,44.3,2666.75,0,1,1,0,0,1,0,0,0,0,0,0,0,0,0,0,0,0,1,0,1,0,0,1,0,1,0,0.4587004460454363,20.32042975981283
0,18,45.65,747.2,0,1,0,1,1,0,0,0,0,0,0,0,0,0,0,0,0,0,0,0,0,0,0,1,1,0,0,0.45858421223506945,20.93436928853092
0,23,59.95,1406.0,0,1,1,0,1,0,0,0,0,0,1,0,0,0,0,0,0,0,0,0,1,0,0,1,0,0,0,0.4585567122698746,27.490474900578985
0,18,68.35,1299.8,0,1,0,0,1,0,0,0,0,0,1,0,0,0,1,0,1,0,1,0,0,0,0,1,0,1,0,0.45853090461633,31.34058733052615
0,31,87.6,2724.25,0,0,0,0,1,0,0,1,0,0,1,0,0,0,1,0,1,0,0,0,0,0,0,0,0,1,0,0.4585243313807184,40.16673142895093
0,30,110.45,3327.05,0,0,0,0,1,0,1,1,0,0,0,0,1,0,1,0,1,0,1,0,1,1,0,0,1,0,0,0.4580255914267485,50.58892657308437
0,2,19.9,33.7,0,1,0,0,1,0,0,0,1,1,0,1,0,1,0,1,0,1,0,1,0,0,0,1,1,0,0,0.4579796770476983,9.113795573249195
0,1,19.4,19.4,0,0,1,1,1,0,0,0,1,1,0,1,0,1,0,1,0,1,0,1,0,0,0,1,0,0,1,0.45759552304650647,8.877353147102225
0,26,78.95,2034.25,0,1,1,1,1,0,0,1,0,0,0,0,0,0,0,0,0,0,0,0,1,1,0,0,0,0,0,0.45716466382773135,36.09315020919939
0,3,20.55,51.15,1,1,1,0,1,0,0,0,1,1,0,1,0,1,0,1,0,1,0,1,0,0,0,1,1,0,0,0.45694282947433384,9.39017514569756
0,56,99.8,5515.45,0,0,1,1,1,0,1,1,0,0,0,0,0,0,1,0,0,0,1,0,1,1,0,1,1,0,0,0.45681106622446527,45.589744409201636
0,1,19.0,19.0,0,0,1,1,1,0,0,0,1,1,0,1,0,1,0,1,0,1,0,1,0,0,0,1,0,0,1,0.4565136410440962,8.673759179837827
1,68,84.65,5683.6,0,1,1,1,1,0,1,1,0,0,0,0,1,0,1,0,0,0,0,0,0,0,0,1,0,1,0,0.4564694501304239,38.64013895354039
0,15,58.6,939.7,1,1,0,0,1,0,1,0,0,0,0,0,1,0,0,0,1,0,0,0,0,0,0,1,1,0,0,0.4564597624099927,26.748542077225572
0,1,49.9,49.9,0,0,0,1,1,0,0,0,0,0,1,0,0,0,0,0,0,0,0,0,0,0,0,0,0,0,1,0.4559159132108075,22.750204069219294
0,18,83.25,1611.15,0,1,1,1,1,0,0,0,0,0,1,0,0,0,1,0,1,0,1,0,1,0,0,0,0,1,0,0.45580772133247,37.945992800928124
1,62,89.1,5618.3,0,1,1,0,1,0,1,1,0,0,1,0,1,0,1,0,0,0,0,0,0,0,0,1,0,1,0,0.4557995426928843,40.61173925393599
0,44,84.8,3626.35,0,1,1,0,1,0,1,1,0,0,1,0,0,0,1,0,0,0,0,0,0,0,0,1,1,0,0,0.45574366428604707,38.64706273145679
0,49,93.65,4520.15,0,1,1,1,1,0,1,1,0,0,0,0,1,0,1,0,0,0,1,0,0,1,0,1,0,1,0,0.4555255994972339,42.65997239291596
0,41,70.25,2868.05,1,0,0,0,1,0,0,1,0,0,0,0,0,0,0,0,0,0,0,0,0,0,0,0,0,0,0,0.4553800174347189,31.990446224789004
0,6,50.05,288.35,0,1,0,0,1,0,0,0,0,0,0,0,0,0,0,0,1,0,0,0,0,0,0,0,0,0,1,0.45479181716893097,22.762330449304994
0,43,104.3,4451.85,0,1,1,1,1,0,1,1,0,0,0,0,0,0,1,0,1,0,1,0,1,1,0,1,1,0,0,0.4544273332001356,47.39677085277415
0,46,84.8,3958.85,0,0,0,1,1,0,1,1,0,0,0,0,0,0,1,0,1,0,0,0,0,0,0,1,0,0,0,0.4543986103690794,38.533002159297936
0,2,60.95,134.6,0,1,0,1,1,0,1,0,0,0,1,0,1,0,0,0,0,0,0,0,0,0,0,0,0,0,0,0.4543865365962317,27.694859405540324
0,7,71.35,515.75,0,1,1,1,1,0,0,0,0,0,1,0,0,0,1,0,1,0,0,0,1,0,0,1,1,0,0,0.45413481591171784,32.40251911530107
0,45,84.55,3713.95,0,1,1,0,1,0,1,1,0,0,1,0,0,0,1,0,0,0,0,0,0,0,0,1,0,0,1,0.45391179390323794,38.37824217451877
0,1,20.15,20.15,1,0,1,1,1,0,0,0,1,1,0,1,0,1,0,1,0,1,0,1,0,0,0,1,1,0,0,0.45388919375791154,9.145867254221917
0,57,103.05,5925.75,0,1,1,0,1,0,1,1,0,0,1,0,1,0,1,0,1,0,1,0,0,0,0,1,0,1,0,0.4538102586089021,46.76514714964736
0,55,94.75,5276.1,0,0,1,0,1,0,0,1,0,0,1,0,0,0,0,0,0,0,1,0,1,1,0,1,0,1,0,0.4532853189452333,42.94878397006085
0,59,96.65,5580.8,0,0,1,1,1,0,1,1,0,0,0,0,1,0,0,0,1,0,0,0,1,0,0,1,0,0,0,0.45292681906049054,43.77537706219641
0,34,25.05,852.7,0,1,0,0,0,1,0,0,0,0,0,0,0,0,0,0,0,0,0,0,0,0,0,1,0,0,0,0.4526559214922598,11.33903083338111
0,28,70.4,1992.2,0,0,1,1,1,0,0,1,0,0,0,0,0,0,0,0,0,0,0,0,0,1,0,1,0,0,0,0.4525342125769624,31.858408565418156
0,3,19.65,68.35,0,1,0,0,1,0,0,0,1,1,0,1,0,1,0,1,0,1,0,1,0,0,0,1,0,0,1,0.4524699243801964,8.891034014070858
0,13,44.8,559.2,0,1,1,1,1,0,0,0,0,0,0,0,0,0,0,0,0,0,0,0,0,0,0,0,0,0,0,0.4522525947429098,20.260916244482356
0,15,69.5,1071.4,0,1,1,1,1,0,0,0,0,0,0,0,1,0,1,0,1,0,0,0,1,0,0,1,0,0,1,0.45218320964581327,31.42673307038402
0,3,19.8,58.15,1,1,0,0,1,0,0,0,1,1,0,1,0,1,0,1,0,1,0,1,0,0,0,1,0,0,1,0.45215684258856975,8.95270548325368
0,42,50.25,2203.65,1,0,1,0,1,0,1,0,0,0,0,0,0,0,0,0,0,0,0,0,0,0,0,1,0,1,0,0.4520095736169308,22.713481074250772
0,27,101.9,2681.15,0,0,1,0,1,0,0,1,0,0,1,0,0,0,0,0,1,0,1,0,1,1,0,1,1,0,0,0.4519230451831985,46.05095830416793
0,39,81.5,3107.3,0,0,1,1,1,0,0,1,0,0,0,0,0,0,1,0,1,0,0,0,0,0,0,1,0,0,0,0.45191094978087587,36.830742407141386
0,62,94.0,5757.2,0,0,0,0,1,0,1,1,0,0,0,0,0,0,0,0,0,0,1,0,1,1,0,1,0,0,0,0.4519037374088501,42.47895131643191
0,35,24.15,812.5,0,0,0,0,0,1,0,0,0,0,0,0,0,0,0,0,0,0,0,0,0,0,0,0,0,1,0,0.451890654149211,10.913159297703444
0,56,80.9,4557.5,0,1,1,0,1,0,0,1,0,0,0,0,0,0,0,0,0,0,0,0,1,1,0,1,0,1,0,0.45179994962813397,36.55061592491604
0,30,84.3,2438.6,0,1,0,0,1,0,0,1,0,0,1,0,1,0,1,0,0,0,0,0,0,0,0,1,1,0,0,0.4517158501765618,38.07964616988416
0,26,60.05,1616.15,1,0,1,1,1,0,1,0,0,0,0,0,1,0,0,0,1,0,0,0,0,0,0,1,0,1,0,0.4513587825497232,27.10409489211088
0,14,50.2,668.85,0,1,1,0,1,0,0,0,0,0,0,0,0,0,1,0,0,0,0,0,0,0,0,0,1,0,0,0.4508674239372279,22.633544681648843
0,18,56.8,1074.65,0,1,1,0,1,0,1,0,0,0,0,0,1,0,0,0,0,0,0,0,0,0,0,0,1,0,0,0.45068886588129453,25.599127582057527
0,64,111.45,7266.95,0,0,1,1,1,0,1,1,0,0,0,0,1,0,1,0,1,0,1,0,1,1,0,1,0,1,0,0.4506607634910297,50.22614209107526
0,42,97.1,4016.75,0,1,1,1,1,0,1,1,0,0,1,0,0,0,0,0,0,0,1,0,1,1,0,0,0,1,0,0.45064432904009954,43.75756434979366
0,26,49.5,1265.65,0,0,0,1,1,0,1,0,0,0,0,0,0,0,0,0,0,0,0,0,0,0,0,1,0,0,1,0.4504922482263481,22.29936628720423
0,20,51.8,1023.85,0,1,0,0,1,0,0,0,0,0,0,0,1,0,0,0,0,0,0,0,0,0,0,1,0,0,1,0.45046993537444224,23.334342652396106
0,22,43.75,903.6,1,1,0,0,0,1,0,0,0,0,0,0,1,0,1,0,0,0,0,0,1,1,0,1,0,0,0,0.4502392166993023,19.697965730594476
0,3,19.1,53.05,0,1,0,0,1,0,0,0,1,1,0,1,0,1,0,1,0,1,0,1,0,0,0,1,0,0,1,0.44996263096758143,8.594286251480806
0,15,25.25,394.85,0,0,1,1,1,0,1,0,1,1,0,1,0,1,0,1,0,1,0,1,0,0,0,1,0,1,0,0.44989147379484973,11.359759713319956
0,24,51.15,1275.7,0,1,0,0,1,0,0,0,0,0,1,0,0,0,0,0,0,0,0,0,0,0,0,1,0,1,0,0.44982734304514815,23.00866859675933
1,44,30.35,1359.7,1,1,1,0,0,1,0,0,0,0,0,0,1,0,0,0,0,0,0,0,0,0,0,1,0,1,0,0.4498126567960425,13.65181413375989
0,3,20.75,67.1,0,1,0,0,1,0,0,0,1,1,0,1,0,1,0,1,0,1,0,1,0,0,0,1,1,0,0,0.4495517456778351,9.32819872281508
1,43,55.55,2342.2,1,0,1,0,0,1,0,0,0,0,0,0,1,0,1,0,0,0,1,0,1,0,0,0,1,0,0,0.44919397201893885,24.952725145652053
0,46,72.8,3249.4,0,1,0,0,1,0,1,1,0,0,0,0,0,0,0,0,0,0,0,0,0,0,0,0,0,0,0,0.4489265483321317,32.68185271857919
0,19,100.0,1888.65,1,1,1,1,1,0,0,1,0,0,0,0,1,0,0,0,1,0,1,0,1,1,0,0,0,0,0,0.44881906607385075,44.881906607385076
1,44,85.15,3670.5,0,0,1,0,1,0,0,1,0,0,1,0,1,0,0,0,1,0,0,0,0,0,0,1,0,1,0,0.44878646854670323,38.21416779675178
0,58,103.25,6017.65,1,1,0,0,1,0,1,1,0,0,0,0,1,0,1,0,0,0,1,0,1,1,0,1,0,0,0,0.44852099216486957,46.309792441022786
0,1,50.6,50.6,1,1,0,1,1,0,0,0,0,0,1,0,0,0,0,0,0,0,0,0,0,0,0,0,0,0,1,0.44848609310400755,22.693396311062784
0,17,34.4,592.75,0,1,1,0,0,1,0,0,0,0,1,0,0,0,1,0,0,0,0,0,0,0,0,0,0,0,1,0.44811382938446376,15.415115730825553
0,26,85.2,2184.6,0,1,0,0,1,0,0,1,0,0,0,0,1,0,1,0,1,0,0,0,0,1,0,1,0,1,0,0.44771227009102776,38.145085411755566
0,50,104.4,5232.9,0,0,1,0,1,0,1,1,0,0,1,0,0,0,1,0,0,0,1,0,1,1,0,1,0,0,1,0.4471919709772014,46.68684177001983
0,26,45.45,1233.15,0,1,0,0,1,0,0,0,0,0,0,0,0,0,0,0,0,0,0,0,0,0,0,0,0,1,0,0.44646813524945833,20.291976747087883
1,11,60.25,662.95,0,1,0,0,1,0,1,0,0,0,1,0,1,0,0,0,0,0,0,0,0,0,0,0,0,0,0,0.44635735934657345,26.89303090063105
0,9,66.25,620.55,1,0,0,0,1,0,0,0,0,0,0,0,1,0,0,0,1,0,1,0,0,0,0,0,0,0,1,0.4462022272190983,29.560897553265264
0,49,100.6,5069.65,1,1,0,1,1,0,1,1,0,0,0,0,0,0,0,0,1,0,1,0,1,1,0,1,0,0,0,0.4460245605688966,44.870070793230994
1,61,99.0,5969.3,0,1,1,1,1,0,1,1,0,0,0,0,1,0,0,0,0,0,1,0,1,1,0,0,0,1,0,0.44583091600276165,44.1372606842734
0,49,106.65,5168.1,0,1,0,0,1,0,1,1,0,0,0,0,1,0,0,0,1,0,1,0,1,1,0,1,0,0,0,0.4455186350351843,47.51456242650241
0,62,110.8,6840.95,0,0,1,1,1,0,1,1,0,0,0,0,1,0,1,0,1,0,1,0,1,1,0,1,0,1,0,0.4453578207921671,49.34564654377212
0,29,71.0,2080.1,0,0,0,0,1,0,1,0,0,0,0,0,0,0,0,0,0,0,1,0,1,1,0,1,1,0,0,0.4452670860594766,31.61396311022284
1,60,101.4,6176.6,0,0,0,0,1,0,1,1,0,0,1,0,0,0,0,0,0,0,1,0,1,1,0,1,0,0,0,0.44442740288044896,45.06493865207753
0,4,20.15,68.45,0,0,0,0,1,0,0,0,1,1,0,1,0,1,0,1,0,1,0,1,0,0,0,1,1,0,0,0.44442165768997943,8.955096402453085
0,1,21.05,21.05,0,1,0,1,1,0,0,0,1,1,0,1,0,1,0,1,0,1,0,1,0,0,0,1,0,0,1,0.44371886598897115,9.340282129067843
0,6,78.65,483.3,0,1,0,0,1,0,0,0,0,0,1,0,0,0,1,0,1,0,1,0,1,0,0,0,1,0,0,0.4436112734755611,34.89002665885288
0,30,95.0,2852.4,0,1,0,0,1,0,1,1,0,0,1,0,1,0,1,0,1,0,0,0,0,0,0,1,1,0,0,0.44336926588195713,42.120080258785926
1,35,110.8,3836.3,0,0,0,0,1,0,1,1,0,0,1,0,1,0,1,0,1,0,1,0,1,1,0,1,0,0,0,0.4430303705589146,49.08776505792773
0,44,49.05,2265.0,0,0,0,0,0,1,0,0,0,0,0,0,0,0,1,0,0,0,1,0,1,1,0,1,0,1,0,0.44292031782494107,21.72524158931336
1,54,74.0,3919.15,0,1,1,0,1,0,1,1,0,0,0,0,0,0,0,0,0,0,0,0,0,0,0,0,0,0,0,0.44259396678762214,32.751953542284035
1,40,79.2,3233.85,1,0,0,0,1,0,0,1,0,0,1,0,1,0,0,0,0,0,0,0,0,0,0,1,1,0,0,0.44186995420805375,34.996100373277855
0,19,34.95,610.2,0,1,1,1,0,1,0,0,0,0,1,0,1,0,0,0,0,0,0,0,0,0,0,1,0,0,1,0.44163577549479366,15.43517035354304
0,1,20.25,20.25,0,1,0,1,1,0,0,0,1,1,0,1,0,1,0,1,0,1,0,1,0,0,0,1,0,0,1,0.4415677083772393,8.941746094639095
0,18,50.3,908.75,0,0,1,0,1,0,0,0,0,0,0,0,0,0,0,0,1,0,0,0,0,0,0,1,0,0,1,0.4414272176688204,22.203789048741665
1,47,85.5,4042.3,1,1,0,0,1,0,0,1,0,0,1,0,0,0,0,0,0,0,0,0,1,0,0,0,0,0,1,0.4410631274229213,37.710897394659774
0,5,55.75,266.95,0,1,0,0,1,0,0,0,0,0,1,0,0,0,0,0,1,0,0,0,0,0,0,1,0,0,1,0.4407696106427288,24.57290579333213
0,24,50.6,1288.75,0,1,0,0,0,1,0,0,0,0,1,0,0,0,0,0,0,0,1,0,1,1,0,1,0,0,1,0.44071347590993154,22.300101881042536
0,55,77.75,4266.4,0,0,1,0,1,0,1,1,0,0,0,0,1,0,0,0,0,0,0,0,0,0,0,1,1,0,0,0.4406602280178653,34.26133272838903
0,5,20.5,104.3,0,0,0,0,1,0,0,0,1,1,0,1,0,1,0,1,0,1,0,1,0,0,0,1,0,0,1,0.44059548399719706,9.03220742194254
0,40,105.75,4228.55,0,0,1,0,1,0,1,1,0,0,1,0,0,0,1,0,0,0,1,0,1,1,0,0,0,0,0,0.440178320831493,46.548857427930386
0,53,111.8,5809.75,0,0,1,0,1,0,1,1,0,0,0,0,1,0,1,0,1,0,1,0,1,1,0,1,0,0,0,0.4400388516001173,49.196343608893116
0,4,19.95,59.25,0,1,0,0,1,0,0,0,1,1,0,1,0,1,0,1,0,1,0,1,0,0,0,1,0,0,1,0.4396844384178848,8.771704546436801
0,29,80.1,2211.8,0,1,1,1,1,0,1,0,0,0,0,0,1,0,1,0,0,0,1,0,1,0,0,0,1,0,0,0.4396420809621985,35.2153306850721
0,4,19.65,67.55,0,1,0,0,1,0,0,0,1,1,0,1,0,1,0,1,0,1,0,1,0,0,0,1,0,0,1,0.4394722870943179,8.635630441403347
0,1,19.45,19.45,1,1,0,1,1,0,0,0,1,1,0,1,0,1,0,1,0,1,0,1,0,0,0,1,0,0,1,0.43941874163753425,8.546694524850041
0,50,69.75,3557.7,0,0,1,1,1,0,0,1,0,0,0,0,0,0,0,0,0,0,0,0,0,0,0,1,0,0,0,0.4393463829117688,30.644410208095874
0,16,49.45,799.0,0,1,0,0,1,0,0,0,0,0,0,0,0,0,0,0,1,0,0,0,0,0,0,1,0,0,1,0.439200395104139,21.718459537899676
1,33,93.55,3055.5,0,1,1,0,1,0,0,1,0,0,1,0,1,0,0,0,1,0,0,0,1,1,0,1,0,1,0,0.4391859573420996,41.085846309353414
0,1,19.3,19.3,0,1,0,1,1,0,0,0,1,1,0,1,0,1,0,1,0,1,0,1,0,0,0,1,0,0,1,0.4390160606344885,8.473009970245629
0,23,64.9,1509.8,0,1,0,0,1,0,0,0,0,0,0,0,0,0,0,0,0,0,1,0,1,1,0,1,0,0,0,0.4389775222997785,28.489641197255626
0,1,19.2,19.2,0,1,0,1,1,0,0,0,1,1,0,1,0,1,0,1,0,1,0,1,0,0,0,1,0,0,1,0.43874765120514003,8.423954903138688
1,56,76.85,4275.75,0,0,1,0,1,0,1,1,0,0,0,0,0,0,0,0,1,0,0,0,0,0,0,1,0,0,0,0.4387053076489983,33.714502892825514
0,53,106.95,5785.5,1,0,0,0,1,0,1,1,0,0,1,0,0,0,1,0,0,0,1,0,1,1,0,1,1,0,0,0.43859570221313404,46.907810351694685
0,24,49.3,1233.25,0,0,0,0,1,0,0,0,0,0,0,0,0,0,1,0,0,0,0,0,0,0,0,1,1,0,0,0.4385197609160458,21.619024213161055
0,13,44.0,659.35,0,1,0,1,1,0,0,0,0,0,0,0,0,0,0,0,0,0,0,0,0,0,0,0,0,0,1,0.43850137426999714,19.294060467879873
0,59,99.45,5623.7,0,0,0,0,1,0,1,1,0,0,1,0,1,0,1,0,0,0,0,0,1,0,0,1,0,0,0,0.43838557184864096,43.597445120347345
0,4,20.7,83.75,0,1,0,0,1,0,0,0,1,1,0,1,0,1,0,1,0,1,0,1,0,0,0,1,1,0,0,0.4376429234152324,9.05920851469531
1,56,110.5,6139.5,0,0,0,0,1,0,1,1,0,0,1,0,1,0,1,0,0,0,1,0,1,1,0,0,0,1,0,0.4374061788595251,48.333382763977525
0,35,85.3,2917.5,1,0,0,0,1,0,1,1,0,0,0,0,1,0,0,0,1,0,0,0,0,0,0,0,1,0,0,0.4373735713212373,37.307965633701535
0,54,110.35,5893.15,1,0,1,0,1,0,1,1,0,0,0,0,1,0,1,0,1,0,1,0,1,1,0,0,0,1,0,0.43709972319252394,48.23395445429502
1,18,58.4,964.9,0,1,0,0,1,0,1,0,0,0,1,0,1,0,0,0,0,0,0,0,0,0,0,1,1,0,0,0.43659841531112936,25.497347454169955
0,5,55.8,300.4,0,0,0,0,1,0,0,0,0,0,1,0,0,0,1,0,0,0,0,0,0,0,0,0,1,0,0,0.4363538704160007,24.34854596921284
1,9,21.25,204.55,0,1,1,0,1,0,0,0,1,1,0,1,0,1,0,1,0,1,0,1,0,0,0,1,0,0,1,0.43616439948280256,9.268493489009554
0,28,35.75,961.4,0,0,0,0,0,1,0,0,0,0,0,0,0,0,1,0,1,0,0,0,0,0,0,1,0,0,1,0.43616216094737364,15.592797253868607
0,58,105.2,6225.4,0,0,1,1,1,0,1,1,0,0,0,0,1,0,1,0,0,0,1,0,1,1,0,1,1,0,0,0.4359986808585454,45.867061226318974
0,9,69.5,653.25,0,1,0,0,1,0,0,0,0,0,1,0,0,0,1,0,1,0,1,0,0,0,0,1,0,0,1,0.4355898367230358,30.273493652250988
0,38,84.25,3264.5,1,0,0,0,1,0,0,1,0,0,0,0,1,0,1,0,1,0,0,0,0,0,0,1,1,0,0,0.43547453635938355,36.688729688278066
0,13,20.4,251.65,0,1,0,0,1,0,0,0,1,1,0,1,0,1,0,1,0,1,0,1,0,0,0,1,0,1,0,0.4354071296043827,8.882305443929408
0,11,20.45,250.8,0,1,1,1,1,0,0,0,1,1,0,1,0,1,0,1,0,1,0,1,0,0,0,1,0,1,0,0.43533421162947916,8.902584627822849
0,66,104.05,6890.0,1,1,1,0,1,0,1,1,0,0,0,0,1,0,0,0,1,0,1,0,1,1,0,1,0,1,0,0.43495499064605053,45.25706677672156
1,37,36.65,1315.0,0,1,0,0,0,1,0,0,0,0,0,0,1,0,1,0,0,0,0,0,0,0,0,0,0,1,0,0.4348725606065748,15.938079346230966
0,72,109.25,8109.8,1,0,1,0,1,0,1,1,0,0,0,0,1,0,1,0,1,0,1,0,1,1,0,1,0,1,0,0.43472346261302786,47.493538290473296
1,1,20.05,20.05,1,1,0,0,1,0,0,0,1,1,0,1,0,1,0,1,0,1,0,1,0,0,0,0,0,0,1,0.4347202263893256,8.716140539105979
0,47,78.9,3650.35,0,1,1,0,1,0,1,1,0,0,0,0,1,0,0,0,0,0,0,0,0,1,0,1,0,1,0,0.4338023618975422,34.22700635371608
0,12,53.75,648.65,0,1,0,0,1,0,0,0,0,0,0,0,1,0,0,0,1,0,0,0,0,0,0,1,0,0,1,0.4336539179994177,23.308898092468702
1,53,73.8,4003.85,0,0,0,0,1,0,0,1,0,0,0,0,1,0,0,0,0,0,0,0,0,0,0,1,1,0,0,0.433272131731477,31.975483321783003
0,23,54.4,1249.25,0,0,0,0,1,0,1,0,0,0,1,0,0,0,0,0,0,0,0,0,0,0,0,0,0,1,0,0.43321081871709843,23.566668538210156
1,66,108.45,7076.35,0,1,1,1,1,0,1,1,0,0,0,0,1,0,1,0,1,0,1,0,1,1,0,1,0,1,0,0.43317036047639534,46.97732559366508
1,24,34.25,828.2,0,1,1,0,0,1,0,0,0,0,0,0,0,0,1,0,1,0,0,0,0,0,0,0,0,0,1,0.4331359364995794,14.834905825110594
0,2,24.85,62.0,0,1,0,0,1,0,1,0,1,1,0,1,0,1,0,1,0,1,0,1,0,0,0,0,0,0,1,0.4330599505443147,10.76153977102622
0,1,74.1,74.1,0,0,0,0,1,0,0,0,0,0,0,0,0,0,1,0,1,0,1,0,1,1,0,0,1,0,0,0.43298696757804833,32.08433429753338
0,48,82.05,4029.95,1,0,1,1,1,0,1,1,0,0,0,0,0,0,0,0,0,0,0,0,1,1,0,1,0,0,1,0.4329508447303334,35.523616810123855
0,52,84.1,4348.65,1,1,1,0,1,0,0,1,0,0,1,0,0,0,0,0,0,0,1,0,0,0,0,0,0,1,0,0.43281270051608006,36.39954811340233
0,52,101.25,5301.1,0,0,1,1,1,0,1,1,0,0,0,0,0,0,1,0,0,0,1,0,1,1,0,0,0,0,0,0.4327909039662649,43.820079026584324
1,16,54.55,825.1,0,1,1,0,1,0,0,0,0,0,1,0,1,0,0,0,0,0,0,0,0,0,0,1,0,0,0,0.4325359214233551,23.59483451364402
0,18,82.0,1425.45,1,1,0,0,1,0,1,0,0,0,0,0,0,0,1,0,1,0,1,0,1,1,0,1,1,0,0,0.4324795577632613,35.46332373658743
0,10,24.5,270.15,0,0,0,0,1,0,1,0,1,1,0,1,0,1,0,1,0,1,0,1,0,0,0,1,0,0,1,0.4323837642814006,10.593402224894314
0,41,73.0,3001.2,1,1,1,0,1,0,1,0,0,0,0,0,0,0,1,0,0,0,1,0,1,1,0,1,0,1,0,0.4321711464786773,31.548493692943445
0,19,50.1,910.45,0,1,1,1,1,0,1,0,0,0,0,0,0,0,0,0,0,0,0,0,0,0,0,0,1,0,0,0.43203803682747227,21.64510564505636
0,8,66.05,574.5,0,0,0,0,1,0,0,0,0,0,1,0,0,0,0,0,1,0,0,0,1,0,0,0,0,0,0,0.431855216977407,28.52403708135773
0,5,19.65,92.05,0,0,0,0,1,0,0,0,1,1,0,1,0,1,0,1,0,1,0,1,0,0,0,1,1,0,0,0.43184692913680456,8.485792157538208
0,24,49.7,1167.8,0,1,0,0,1,0,0,0,0,0,0,0,0,0,1,0,0,0,0,0,0,0,0,1,0,0,1,0.43149331389643153,21.44521770065265
0,3,55.1,154.65,1,0,0,1,1,0,0,0,0,0,1,0,0,0,0,0,1,0,0,0,0,0,0,1,0,0,1,0.4314896372907719,23.77507901472153
0,22,54.7,1178.75,0,0,1,0,1,0,0,0,0,0,0,0,1,0,1,0,0,0,0,0,0,0,0,1,0,0,1,0.43132896775284246,23.593694536080484
0,70,109.5,7674.55,1,0,1,0,1,0,1,1,0,0,0,0,1,0,1,0,1,0,1,0,1,1,0,1,0,1,0,0.4311692661519256,47.21303464363585
0,64,100.05,6254.2,1,0,0,0,1,0,1,1,0,0,0,0,0,0,1,0,0,0,1,0,1,1,0,1,1,0,0,0.4311046248836085,43.13201771960503
0,55,85.1,4600.95,0,0,1,1,1,0,1,1,0,0,1,0,1,0,0,0,0,0,0,0,0,0,0,1,0,1,0,0.4310113588030904,36.67906663414299
0,3,24.6,86.35,0,0,0,0,1,0,1,0,1,1,0,1,0,1,0,1,0,1,0,1,0,0,0,0,0,0,1,0.4304604044841055,10.589325950308996
1,57,90.65,5199.8,0,1,1,0,1,0,0,1,0,0,0,0,1,0,1,0,0,0,1,0,0,1,0,1,0,1,0,0.43043443367604023,39.01888141273305
0,28,82.85,2320.8,0,0,1,1,1,0,0,1,0,0,1,0,0,0,0,0,0,0,0,0,1,1,0,1,0,0,0,0.43024066991613824,35.64543950255205
0,25,65.8,1679.65,0,0,0,0,1,0,0,0,0,0,0,0,1,0,0,0,1,0,0,0,1,0,0,1,0,0,0,0.4300293136853118,28.295928840493513
0,60,50.8,3027.4,1,0,0,0,0,1,0,0,0,0,0,0,1,0,0,0,0,0,1,0,1,0,0,1,0,1,0,0.42987489286958314,21.837644557774823
0,27,71.6,1957.1,0,1,1,1,1,0,1,0,0,0,0,0,0,0,0,0,1,0,1,0,1,0,0,0,0,0,0,0.42955916880631323,30.756436486532024
0,27,74.4,1972.35,0,0,1,1,1,0,0,1,0,0,1,0,0,0,0,0,0,0,0,0,0,0,0,0,0,0,1,0.4294045418499656,31.947697913637445
0,37,91.2,3247.55,0,1,1,1,1,0,0,1,0,0,0,0,0,0,0,0,0,0,1,0,1,1,0,0,1,0,0,0.42932145961720264,39.15411711708888
0,6,20.95,109.5,0,0,0,0,1,0,0,0,1,1,0,1,0,1,0,1,0,1,0,1,0,0,0,1,0,0,1,0.4292542193707198,8.99287589581658
0,30,64.5,1888.45,0,1,0,0,1,0,1,0,0,0,1,0,0,0,0,0,0,0,0,0,1,0,0,1,0,0,1,0.42922231801507565,27.68483951197238
0,19,44.9,839.65,0,0,1,0,1,0,0,0,0,0,0,0,0,0,0,0,0,0,0,0,0,0,0,0,0,0,1,0.429061274044798,19.26485120461143
0,15,76.5,1155.6,0,0,1,1,1,0,0,0,0,0,0,0,1,0,1,0,1,0,1,0,1,0,0,0,0,0,0,0.4289300998839418,32.81315264112155
0,56,96.95,5432.2,0,1,1,1,1,0,1,1,0,0,0,0,1,0,0,0,1,0,1,0,0,0,0,1,1,0,0,0.4286513707905974,41.55775039814842
0,35,89.7,3165.6,0,1,1,1,1,0,0,1,0,0,0,0,1,0,0,0,1,0,1,0,0,1,0,1,0,1,0,0.4285700055348976,38.44272949648032
1,68,80.35,5589.3,0,1,1,0,1,0,1,1,0,0,0,0,0,0,1,0,0,0,0,0,0,0,0,1,1,0,0,0.4285547351933949,34.434372972789276
0,4,54.7,235.05,0,0,1,0,1,0,0,0,0,0,1,0,1,0,0,0,0,0,0,0,0,0,0,0,0,0,1,0.4283539284089434,23.430959883969205
0,12,21.15,306.05,0,1,1,1,1,0,0,0,1,1,0,1,0,1,0,1,0,1,0,1,0,0,0,1,0,1,0,0.42810261071756484,9.054370216676496
0,54,94.1,5060.9,0,0,0,0,1,0,0,1,0,0,0,0,0,0,1,0,0,0,1,0,1,1,0,1,1,0,0,0.42788057319940764,40.26356193806426
0,23,69.5,1652.1,0,0,1,1,1,0,1,0,0,0,0,0,1,0,0,0,1,0,1,0,0,0,0,1,1,0,0,0.42782309282115094,29.733704951069992
1,62,110.75,7053.35,0,1,0,0,1,0,1,1,0,0,0,0,1,0,1,0,1,0,1,0,1,1,0,1,0,0,0,0.42735447497781326,47.32950810379282
1,72,105.75,7629.85,0,0,1,0,1,0,1,1,0,0,0,0,1,0,1,0,0,0,1,0,1,1,0,1,1,0,0,0.4272373036775764,45.180344863903706
0,35,96.75,3403.4,0,1,0,0,1,0,1,1,0,0,1,0,1,0,1,0,1,0,0,0,0,0,0,1,0,0,1,0.42717160700616474,41.32885297784644
0,19,60.6,1297.8,0,0,0,1,1,0,0,0,0,0,1,0,1,0,1,0,0,0,0,0,0,0,0,1,0,1,0,0.4270717480040755,25.880547929046976
0,5,19.25,86.05,0,1,0,0,1,0,0,0,1,1,0,1,0,1,0,1,0,1,0,1,0,0,0,1,0,0,1,0.4268403367097614,8.216676481662907
0,51,80.0,4242.35,1,1,0,0,1,0,1,1,0,0,0,0,0,0,1,0,0,0,0,0,0,0,0,0,1,0,0,0.42667932106237116,34.1343456849897
0,58,93.4,5435.6,1,0,1,1,1,0,1,1,0,0,1,0,1,0,0,0,0,0,0,0,1,0,0,1,0,0,0,0.42641145800004343,39.82683017720406
0,53,108.95,5718.2,0,0,1,0,1,0,1,1,0,0,0,0,1,0,1,0,1,0,1,0,1,1,0,1,0,0,0,0.4263132153276461,46.446824809947046
0,45,95.0,4368.85,0,1,1,1,1,0,1,1,0,0,0,0,1,0,1,0,0,0,0,0,1,1,0,1,1,0,0,0.4261132722734436,40.48076086597714
0,35,89.2,3251.3,0,1,0,0,1,0,0,1,0,0,1,0,0,0,0,0,1,0,0,0,1,1,0,1,0,1,0,0.42602942086016543,38.001824340726756
0,28,30.1,810.85,0,1,0,0,0,1,0,0,0,0,0,0,0,0,0,0,1,0,0,0,0,0,0,1,1,0,0,0.42591293523542295,12.819979350586232
0,4,20.05,85.5,0,0,0,1,1,0,0,0,1,1,0,1,0,1,0,1,0,1,0,1,0,0,0,1,0,0,0,0.42571158521961283,8.535517283653238
0,15,24.8,324.15,0,1,0,1,1,0,1,0,1,1,0,1,0,1,0,1,0,1,0,1,0,0,0,1,0,1,0,0.425623812486016,10.555470549653197
0,61,106.0,6547.7,1,1,1,1,1,0,1,1,0,0,1,0,1,0,0,0,0,0,1,0,1,1,0,1,0,1,0,0.42518140334763155,45.06922875484894
0,14,20.05,299.3,0,1,0,0,1,0,0,0,1,1,0,1,0,1,0,1,0,1,0,1,0,0,0,1,0,1,0,0.4249272231919479,8.519790824998557
0,60,94.1,5475.9,0,0,1,0,1,0,1,1,0,0,1,0,1,0,0,0,0,0,0,0,1,0,0,1,1,0,0,0.4248956026006285,39.982676204719134
0,66,104.25,6860.6,0,1,0,0,1,0,1,1,0,0,0,0,1,0,0,0,1,0,1,0,1,1,0,1,0,1,0,0.4245336199457166,44.25762987934095
0,20,55.0,1165.55,0,1,0,0,0,1,0,0,0,0,1,0,1,0,1,0,1,0,1,0,0,0,0,1,1,0,0,0.42438163674767454,23.3409900211221
0,25,38.1,970.4,0,1,1,0,0,1,0,0,0,0,0,0,0,0,1,0,0,0,1,0,0,1,0,1,1,0,0,0.42416758964458867,16.16078516545883
0,61,107.75,6521.9,0,1,0,0,1,0,1,1,0,0,1,0,1,0,1,0,0,0,1,0,1,1,0,1,0,1,0,0.4241077819693597,45.69761350719851
0,37,91.2,3382.3,0,0,0,0,1,0,1,1,0,0,1,0,1,0,1,0,0,0,0,0,0,0,0,0,0,0,0,0.4236491739542138,38.6368046646243
0,31,59.7,1825.5,0,1,1,1,1,0,1,0,0,0,0,0,0,0,0,0,0,0,0,0,1,0,0,0,0,0,0,0.42337657818206137,25.275581717469066
0,54,103.95,5639.05,1,0,0,0,1,0,1,1,0,0,1,0,0,0,1,0,0,0,1,0,1,1,0,1,0,0,0,0.42306742401908454,43.977858726783836
0,10,65.9,660.05,0,0,1,1,1,0,0,0,0,0,0,0,1,0,1,0,0,0,0,0,1,1,0,1,0,0,1,0.42302082269777846,27.877072215783603
0,67,104.1,7040.85,1,1,1,0,1,0,1,1,0,0,0,0,1,0,1,0,0,0,1,0,1,1,0,0,0,1,0,0.4222345349820512,43.95461509163153
1,47,70.55,3309.25,1,0,1,1,1,0,0,1,0,0,0,0,0,0,0,0,0,0,0,0,0,0,0,0,0,0,0,0.42185542351459876,29.76190012895494
0,61,103.3,6518.35,0,0,1,0,1,0,1,1,0,0,0,0,0,0,1,0,1,0,1,0,1,1,0,1,0,0,0,0.4215920006043985,43.550453662434364
0,18,33.6,550.35,0,1,0,0,0,1,0,0,0,0,1,0,0,0,1,0,0,0,0,0,0,0,0,0,0,0,1,0.421293616029469,14.155465498590159
1,46,95.25,4424.2,1,0,0,0,1,0,0,1,0,0,0,0,1,0,0,0,0,0,1,0,1,1,0,0,1,0,0,0.4208021759712266,40.081407261259336
0,61,118.6,7365.7,0,0,0,0,1,0,1,1,0,0,1,0,1,0,1,0,1,0,1,0,1,1,0,1,0,1,0,0.42076032351760967,49.90217436918851
0,7,19.25,112.3,1,1,0,0,1,0,0,0,1,1,0,1,0,1,0,1,0,1,0,1,0,0,0,0,0,1,0,0.4204629808025845,8.093912380449751
1,25,69.5,1752.65,0,0,1,0,1,0,1,0,0,0,1,0,0,0,0,0,1,0,1,0,0,0,0,1,1,0,0,0.420438840200713,29.220499393949552
0,60,104.95,6236.75,0,0,0,0,1,0,0,1,0,0,1,0,0,0,1,0,1,0,1,0,1,0,0,1,0,0,0,0.42032262936063947,44.112859951399116
1,64,102.1,6688.1,0,1,0,0,1,0,1,1,0,0,0,0,0,0,1,0,1,0,1,0,1,1,0,0,0,1,0,0.4198366481716086,42.86532177832124
0,26,69.5,1800.05,0,0,0,0,1,0,1,0,0,0,1,0,1,0,0,0,0,0,1,0,0,0,0,1,0,0,0,0.4196936552978808,29.168709043202714
0,13,43.8,592.65,0,0,1,0,1,0,0,0,0,0,0,0,0,0,0,0,0,0,0,0,0,1,0,0,0,1,0,0.41961637412760383,18.379197186789046
1,44,88.4,3912.9,1,1,1,0,1,0,1,1,0,0,0,0,1,0,0,0,0,0,0,0,1,1,0,0,0,0,1,0.41957053501230107,37.09003529508742
1,67,75.7,5060.85,0,1,0,0,1,0,1,1,0,0,0,0,0,0,0,0,0,0,0,0,0,0,0,1,0,0,1,0.41947280144384125,31.754091069298784
0,12,25.0,316.2,0,1,0,0,1,0,1,0,1,1,0,1,0,1,0,1,0,1,0,1,0,0,0,0,0,1,0,0.4194529929018854,10.486324822547136
0,1,25.4,25.4,0,0,0,1,1,0,1,0,1,1,0,1,0,1,0,1,0,1,0,1,0,0,0,0,0,0,1,0.4193228139103674,10.650799473323332
0,3,20.05,75.45,0,1,0,1,1,0,0,0,1,1,0,1,0,1,0,1,0,1,0,1,0,0,0,1,0,0,1,0.41915727522964286,8.40410336835434
0,4,56.5,235.1,1,0,1,1,1,0,0,0,0,0,0,0,1,0,0,0,1,0,0,0,0,0,0,0,0,0,1,0.4191279165719029,23.680727286312514
0,14,69.2,944.65,0,1,1,1,1,0,1,0,0,0,1,0,1,0,0,0,0,0,0,0,1,0,0,0,0,0,1,0.4191138260873945,29.0026767652477
1,66,105.95,6975.25,1,0,1,0,1,0,1,1,0,0,0,0,0,0,1,0,1,0,1,0,1,1,0,1,1,0,0,0.4189025027307991,44.38272016432816
1,19,66.4,1286.05,0,1,1,0,1,0,0,0,0,0,1,0,0,0,1,0,0,0,1,0,0,0,0,0,0,0,0,0.41874886354279134,27.804924539241348
0,12,19.2,239.0,0,1,1,1,1,0,0,0,1,1,0,1,0,1,0,1,0,1,0,1,0,0,0,1,0,1,0,0.41846385140973974,8.034505947067002
0,51,90.35,4614.55,0,1,1,0,1,0,1,1,0,0,0,0,1,0,0,0,0,0,0,0,1,1,0,1,1,0,0,0.4183104164036374,37.79434612206864
0,13,49.95,587.45,0,1,1,1,1,0,0,0,0,0,1,0,0,0,0,0,0,0,0,0,0,0,0,1,0,0,1,0.41789671175989757,20.873940752406885
0,4,60.4,272.15,1,0,0,0,1,0,0,0,0,0,1,0,1,0,0,0,1,0,0,0,0,0,0,1,0,0,1,0.4175505516840966,25.220053321719433
1,70,107.9,7475.85,0,0,1,1,1,0,1,1,0,0,0,0,1,0,1,0,1,0,1,0,1,1,0,1,0,1,0,0.4170748724774434,45.002378740316146
0,24,55.65,1400.55,1,1,0,0,1,0,1,0,0,0,1,0,0,0,0,0,0,0,0,0,0,0,0,1,0,0,0,0.41687645783810906,23.19917487869077
0,4,20.5,77.6,0,1,1,1,1,0,0,0,1,1,0,1,0,1,0,1,0,1,0,1,0,0,0,1,0,0,1,0.4165820646867174,8.539932326077706
0,59,85.55,5084.65,1,1,1,0,1,0,1,1,0,0,0,0,0,0,0,0,0,0,0,0,1,1,0,0,0,1,0,0.4162852655282752,35.613204465943944
0,12,74.05,872.65,1,0,0,0,1,0,1,0,0,0,0,0,0,0,0,0,1,0,1,0,1,1,0,0,0,0,1,0.41606544063723466,30.809645879187226
0,32,87.65,2766.4,0,1,0,0,1,0,1,1,0,0,1,0,0,0,0,0,1,0,0,0,0,0,0,0,0,0,0,0.4158482235715562,36.4490967960469
0,41,89.55,3729.75,0,1,0,0,1,0,0,1,0,0,0,0,1,0,0,0,1,0,1,0,0,1,0,1,0,1,0,0.41575454318918187,37.23081934259123
0,1,24.0,24.0,0,0,0,1,1,0,1,0,1,1,0,1,0,1,0,1,0,1,0,1,0,0,0,0,0,0,1,0.4156120407417138,9.974688977801131
0,63,81.55,5029.05,0,0,1,0,1,0,1,1,0,0,0,0,1,0,0,0,0,0,0,0,0,0,0,1,0,0,0,0.41540139262283077,33.875983568391845
0,18,49.4,874.8,1,1,0,0,1,0,0,0,0,0,1,0,0,0,0,0,0,0,0,0,0,0,0,0,0,1,0,0.4153136721341529,20.51649540342715
0,25,76.15,1992.95,0,0,0,0,1,0,0,0,0,0,1,0,0,0,0,0,1,0,1,0,1,0,0,1,1,0,0,0.41515166967848793,31.613799646016858
0,53,94.25,4867.95,1,1,1,0,1,0,0,1,0,0,0,0,1,0,0,0,0,0,1,0,1,1,0,1,0,0,0,0.4147466244326288,39.08986935277526
0,1,19.9,19.9,0,0,0,0,1,0,0,0,1,1,0,1,0,1,0,1,0,1,0,1,0,0,0,0,0,0,0,0.4147112227518567,8.252753332761948
0,13,52.1,670.65,0,1,0,1,1,0,0,0,0,0,1,0,0,0,0,0,0,0,0,0,0,0,0,1,1,0,0,0.4146405279237015,21.602771504824847
0,53,100.3,5200.8,0,0,0,0,1,0,0,1,0,0,0,0,1,0,1,0,0,0,1,0,1,1,0,1,0,0,1,0.4144442747059056,41.56876075300233
0,56,90.55,5116.6,0,0,1,0,1,0,1,1,0,0,0,0,1,0,1,0,1,0,0,0,0,0,0,0,0,1,0,0.4142542577507068,37.5107230393265
0,3,55.9,157.55,0,1,0,1,1,0,0,0,0,0,1,0,0,0,1,0,0,0,0,0,0,0,0,0,0,0,1,0.4142480160607358,23.15646409779513
0,33,88.6,2888.7,0,0,1,1,1,0,1,1,0,0,0,0,1,0,1,0,1,0,0,0,0,0,0,0,1,0,0,0.414219337259127,36.699833281158654
1,29,90.1,2656.7,0,1,1,0,1,0,0,1,0,0,1,0,0,0,1,0,0,0,0,0,1,1,0,0,0,0,0,0.4142172708276122,37.32097610156786
0,23,73.75,1756.6,0,0,0,0,1,0,1,0,0,0,0,0,0,0,0,0,1,0,1,0,1,1,0,1,0,0,1,0.4141889883422653,30.546437890242068
0,28,91.25,2483.65,0,1,0,0,1,0,0,1,0,0,0,0,1,0,0,0,1,0,1,0,0,1,0,1,0,0,0,0.41416419444497804,37.792482743104244
0,40,74.8,2971.7,0,0,0,0,1,0,0,1,0,0,0,0,1,0,0,0,0,0,0,0,0,0,0,0,1,0,0,0.4141603306099547,30.97919272962461
0,46,94.9,4422.95,0,1,0,0,1,0,1,1,0,0,0,0,1,0,1,0,0,0,1,0,0,1,0,1,1,0,0,0.4137859334593048,39.26828508528803
0,63,91.35,5764.7,0,1,1,1,1,0,1,1,0,0,0,0,1,0,0,0,0,0,0,0,1,1,0,1,0,1,0,0.41366707671573577,37.78848745798246
1,56,104.55,5794.65,1,1,1,1,1,0,1,1,0,0,1,0,0,0,1,0,0,0,1,0,1,1,0,1,0,0,0,0.41306990737790794,43.18645881636027
0,33,39.1,1309.0,0,1,0,0,0,1,0,0,0,0,0,0,1,0,0,0,0,0,1,0,0,1,0,1,0,1,0,0.41296324718570304,16.146862964960988
0,2,20.1,43.15,0,0,1,0,1,0,0,0,1,1,0,1,0,1,0,1,0,1,0,1,0,0,0,0,0,0,0,0.4129327118926775,8.299947509042818
0,57,109.4,6252.7,0,0,1,0,1,0,1,1,0,0,0,0,1,0,1,0,1,0,1,0,1,1,0,1,0,0,0,0.412904884984377,45.17179441729085
0,2,19.85,52.0,0,0,1,0,1,0,0,0,1,1,0,1,0,1,0,1,0,1,0,1,0,0,0,0,0,0,0,0.4128900017828046,8.195866535388673
0,8,19.55,161.15,0,1,1,0,1,0,0,0,1,1,0,1,0,1,0,1,0,1,0,1,0,0,0,1,0,0,0,0.4127858800674206,8.069963955318073
1,24,54.8,1291.3,0,1,0,0,1,0,1,0,0,0,0,0,1,0,0,0,0,0,0,0,0,0,0,0,1,0,0,0.4127845882211939,22.620595434521423
1,46,91.3,4126.35,0,0,0,0,1,0,0,1,0,0,0,0,1,0,1,0,0,0,1,0,0,1,0,1,0,0,0,0.41265826250598003,37.675699366795975
0,41,80.55,3263.9,0,0,0,0,1,0,1,0,0,0,0,0,1,0,1,0,0,0,1,0,1,1,0,1,0,1,0,0.41248953377165165,33.22603194530654
0,67,105.7,6816.95,0,0,1,0,1,0,1,1,0,0,0,0,1,0,1,0,0,0,1,0,1,1,0,1,0,0,0,0.41236732606609083,43.5872263651858
0,38,83.9,3233.6,1,0,0,0,1,0,0,1,0,0,1,0,1,0,1,0,0,0,0,0,0,0,0,1,1,0,0,0.41173896709765967,34.54489933949365
0,32,35.15,1051.05,0,0,1,1,0,1,0,0,0,0,1,0,1,0,0,0,0,0,0,0,0,0,0,1,0,1,0,0.4117125287298686,14.471695384854879
1,72,112.9,8061.5,0,1,1,0,1,0,1,1,0,0,1,0,1,0,1,0,1,0,1,0,1,0,0,1,1,0,0,0.4116757694705966,46.47819437323036
0,25,61.05,1540.2,0,0,0,0,0,1,0,0,0,0,1,0,1,0,1,0,0,0,1,0,1,1,0,0,0,1,0,0.41166502908504643,25.132150025642083
0,17,66.7,1077.05,0,1,1,1,1,0,1,0,0,0,0,0,1,0,1,0,1,0,0,0,0,0,0,1,0,0,1,0.4113861491779252,27.43945615016761
0,4,25.25,101.9,0,1,0,0,1,0,1,0,1,1,0,1,0,1,0,1,0,1,0,1,0,0,0,0,0,0,1,0.4112687882822525,10.384536904126875
0,34,49.8,1734.2,0,1,0,0,1,0,0,0,0,0,0,0,1,0,0,0,0,0,0,0,0,0,0,1,0,1,0,0.4111949846644823,20.477510236291216
0,18,69.5,1199.4,0,1,0,0,1,0,1,0,0,0,1,0,0,0,1,0,0,0,1,0,0,0,0,0,0,0,1,0.4111534890480836,28.57516748884181
0,9,68.95,593.85,0,1,1,0,1,0,0,0,0,0,1,0,1,0,0,0,1,0,1,0,0,0,0,1,0,0,1,0.41103917303949566,28.341150981073227
0,12,61.65,713.75,1,0,0,0,1,0,1,0,0,0,1,0,0,0,1,0,1,0,0,0,0,0,0,1,0,0,1,0.41076166103537315,25.323456402830754
0,7,50.7,350.35,0,0,1,1,1,0,0,0,0,0,1,0,0,0,0,0,0,0,0,0,0,0,0,0,0,0,1,0.4104657841393667,20.81061525586589
1,66,108.1,7238.6,0,0,0,0,1,0,1,1,0,0,0,0,1,0,1,0,0,0,1,0,1,1,0,0,0,0,0,0.4104625478194158,44.37100141927885
1,4,20.05,91.45,0,0,0,0,1,0,0,0,1,1,0,1,0,1,0,1,0,1,0,1,0,0,0,0,0,0,1,0.41043935041238977,8.229308975768415
0,5,25.45,134.75,0,0,0,0,1,0,1,0,1,1,0,1,0,1,0,1,0,1,0,1,0,0,0,0,0,0,1,0.4104370064571356,10.445621814334102
1,58,45.3,2651.2,1,1,1,0,0,1,0,0,0,0,0,0,1,0,1,0,0,0,0,0,1,0,0,1,0,1,0,0.41038504400354475,18.590442493360577
0,53,90.8,4921.2,0,0,0,0,1,0,1,1,0,0,1,0,1,0,1,0,0,0,0,0,0,0,0,0,0,1,0,0.410329686068402,37.2579354950109
1,49,89.85,4287.2,0,0,0,0,1,0,0,1,0,0,0,0,1,0,1,0,0,0,0,0,1,1,0,1,0,0,0,0.41027834647911543,36.86350943114852
0,7,49.75,331.3,1,1,1,1,1,0,0,0,0,0,1,0,0,0,0,0,0,0,0,0,0,1,0,1,0,1,0,0.4102129228861338,20.408092913585158
1,30,50.4,1527.5,1,1,1,0,1,0,0,0,0,0,0,0,1,0,0,0,0,0,0,0,0,0,0,1,0,0,0,0.4098727450312479,20.657586349574892
0,12,50.25,593.75,1,1,0,0,1,0,0,0,0,0,0,0,0,0,0,0,1,0,0,0,0,0,0,0,0,0,0,0.4087429135846723,20.53933140762978
0,58,106.45,6145.85,1,0,0,0,1,0,0,1,0,0,1,0,1,0,1,0,0,0,1,0,1,1,0,1,0,1,0,0.4085677217339813,43.49203397858231
0,63,108.25,6780.1,0,0,0,0,1,0,1,1,0,0,1,0,1,0,1,0,0,0,1,0,1,0,0,0,1,0,0,0.4084026324506551,44.20958496278342
0,1,20.95,20.95,0,1,0,0,1,0,0,0,1,1,0,1,0,1,0,1,0,1,0,1,0,0,0,0,0,0,0,0.408371363759729,8.555380070766322
0,25,55.55,1405.3,0,1,1,0,1,0,1,0,0,0,0,0,0,0,1,0,0,0,0,0,0,0,0,0,1,0,0,0.40836868327106446,22.68488035570763
1,65,85.75,5688.45,0,1,1,1,1,0,1,1,0,0,1,0,1,0,0,0,0,0,0,0,0,0,0,1,0,1,0,0.4082974527803015,35.01150657591085
0,45,75.95,3273.8,0,1,0,0,1,0,0,0,0,0,1,0,0,0,1,0,0,0,1,0,1,0,0,1,0,1,0,0.4082736616170089,31.008384599811826
1,28,51.0,1381.8,0,1,1,1,1,0,1,0,0,0,0,0,0,0,0,0,0,0,0,0,0,1,0,1,0,1,0,0.40815297637538495,20.815801795144633
0,1,20.95,20.95,1,0,0,0,1,0,0,0,1,1,0,1,0,1,0,1,0,1,0,1,0,0,0,0,0,0,1,0.40808473255751065,8.549375147079848
0,1,20.9,20.9,1,0,0,0,1,0,0,0,1,1,0,1,0,1,0,1,0,1,0,1,0,0,0,0,0,0,1,0.4079531028336095,8.52621984922244
0,1,20.9,20.9,1,0,0,0,1,0,0,0,1,1,0,1,0,1,0,1,0,1,0,1,0,0,0,0,0,0,1,0.4079531028336095,8.52621984922244
0,1,20.9,20.9,0,0,0,0,1,0,0,0,1,1,0,1,0,1,0,1,0,1,0,1,0,0,0,0,0,0,1,0.4079531028336095,8.52621984922244
1,45,98.7,4525.8,0,1,1,0,1,0,1,1,0,0,0,0,1,0,1,0,1,0,1,0,0,1,0,1,0,0,0,0.4074224968488519,40.21260043898168
0,7,19.4,168.65,0,1,0,0,1,0,0,0,1,1,0,1,0,1,0,1,0,1,0,1,0,0,0,1,0,0,1,0.4073827646119429,7.903225633471692
0,7,19.95,147.5,0,1,0,0,1,0,0,0,1,1,0,1,0,1,0,1,0,1,0,1,0,0,0,1,0,0,1,0.40736274925058286,8.126886847549128
0,24,83.15,2033.05,0,0,1,1,1,0,1,1,0,0,0,0,1,0,1,0,0,0,0,0,0,1,0,0,0,0,0,0.4072556577064201,33.863307938288834
1,22,69.75,1545.4,0,0,0,0,1,0,0,0,0,0,1,0,0,0,1,0,1,0,0,0,1,0,0,1,0,0,1,0.4071998060492053,28.40218647193207
0,49,100.45,4941.8,1,0,1,1,1,0,1,1,0,0,0,0,1,0,0,0,0,0,1,0,1,1,0,0,0,0,1,0.407143547648896,40.897569361331605
0,24,49.7,1218.25,0,1,0,0,1,0,0,0,0,0,0,0,1,0,0,0,0,0,0,0,0,0,0,1,0,0,1,0.4070527666282692,20.230522501424982
0,41,104.45,4162.05,0,0,1,0,1,0,0,1,0,0,1,0,1,0,1,0,0,0,1,0,1,1,0,1,0,0,0,0.40699892782871266,42.51103801170904
0,1,20.5,20.5,1,0,0,0,1,0,0,0,1,1,0,1,0,1,0,1,0,1,0,1,0,0,0,0,0,0,1,0.40690054189464625,8.341461108840248
0,1,20.5,20.5,0,0,0,0,1,0,0,0,1,1,0,1,0,1,0,1,0,1,0,1,0,0,0,0,0,0,1,0.40690054189464625,8.341461108840248
0,1,20.4,20.4,0,0,0,0,1,0,0,0,1,1,0,1,0,1,0,1,0,1,0,1,0,0,0,0,0,0,1,0.40663753476148323,8.295405709134258
0,1,20.4,20.4,1,0,0,0,1,0,0,0,1,1,0,1,0,1,0,1,0,1,0,1,0,0,0,0,0,0,1,0.40663753476148323,8.295405709134258
0,1,20.35,20.35,0,0,0,0,1,0,0,0,1,1,0,1,0,1,0,1,0,1,0,1,0,0,0,0,0,0,1,0.4065060512564078,8.2723981430679
0,14,105.95,1348.9,1,0,1,0,1,0,0,1,0,0,1,0,1,0,0,0,1,0,1,0,1,1,0,0,0,0,1,0.4064492198479124,43.063294842886314
0,1,20.2,20.2,0,1,0,0,1,0,0,0,1,1,0,1,0,1,0,1,0,1,0,1,0,0,0,0,0,0,0,0.40639787805238625,8.209237136658203
0,1,20.05,20.05,1,1,0,0,1,0,0,0,1,1,0,1,0,1,0,1,0,1,0,1,0,0,0,0,0,0,0,0.4060035411456469,8.140370999970221
0,1,20.15,20.15,0,0,0,0,1,0,0,0,1,1,0,1,0,1,0,1,0,1,0,1,0,0,0,0,0,0,1,0.4059802513872381,8.180502065452847
0,51,81.0,4085.75,0,1,0,0,1,0,1,1,0,0,0,0,1,0,0,0,0,0,0,0,0,0,0,0,0,0,0,0.405823953497078,32.87174023326332
0,1,19.9,19.9,0,0,0,0,1,0,0,0,1,1,0,1,0,1,0,1,0,1,0,1,0,0,0,0,0,0,1,0.40532330469977257,8.065933763525473
0,1,19.9,19.9,0,0,0,0,1,0,0,0,1,1,0,1,0,1,0,1,0,1,0,1,0,0,0,0,0,0,1,0.40532330469977257,8.065933763525473
0,1,19.9,19.9,1,0,0,0,1,0,0,0,1,1,0,1,0,1,0,1,0,1,0,1,0,0,0,0,0,0,1,0.40532330469977257,8.065933763525473
0,1,19.75,19.75,0,1,0,0,1,0,0,0,1,1,0,1,0,1,0,1,0,1,0,1,0,0,0,0,0,0,0,0.4052152313414374,8.003000818993389
0,1,19.85,19.85,0,0,0,0,1,0,0,0,1,1,0,1,0,1,0,1,0,1,0,1,0,0,0,0,0,0,1,0.4051919559564639,8.043060325735809
0,8,20.7,137.6,0,0,0,0,1,0,0,0,1,1,0,1,0,1,0,1,0,1,0,1,0,0,0,1,0,0,1,0.40505474106308303,8.38463314000582
0,1,19.65,19.65,0,1,0,0,1,0,0,0,1,1,0,1,0,1,0,1,0,1,0,1,0,0,0,0,0,0,0,0.4049525697724493,7.957317996028628
0,1,19.75,19.75,0,0,0,0,1,0,0,0,1,1,0,1,0,1,0,1,0,1,0,1,0,0,0,0,0,0,1,0.40492929920330334,7.997353659265241
0,8,19.7,168.9,0,1,0,0,1,0,0,0,1,1,0,1,0,1,0,1,0,1,0,1,0,0,0,1,0,0,0,0.40489412810807196,7.976414323729017
0,16,53.9,834.15,1,0,0,0,1,0,0,0,0,0,0,0,1,0,0,0,1,0,0,0,0,0,0,1,0,0,1,0.4048432025055139,21.8210486150472
1,57,95.3,5567.45,0,0,1,1,1,0,0,1,0,0,0,0,1,0,1,0,1,0,1,0,0,0,0,1,1,0,0,0.4047356254141782,38.57130510197118
0,1,19.65,19.65,0,0,0,0,1,0,0,0,1,1,0,1,0,1,0,1,0,1,0,1,0,0,0,0,0,0,1,0.40466669687735135,7.951700593639954
0,1,19.65,19.65,0,0,0,0,1,0,0,0,1,1,0,1,0,1,0,1,0,1,0,1,0,0,0,0,0,0,1,0.40466669687735135,7.951700593639954
0,1,19.65,19.65,1,0,0,0,1,0,0,0,1,1,0,1,0,1,0,1,0,1,0,1,0,0,0,0,0,0,1,0.40466669687735135,7.951700593639954
0,8,43.45,345.5,0,1,1,1,1,0,0,0,0,0,0,0,0,0,0,0,0,0,0,0,0,1,0,1,0,0,1,0.40466635305318543,17.58275304016091
1,51,93.65,4839.15,0,1,1,0,1,0,1,1,0,0,1,0,0,0,1,0,0,0,0,0,1,1,0,1,0,0,0,0.40459631284687,37.89044469810938
0,47,103.7,4730.6,0,0,0,0,1,0,0,1,0,0,1,0,0,0,1,0,1,0,1,0,1,1,0,1,0,1,0,0.40456516315681285,41.95340741936149
0,60,49.75,3069.45,0,0,1,1,0,1,0,0,0,0,0,0,1,0,0,0,0,0,1,0,1,0,0,1,0,1,0,0.40441750857311837,20.11977105151264
0,1,19.55,19.55,0,0,0,0,1,0,0,0,1,1,0,1,0,1,0,1,0,1,0,1,0,0,0,0,0,0,1,0.40440414911762057,7.9061011152494824
0,1,19.55,19.55,0,0,0,0,1,0,0,0,1,1,0,1,0,1,0,1,0,1,0,1,0,0,0,0,0,0,1,0.40440414911762057,7.9061011152494824
0,1,19.5,19.5,0,0,0,0,1,0,0,0,1,1,0,1,0,1,0,1,0,1,0,1,0,0,0,0,0,0,1,0.40427289574349606,7.883321466998173
0,1,19.5,19.5,1,0,0,0,1,0,0,0,1,1,0,1,0,1,0,1,0,1,0,1,0,0,0,0,0,0,1,0.40427289574349606,7.883321466998173
0,2,20.35,41.85,0,0,1,0,1,0,0,0,1,1,0,1,0,1,0,1,0,1,0,1,0,0,0,0,0,0,1,0.404108785454604,8.223613784001191
1,65,94.4,6126.15,0,0,1,0,1,0,0,1,0,0,1,0,1,0,1,0,0,0,0,0,1,0,0,0,0,1,0,0.4039757968174494,38.135315219567225
0,20,68.7,1416.2,0,1,0,0,1,0,1,0,0,0,0,0,1,0,0,0,1,0,1,0,0,1,0,1,0,1,0,0.4038590786586297,27.74511870384786
0,7,18.95,130.55,0,1,0,0,1,0,0,0,1,1,0,1,0,1,0,1,0,1,0,1,0,0,0,1,0,0,1,0.40365838356541156,7.649326368564549
0,1,19.15,19.15,0,0,0,0,1,0,0,0,1,1,0,1,0,1,0,1,0,1,0,1,0,0,0,0,0,0,1,0.403354506516867,7.724238799798003
0,1,19.1,19.1,0,0,0,0,1,0,0,0,1,1,0,1,0,1,0,1,0,1,0,1,0,0,0,0,0,0,1,0.4032233631769248,7.701566236679264
0,14,44.6,641.25,0,1,1,0,1,0,0,0,0,0,0,0,0,0,0,0,0,0,0,0,0,1,0,0,0,1,0,0.40317600308753293,17.981649737703968
0,29,34.3,1004.75,0,1,0,0,0,1,0,0,0,0,0,0,1,0,0,0,1,0,0,0,0,0,0,0,0,1,0,0.40293504431399896,13.820672019970162
0,11,40.4,422.6,0,0,0,0,0,1,0,0,0,0,0,0,1,0,1,0,1,0,0,0,0,1,0,1,1,0,0,0.4027480742229305,16.271022198606392
1,66,102.85,6976.75,0,0,0,0,1,0,1,1,0,0,0,0,0,0,1,0,1,0,1,0,1,1,0,1,1,0,0,0.4022265751849461,41.3690032577717
0,65,95.5,6153.85,0,0,0,0,1,0,1,1,0,0,0,0,1,0,1,0,0,0,1,0,0,1,0,1,0,1,0,0.4021927004433276,38.40940289233779
0,27,59.45,1611.65,0,1,0,0,1,0,1,0,0,0,0,0,0,0,1,0,1,0,0,0,0,0,0,0,0,1,0,0.4020221747256875,23.900218287442126
0,17,74.55,1215.8,0,0,1,1,1,0,0,0,0,0,1,0,1,0,0,0,0,0,1,0,1,0,0,0,0,0,1,0.40193851114120194,29.964516005576602
1,66,80.45,5224.35,1,0,0,0,1,0,1,1,0,0,0,0,1,0,0,0,0,0,0,0,0,0,0,1,1,0,0,0.4019237956805901,32.33476936250347
1,42,55.65,2421.75,0,0,0,0,1,0,1,0,0,0,0,0,0,0,1,0,0,0,0,0,0,0,0,0,0,1,0,0.40153721265732006,22.34554588437986
0,67,111.25,7511.65,0,0,1,0,1,0,1,1,0,0,1,0,0,0,1,0,1,0,1,0,1,1,0,1,0,1,0,0.40153480341730824,44.67074688017554
0,2,18.75,53.15,0,0,0,0,1,0,0,0,1,1,0,1,0,1,0,1,0,1,0,1,0,0,0,0,0,0,0,0.4013588147202109,7.525477776003954
0,6,55.15,322.9,0,0,0,0,1,0,0,0,0,0,1,0,1,0,0,0,0,0,0,0,0,0,0,0,0,0,1,0.4012229745305277,22.1274470453586
0,71,109.6,7854.15,0,1,1,0,1,0,1,1,0,0,1,0,1,0,1,0,0,0,1,0,1,1,0,1,0,1,0,0.4011709551638329,43.96833668595608
0,1,20.3,20.3,0,0,0,0,1,0,0,0,1,1,0,1,0,1,0,1,0,1,0,1,0,0,0,0,1,0,0,0.400810286958558,8.136448825258729
0,45,50.9,2333.85,0,0,1,1,0,1,0,0,0,0,1,0,0,0,0,0,0,0,1,0,1,0,0,1,0,0,0,0.4003889070046762,20.37979536653802
0,26,81.9,2078.55,0,0,1,0,1,0,0,0,0,0,0,0,1,0,1,0,1,0,1,0,1,0,0,0,0,0,0,0.4001515214018825,32.77240960281418
0,1,19.95,19.95,0,0,0,0,1,0,0,0,1,1,0,1,0,1,0,1,0,1,0,1,0,0,0,0,1,0,0,0.39989448352196544,7.97789494626321
1,67,107.05,7142.5,0,0,1,0,1,0,1,1,0,0,1,0,0,0,1,0,0,0,1,0,1,1,0,1,1,0,0,0.39987092884937164,42.80618293332523
0,1,19.8,19.8,0,0,0,0,1,0,0,0,1,1,0,1,0,1,0,1,0,1,0,1,0,0,0,0,1,0,0,0.3995022100274011,7.910143758542542
0,1,21.1,21.1,0,1,0,0,1,0,0,0,1,1,0,1,0,1,0,1,0,1,0,1,0,0,0,0,0,0,1,0.3994212358302805,8.427788076018919
0,10,19.95,187.75,0,0,1,0,1,0,0,0,1,1,0,1,0,1,0,1,0,1,0,1,0,0,0,1,0,0,0,0.39941400563610163,7.968309412440227
0,64,92.85,5980.75,0,0,1,1,1,0,1,1,0,0,0,0,1,0,1,0,0,0,0,0,1,1,0,1,0,1,0,0.39932976368750794,37.07776855838511
1,54,115.6,6431.05,0,0,1,0,1,0,1,1,0,0,1,0,1,0,1,0,1,0,1,0,1,1,0,1,0,0,0,0.39889533560682267,46.112300796148695
0,1,19.55,19.55,0,0,0,0,1,0,0,0,1,1,0,1,0,1,0,1,0,1,0,1,0,0,0,0,1,0,0,0.39884870750082396,7.797492231641109
0,10,54.95,568.85,0,1,1,0,1,0,0,0,0,0,1,0,0,0,0,0,1,0,0,0,0,0,0,1,1,0,0,0.39876788624524245,21.912295349176073
0,1,20.8,20.8,0,1,0,0,1,0,0,0,1,1,0,1,0,1,0,1,0,1,0,1,0,0,0,0,0,0,1,0.3986371293748659,8.291652290997211
0,39,89.55,3474.45,1,0,1,1,1,0,1,1,0,0,0,0,1,0,1,0,1,0,0,0,0,1,0,1,0,1,0,0.39852949025171647,35.68831585204121
0,1,19.4,19.4,0,0,0,0,1,0,0,0,1,1,0,1,0,1,0,1,0,1,0,1,0,0,0,0,1,0,0,0.39845677871327295,7.730061507037495
1,5,20.05,94.15,0,1,0,0,1,0,0,0,1,1,0,1,0,1,0,1,0,1,0,1,0,0,0,0,0,0,0,0.3982911025961909,7.985736607053627
0,27,53.8,1389.85,0,1,1,0,1,0,0,0,0,0,0,0,1,0,0,0,1,0,0,0,0,0,0,1,0,1,0,0.39824766764788044,21.425724519455965
0,1,20.6,20.6,0,1,0,0,1,0,0,0,1,1,0,1,0,1,0,1,0,1,0,1,0,0,0,0,0,0,1,0.3981146801696755,8.201162411495316
0,1,20.6,20.6,1,1,0,0,1,0,0,0,1,1,0,1,0,1,0,1,0,1,0,1,0,0,0,0,0,0,1,0.3981146801696755,8.201162411495316
0,26,95.85,2475.35,0,0,0,0,1,0,0,1,0,0,1,0,0,0,1,0,1,0,0,0,1,1,0,1,0,0,0,0.39809641628846054,38.15754150124894
0,1,20.5,20.5,1,1,0,0,1,0,0,0,1,1,0,1,0,1,0,1,0,1,0,1,0,0,0,0,0,0,1,0.3978535425045887,8.155997621344069
0,1,20.45,20.45,0,1,0,0,1,0,0,0,1,1,0,1,0,1,0,1,0,1,0,1,0,0,0,0,0,0,1,0.39772299546582796,8.133435257276181
0,1,20.45,20.45,0,1,0,0,1,0,0,0,1,1,0,1,0,1,0,1,0,1,0,1,0,0,0,0,0,0,1,0.39772299546582796,8.133435257276181
0,1,20.4,20.4,0,1,0,0,1,0,0,0,1,1,0,1,0,1,0,1,0,1,0,1,0,0,0,0,0,0,1,0.3975924629788651,8.110886244768848
0,1,20.35,20.35,0,1,0,0,1,0,0,0,1,1,0,1,0,1,0,1,0,1,0,1,0,0,0,0,0,0,1,0.3974619450606467,8.08835058198416
0,1,20.3,20.3,0,1,0,0,1,0,0,0,1,1,0,1,0,1,0,1,0,1,0,1,0,0,0,0,0,0,1,0.3973314417281116,8.065828267080665
0,1,20.3,20.3,0,1,0,0,1,0,0,0,1,1,0,1,0,1,0,1,0,1,0,1,0,0,0,0,0,0,1,0.3973314417281116,8.065828267080665
0,1,20.25,20.25,1,1,0,0,1,0,0,0,1,1,0,1,0,1,0,1,0,1,0,1,0,0,0,0,0,0,1,0.3972009529981901,8.04331929821335
0,1,20.25,20.25,0,1,0,0,1,0,0,0,1,1,0,1,0,1,0,1,0,1,0,1,0,0,0,0,0,0,1,0.3972009529981901,8.04331929821335
0,49,99.25,4920.8,0,1,1,0,1,0,0,1,0,0,0,0,0,0,1,0,1,0,1,0,1,1,0,1,1,0,0,0.3971814281785734,39.42025674672341
0,19,55.0,1046.5,1,1,0,0,1,0,0,0,0,0,0,0,0,0,1,0,1,0,0,0,0,0,0,1,1,0,0,0.3971073721299223,21.840905467145728
0,23,54.25,1221.55,0,0,1,0,1,0,0,0,0,0,0,0,0,0,1,0,1,0,0,0,0,0,0,0,0,1,0,0.397102621578436,21.542817220630152
0,1,20.2,20.2,1,1,0,0,1,0,0,0,1,1,0,1,0,1,0,1,0,1,0,1,0,0,0,0,0,0,1,0.3970704788878048,8.020823673533656
0,1,20.2,20.2,0,1,0,0,1,0,0,0,1,1,0,1,0,1,0,1,0,1,0,1,0,0,0,0,0,0,1,0.3970704788878048,8.020823673533656
0,1,20.2,20.2,0,1,0,0,1,0,0,0,1,1,0,1,0,1,0,1,0,1,0,1,0,0,0,0,0,0,1,0.3970704788878048,8.020823673533656
0,1,20.2,20.2,0,1,0,0,1,0,0,0,1,1,0,1,0,1,0,1,0,1,0,1,0,0,0,0,0,0,1,0.3970704788878048,8.020823673533656
0,71,105.7,7472.15,0,1,1,0,1,0,1,1,0,0,0,0,1,0,1,0,0,0,1,0,1,1,0,1,0,0,0,0.39703238105280986,41.966322677282
0,1,20.15,20.15,1,1,0,0,1,0,0,0,1,1,0,1,0,1,0,1,0,1,0,1,0,0,0,0,0,0,1,0.3969400194138699,7.998341391189478
0,1,20.15,20.15,1,1,0,0,1,0,0,0,1,1,0,1,0,1,0,1,0,1,0,1,0,0,0,0,0,0,1,0.3969400194138699,7.998341391189478
0,1,20.1,20.1,1,1,0,0,1,0,0,0,1,1,0,1,0,1,0,1,0,1,0,1,0,0,0,0,0,0,1,0.3968095745932917,7.975872449325164
0,14,54.25,773.2,0,0,0,0,1,0,1,0,0,0,0,0,1,0,0,0,0,0,0,0,0,1,0,1,0,0,1,0.39676977550472403,21.52476032113128
0,67,111.3,7482.1,1,1,1,1,1,0,1,1,0,0,1,0,1,0,1,0,0,0,1,0,1,1,0,1,0,1,0,0.39676235252987707,44.15964983657532
0,1,20.05,20.05,0,1,0,0,1,0,0,0,1,1,0,1,0,1,0,1,0,1,0,1,0,0,0,0,0,0,1,0.3966791444429681,7.9534168460815104
0,1,20.05,20.05,0,1,0,0,1,0,0,0,1,1,0,1,0,1,0,1,0,1,0,1,0,0,0,0,0,0,1,0.3966791444429681,7.9534168460815104
0,1,20.05,20.05,0,1,0,0,1,0,0,0,1,1,0,1,0,1,0,1,0,1,0,1,0,0,0,0,0,0,1,0.3966791444429681,7.9534168460815104
0,1,20.0,20.0,1,1,0,0,1,0,0,0,1,1,0,1,0,1,0,1,0,1,0,1,0,0,0,0,0,0,1,0.3965487289797888,7.930974579595777
0,1,20.0,20.0,0,1,0,0,1,0,0,0,1,1,0,1,0,1,0,1,0,1,0,1,0,0,0,0,0,0,1,0.3965487289797888,7.930974579595777
0,49,75.2,3678.3,1,1,0,1,1,0,1,1,0,0,0,0,0,0,0,0,0,0,0,0,0,0,0,0,1,0,0,0.3964560186598016,29.81349260321708
0,1,19.95,19.95,0,1,0,0,1,0,0,0,1,1,0,1,0,1,0,1,0,1,0,1,0,0,0,0,0,0,1,0.39641832822063583,7.9085456480016845
0,10,24.4,253.9,0,1,1,1,1,0,1,0,1,1,0,1,0,1,0,1,0,1,0,1,0,0,0,1,0,0,1,0.3963430997578972,9.670771634092691
0,1,19.8,19.8,1,1,0,0,1,0,0,0,1,1,0,1,0,1,0,1,0,1,0,1,0,0,0,0,0,0,1,0.3960272143360276,7.841338843853347
0,10,20.55,252.75,0,0,1,0,1,0,0,0,1,1,0,1,0,1,0,1,0,1,0,1,0,0,0,1,0,0,1,0.39600446194711686,8.137891693013252
0,9,64.95,547.8,0,1,0,0,1,0,0,0,0,0,1,0,0,0,0,0,1,0,0,0,1,0,0,0,0,0,1,0.39597559338213517,25.71861479016968
0,2,20.65,38.7,1,0,0,0,1,0,0,0,1,1,0,1,0,1,0,1,0,1,0,1,0,0,0,0,0,0,1,0.3959217689386921,8.175784528583991
0,1,19.75,19.75,1,1,0,0,1,0,0,0,1,1,0,1,0,1,0,1,0,1,0,1,0,0,0,0,0,0,1,0.3958968725616323,7.818963233092238
0,1,19.75,19.75,0,1,0,0,1,0,0,0,1,1,0,1,0,1,0,1,0,1,0,1,0,0,0,0,0,0,1,0.3958968725616323,7.818963233092238
0,1,19.7,19.7,1,1,0,0,1,0,0,0,1,1,0,1,0,1,0,1,0,1,0,1,0,0,0,0,0,0,1,0.3957665455755487,7.796600947838309
0,1,19.65,19.65,1,1,0,0,1,0,0,0,1,1,0,1,0,1,0,1,0,1,0,1,0,0,0,0,0,0,1,0.39563623339460946,7.774251986204075
0,1,19.65,19.65,0,1,0,0,1,0,0,0,1,1,0,1,0,1,0,1,0,1,0,1,0,0,0,0,0,0,1,0.39563623339460946,7.774251986204075
0,2,20.35,45.3,0,0,0,0,1,0,0,0,1,1,0,1,0,1,0,1,0,1,0,1,0,0,0,0,0,0,1,0.3956019751130555,8.05050019355068
0,1,19.55,19.55,0,1,0,0,1,0,0,0,1,1,0,1,0,1,0,1,0,1,0,1,0,0,0,0,0,0,1,0.39537565351545295,7.7295940262271055
0,1,19.55,19.55,1,1,0,0,1,0,0,0,1,1,0,1,0,1,0,1,0,1,0,1,0,0,0,0,0,0,1,0.39537565351545295,7.7295940262271055
0,44,68.85,2958.95,0,1,0,0,1,0,0,1,0,0,0,0,0,0,0,0,0,0,0,0,0,0,0,0,1,0,0,0.3953050272162803,27.216751123840897
0,2,20.3,41.2,0,0,0,0,1,0,0,0,1,1,0,1,0,1,0,1,0,1,0,1,0,0,0,0,0,0,1,0.3952005379102879,8.022570919578845
0,1,19.45,19.45,0,1,0,0,1,0,0,0,1,1,0,1,0,1,0,1,0,1,0,1,0,0,0,0,0,0,1,0.3951151330586582,7.684989337990902
0,1,19.4,19.4,1,1,0,0,1,0,0,0,1,1,0,1,0,1,0,1,0,1,0,1,0,0,0,0,0,0,1,0.3949848951556404,7.662706966019423
0,3,20.85,72.0,0,0,1,0,1,0,0,0,1,1,0,1,0,1,0,1,0,1,0,1,0,0,0,0,0,0,1,0.3948419172794837,8.232453975277236
0,33,79.15,2531.4,0,0,1,1,1,0,1,0,0,0,0,0,0,0,1,0,1,0,1,0,1,1,0,1,0,1,0,0.3947881649090896,31.247483252554442
0,2,20.1,39.8,0,0,0,0,1,0,0,0,1,1,0,1,0,1,0,1,0,1,0,1,0,0,0,0,0,0,1,0.3945993469581782,7.931446873859382
0,1,19.2,19.2,0,1,0,0,1,0,0,0,1,1,0,1,0,1,0,1,0,1,0,1,0,0,0,0,0,0,1,0.3944640927709411,7.573710581202068
0,2,19.4,61.05,0,0,0,0,1,0,0,0,1,1,0,1,0,1,0,1,0,1,0,1,0,0,0,0,0,0,1,0.3942453756670492,7.648360287940754
1,6,19.5,106.8,0,0,0,0,1,0,0,0,1,1,0,1,0,1,0,1,0,1,0,1,0,0,0,0,0,0,0,0.3942102131284121,7.687099156004035
0,1,19.1,19.1,0,1,0,0,1,0,0,0,1,1,0,1,0,1,0,1,0,1,0,1,0,0,0,0,0,0,1,0.3942037813496593,7.5292922237784925
0,2,19.95,38.15,0,0,0,0,1,0,0,0,1,1,0,1,0,1,0,1,0,1,0,1,0,0,0,0,0,0,1,0.3941085361178352,7.862465295550812
0,1,19.05,19.05,0,1,0,0,1,0,0,0,1,1,0,1,0,1,0,1,0,1,0,1,0,0,0,0,0,0,1,0.39407364814038837,7.507102997074399
0,7,20.25,174.7,0,1,1,1,1,0,0,0,1,1,0,1,0,1,0,1,0,1,0,1,0,0,0,1,0,0,0,0.39397777295844677,7.978049902408547
0,2,20.0,38.0,0,1,1,0,1,0,0,0,1,1,0,1,0,1,0,1,0,1,0,1,0,0,0,0,0,0,1,0.39393712723427693,7.878742544685538
0,59,51.7,3005.8,0,1,0,0,0,1,0,0,0,0,0,0,0,0,0,0,1,0,1,0,1,0,0,1,0,1,0,0.3938073111317991,20.359837985514016
0,1,18.9,18.9,0,1,0,0,1,0,0,0,1,1,0,1,0,1,0,1,0,1,0,1,0,0,0,0,0,0,1,0.3936833387187313,7.4406151017840205
0,14,48.8,664.4,0,1,1,0,1,0,0,0,0,0,0,0,0,0,0,0,1,0,0,0,0,0,0,0,0,0,0,0.3933799649089951,19.196942287558958
0,1,20.75,20.75,0,1,0,0,1,0,0,0,1,1,0,1,0,1,0,1,0,1,0,1,0,0,0,0,1,0,0,0.39297861552680297,8.154306272181161
1,65,103.9,6767.1,0,0,1,1,1,0,1,1,0,0,0,0,0,0,1,0,1,0,1,0,1,1,0,1,0,0,0,0.3929785615990529,40.8304725501416
0,2,19.3,44.4,0,0,0,0,1,0,0,0,1,1,0,1,0,1,0,1,0,1,0,1,0,0,0,0,0,0,1,0.3928789722974562,7.582564165340905
0,24,54.75,1338.15,1,1,1,1,1,0,1,0,0,0,1,0,0,0,0,0,0,0,0,0,0,0,0,0,0,1,0,0.3928107157602715,21.506386687874866
0,2,19.5,31.55,1,0,0,0,1,0,0,0,1,1,0,1,0,1,0,1,0,1,0,1,0,0,0,0,0,0,1,0.39252719245491124,7.65428025287077
0,1,20.55,20.55,0,1,0,0,1,0,0,0,1,1,0,1,0,1,0,1,0,1,0,1,0,0,0,0,1,0,0,0.39245874251891305,8.065027158763664
0,66,89.4,5976.9,0,1,0,0,1,0,1,1,0,0,0,0,1,0,0,0,0,0,0,0,1,0,0,0,1,0,0,0.39245216828552276,35.08522384472574
0,31,55.25,1715.65,1,1,0,0,1,0,0,0,0,0,0,0,0,0,1,0,1,0,0,0,0,0,0,1,0,1,0,0.3923251700680234,21.675965646258295
1,21,71.7,1497.05,0,0,1,0,1,0,1,0,0,0,0,0,1,0,1,0,0,0,0,0,1,1,0,0,0,0,0,0.3922609442133864,28.125109700099806
0,2,19.5,27.55,0,0,0,0,1,0,0,0,1,1,0,1,0,1,0,1,0,1,0,1,0,0,0,0,0,0,1,0.39226009588534755,7.649071869764277
0,47,110.85,5275.8,1,1,1,0,1,0,1,1,0,0,1,0,0,0,1,0,1,0,1,0,1,1,0,1,1,0,0,0.39222094663505497,43.477691934495844
1,72,97.25,7133.1,0,1,1,0,1,0,1,1,0,0,0,0,1,0,0,0,0,0,1,0,1,1,0,1,1,0,0,0.3919714554054173,38.11922403817683
0,22,59.0,1254.7,1,1,0,0,1,0,1,0,0,0,1,0,1,0,0,0,0,0,0,0,0,0,0,0,0,1,0,0.39191533532905093,23.123004784414004
0,35,59.6,2094.9,0,1,0,0,1,0,1,0,0,0,1,0,0,0,1,0,0,0,0,0,0,0,0,1,0,1,0,0.3917578143920723,23.34876573776751
0,8,20.45,162.3,0,1,0,0,1,0,0,0,1,1,0,1,0,1,0,1,0,1,0,1,0,0,0,1,1,0,0,0.39152067936205676,8.00659789295406
0,3,20.0,49.65,0,1,1,0,1,0,0,0,1,1,0,1,0,1,0,1,0,1,0,1,0,0,0,0,0,0,0,0.3914780439051575,7.82956087810315
0,31,66.4,2019.8,0,1,1,0,1,0,0,0,0,0,0,0,0,0,1,0,1,0,0,0,1,0,0,1,1,0,0,0.39102619447452847,25.964139313108692
0,25,108.9,2809.05,0,0,0,0,1,0,1,1,0,0,0,0,1,0,1,0,1,0,1,0,1,0,1,0,0,1,0,0.3910227653884739,42.58237915080481
0,51,94.8,4837.6,1,1,0,0,1,0,1,1,0,0,1,0,1,0,0,0,0,0,1,0,0,1,0,1,0,1,0,0.3909561822242197,37.062646074856026
0,58,100.35,5681.1,0,1,1,0,1,0,1,1,0,0,0,0,0,0,1,0,0,0,1,0,1,1,0,0,1,0,0,0.3903873810321028,39.17537368657151
0,56,44.85,2564.95,0,0,0,0,0,1,0,0,0,0,0,0,0,0,0,0,0,0,1,0,1,0,0,1,1,0,0,0.38973771199381524,17.479736382922614
0,10,20.0,185.4,0,1,0,0,1,0,0,0,1,1,0,1,0,1,0,1,0,1,0,1,0,0,0,0,0,1,0,0.38945888133937184,7.789177626787437
0,2,20.35,35.1,0,0,0,0,1,0,0,0,1,1,0,1,0,1,0,1,0,1,0,1,0,0,0,0,1,0,0,0.38940880593950955,7.92446920086902
0,1,19.3,19.3,0,1,0,0,1,0,0,0,1,1,0,1,0,1,0,1,0,1,0,1,0,0,0,0,1,0,0,0.3892150992067338,7.511851414689962
0,22,69.5,1498.2,1,0,1,1,1,0,0,0,0,0,0,0,1,0,0,0,0,0,1,0,1,1,0,1,0,0,0,0.3891934677290347,27.04894600716791
0,8,56.3,401.5,0,0,1,1,1,0,0,0,0,0,0,0,1,0,0,0,1,0,0,0,0,0,0,0,0,0,0,0.3887426696180443,21.886212299495895
0,48,103.25,5037.55,1,0,1,1,1,0,1,1,0,0,1,0,1,0,0,0,0,0,1,0,1,1,0,1,1,0,0,0.3885051267030027,40.11315433208503
1,66,116.25,7862.25,0,1,1,1,1,0,1,1,0,0,1,0,1,0,1,0,1,0,1,0,1,1,0,1,0,1,0,0.38847266757486276,45.1599476055778
0,67,102.95,6886.25,1,0,0,0,1,0,1,1,0,0,1,0,1,0,1,0,0,0,1,0,0,0,0,1,1,0,0,0.3880254582568386,39.94722092754154
0,64,91.8,5960.5,0,1,1,1,1,0,1,1,0,0,1,0,1,0,1,0,0,0,0,0,0,0,0,1,0,1,0,0.3879355625493423,35.61248464202962
0,10,20.9,247.0,0,0,0,0,1,0,0,0,1,1,0,1,0,1,0,1,0,1,0,1,0,0,0,1,0,0,1,0.38782793687954004,8.105603880782386
1,27,30.75,805.1,1,1,1,0,0,1,0,0,0,0,1,0,0,0,0,0,0,0,0,0,0,0,0,0,1,0,0,0.3877630461301292,11.923713668501472
0,57,53.75,3196.0,0,1,0,0,0,1,0,0,0,0,1,0,0,0,1,0,0,0,1,0,1,0,0,1,0,1,0,0.38757889297559445,20.8323654974382
0,2,20.75,44.2,0,1,0,0,1,0,0,0,1,1,0,1,0,1,0,1,0,1,0,1,0,0,0,0,0,0,1,0.3875771122340818,8.042225078857198
0,9,20.45,147.55,0,0,0,0,1,0,0,0,1,1,0,1,0,1,0,1,0,1,0,1,0,0,0,1,1,0,0,0.3870294638251249,7.914752535223803
0,70,98.9,6838.6,0,0,0,0,1,0,1,1,0,0,0,0,1,0,0,0,0,0,1,0,1,1,0,0,0,1,0,0.3869132346826819,38.26571891011724
0,58,110.65,6526.65,0,0,1,0,1,0,1,1,0,0,1,0,1,0,1,0,0,0,1,0,1,1,0,1,1,0,0,0.3867147545296061,42.78998758870092
0,71,98.65,6962.85,0,1,1,0,1,0,1,1,0,0,0,0,0,0,1,0,0,0,1,0,1,1,0,1,1,0,0,0.38659777795274686,38.13787079503848
0,54,86.2,4524.05,0,0,1,1,1,0,1,0,0,0,0,0,1,0,1,0,1,0,1,0,1,0,0,1,0,1,0,0.38640111443225633,33.3077760640605
0,28,54.9,1505.15,0,0,0,0,1,0,1,0,0,0,0,0,0,0,0,0,1,0,0,0,0,0,0,1,1,0,0,0.3862136888152482,21.203131515957125
0,58,105.05,6004.85,0,1,1,1,1,0,1,1,0,0,0,0,0,0,1,0,1,0,1,0,1,1,0,1,0,0,0,0.38610400984696924,40.56022623442412
0,15,20.0,288.05,1,1,1,1,1,0,0,0,1,1,0,1,0,1,0,1,0,1,0,1,0,0,0,1,0,1,0,0.38603697295452355,7.7207394590904705
0,30,50.0,1474.9,0,1,1,0,1,0,0,0,0,0,0,0,0,0,1,0,0,0,0,0,0,0,0,1,0,0,1,0.38592999169657355,19.296499584828677
0,11,51.0,581.7,0,0,1,1,1,0,0,0,0,0,1,0,0,0,0,0,0,0,0,0,0,0,0,0,0,0,0,0.3858510229304781,19.678402169454383
0,2,20.35,33.2,1,1,0,0,1,0,0,0,1,1,0,1,0,1,0,1,0,1,0,1,0,0,0,0,0,0,1,0.38583907089105324,7.851825092632934
0,2,20.25,36.8,0,1,0,0,1,0,0,0,1,1,0,1,0,1,0,1,0,1,0,1,0,0,0,0,0,0,1,0.3858263529110191,7.812983646448136
0,2,19.85,51.6,0,1,0,0,1,0,0,0,1,1,0,1,0,1,0,1,0,1,0,1,0,0,0,0,0,0,1,0.3858020280783208,7.658170257354668
0,22,54.2,1152.7,1,1,1,0,1,0,0,0,0,0,1,0,0,0,0,0,1,0,0,0,0,0,0,1,0,1,0,0.3857702518154747,20.90874764839873
0,2,20.05,42.7,0,1,0,0,1,0,0,0,1,1,0,1,0,1,0,1,0,1,0,1,0,0,0,0,0,0,1,0.3857146470269484,7.7335786728903155
0,21,75.9,1549.75,0,1,1,1,1,0,1,0,0,0,1,0,0,0,0,0,0,0,1,0,1,1,0,1,0,0,0,0.3855539337770789,29.26354357368029
0,2,20.05,33.7,0,1,0,0,1,0,0,0,1,1,0,1,0,1,0,1,0,1,0,1,0,0,0,0,0,0,1,0.38511758762559667,7.721607631893214
0,2,20.0,32.7,0,1,0,0,1,0,0,0,1,1,0,1,0,1,0,1,0,1,0,1,0,0,0,0,0,0,1,0.3849255528109199,7.698511056218398
0,27,49.0,1291.35,0,1,0,0,1,0,1,0,0,0,0,0,0,0,0,0,0,0,0,0,0,0,0,0,0,0,1,0.3848196533069337,18.85616301203975
0,2,19.75,39.3,0,1,0,0,1,0,0,0,1,1,0,1,0,1,0,1,0,1,0,1,0,0,0,0,0,0,1,0.38473466334928863,7.59850960114845
0,11,48.55,501.0,1,0,0,0,1,0,0,0,0,0,1,0,0,0,0,0,0,0,0,0,0,0,0,0,1,0,0,0.3846223529939074,18.673415237854204
0,2,19.4,50.6,0,1,0,0,1,0,0,0,1,1,0,1,0,1,0,1,0,1,0,1,0,0,0,0,0,0,1,0.38460402115843184,7.461318010473577
0,64,115.0,7396.15,0,0,1,0,1,0,1,1,0,0,1,0,1,0,1,0,1,0,1,0,1,1,0,1,0,1,0,0.3845952026692632,44.22844830696527
0,3,20.4,63.15,0,0,0,0,1,0,0,0,1,1,0,1,0,1,0,1,0,1,0,1,0,0,0,0,0,0,1,0.38445576741433246,7.842897655252382
0,7,35.3,264.8,0,1,0,0,0,1,0,0,0,0,1,0,0,0,1,0,0,0,0,0,0,1,0,0,0,0,1,0.38445397138312504,13.571225189824313
0,1,20.2,20.2,0,1,1,1,1,0,0,0,1,1,0,1,0,1,0,1,0,1,0,1,0,1,0,1,0,1,0,0.384369668470926,7.764267303112705
0,48,99.7,4977.2,0,0,1,1,1,0,0,1,0,0,1,0,0,0,1,0,0,0,1,0,1,1,0,1,0,0,0,0.38429686014826947,38.31439695678247
0,33,66.4,2245.4,0,1,0,0,1,0,0,0,0,0,0,0,1,0,1,0,0,0,1,0,0,0,0,1,1,0,0,0.3842774963436465,25.51602575721813
0,2,19.35,46.35,0,1,0,0,1,0,0,0,1,1,0,1,0,1,0,1,0,1,0,1,0,0,0,0,0,0,1,0.3841967105396579,7.434206348942381
0,4,20.95,85.5,1,0,0,0,1,0,0,0,1,1,0,1,0,1,0,1,0,1,0,1,0,0,0,0,0,0,0,0.38410703353504466,8.047042352559185
0,54,94.75,5121.75,0,0,0,0,1,0,1,1,0,0,0,0,1,0,1,0,0,0,1,0,0,1,0,1,0,0,0,0.3837318683696703,36.358594528026266
0,56,100.3,5614.45,1,1,1,0,1,0,1,1,0,0,0,0,1,0,0,0,0,0,1,0,1,1,0,0,1,0,0,0.38351744396964144,38.46679963015504
0,3,20.0,63.6,0,0,0,0,1,0,0,0,1,1,0,1,0,1,0,1,0,1,0,1,0,0,0,0,0,0,1,0.38348085030017176,7.669617006003435
0,6,20.2,98.35,0,1,0,1,1,0,0,0,1,1,0,1,0,1,0,1,0,1,0,1,0,0,0,1,0,0,1,0.3833439007930262,7.743546796019129
0,3,19.85,63.75,1,0,0,0,1,0,0,0,1,1,0,1,0,1,0,1,0,1,0,1,0,0,0,0,0,0,1,0.38311425623469386,7.604817986258674
0,38,70.45,2597.6,1,1,0,0,1,0,0,1,0,0,0,0,0,0,0,0,0,0,0,0,0,1,0,1,0,0,0,0.38308906871773385,26.98862489116435
0,10,20.55,187.35,0,0,0,0,1,0,0,0,1,1,0,1,0,1,0,1,0,1,0,1,0,0,0,1,0,0,1,0.38299046195850917,7.870453993247364
0,3,19.95,58.0,0,0,0,0,1,0,0,0,1,1,0,1,0,1,0,1,0,1,0,1,0,0,0,0,0,0,1,0.3829846387687046,7.640543543435657
0,3,19.85,57.2,0,0,0,0,1,0,0,0,1,1,0,1,0,1,0,1,0,1,0,1,0,0,0,0,0,0,1,0.3826808000812035,7.59621388161189
0,61,104.0,6363.45,0,1,0,0,1,0,1,1,0,0,1,0,0,0,1,0,0,0,1,0,1,1,0,0,0,1,0,0.38258166415469796,39.788493072088585
0,64,99.15,6171.2,0,1,0,1,1,0,0,1,0,0,0,0,1,0,0,0,1,0,1,0,1,0,0,1,1,0,0,0.3824776648088504,37.92266046579752
0,9,18.95,185.6,1,1,0,0,1,0,0,0,1,1,0,1,0,1,0,1,0,1,0,1,0,0,0,1,0,0,1,0.3823478279757148,7.245491340139796
1,50,101.9,5265.5,0,1,1,0,1,0,1,1,0,0,1,0,1,0,1,0,0,0,1,0,0,1,0,1,0,0,0,0.3821898709382646,38.94514784860917
0,10,19.9,199.45,0,0,0,0,1,0,0,0,1,1,0,1,0,1,0,1,0,1,0,1,0,0,0,1,0,0,1,0.382160502879312,7.604994007298309
0,10,55.2,528.35,1,0,1,1,1,0,0,0,0,0,0,0,0,0,1,0,1,0,0,0,0,0,0,0,1,0,0,0.38203527999242887,21.088347455582074
0,26,54.75,1406.9,0,0,0,0,1,0,0,0,0,0,0,0,1,0,1,0,0,0,0,0,0,0,0,1,1,0,0,0.3819991464246544,20.914453266749828
0,1,20.55,20.55,1,0,1,1,1,0,0,0,1,1,0,1,0,1,0,1,0,1,0,1,0,0,0,0,0,0,1,0.3818730507341586,7.8474911925869595
1,66,108.1,7181.95,0,0,1,0,1,0,1,1,0,0,0,0,1,0,1,0,1,0,1,0,1,1,0,1,1,0,0,0.38173291789202757,41.26532842412818
1,68,107.15,7379.8,0,1,1,1,1,0,1,1,0,0,0,0,0,0,1,0,1,0,1,0,1,1,0,1,1,0,0,0.3809776330158319,40.82175337764639
0,4,19.6,93.45,0,0,1,0,1,0,0,0,1,1,0,1,0,1,0,1,0,1,0,1,0,0,0,0,0,0,1,0.3806819741216317,7.461366692783981
0,1,19.95,19.95,1,1,1,1,1,0,0,0,1,1,0,1,0,1,0,1,0,1,0,1,0,0,0,0,0,0,0,0.380610287868345,7.593175242973483
0,1,20.05,20.05,0,0,1,1,1,0,0,0,1,1,0,1,0,1,0,1,0,1,0,1,0,0,0,0,0,0,1,0.38058752144791635,7.630779805030723
0,3,18.8,56.0,0,0,0,0,1,0,0,0,1,1,0,1,0,1,0,1,0,1,0,1,0,0,0,0,0,0,1,0.37997102457301585,7.143455261972698
0,14,50.1,709.5,0,0,0,0,1,0,0,0,0,0,1,0,0,0,0,0,0,0,0,0,0,0,0,0,0,0,0,0.37981228795398436,19.028595626494617
0,37,80.05,3019.1,0,0,0,0,1,0,0,1,0,0,0,0,1,0,1,0,0,0,0,0,0,1,0,0,0,1,0,0.3797240857858849,30.396913067160085
0,64,104.65,6889.8,0,1,0,0,1,0,1,1,0,0,0,0,0,0,1,0,1,0,1,0,1,1,0,1,1,0,0,0.37965974949255415,39.731392784395794
0,33,54.65,1665.2,0,1,0,0,1,0,1,0,0,0,0,0,1,0,0,0,0,0,0,0,0,0,0,1,0,0,0,0.3795499070290154,20.742402419135693
1,53,94.0,4871.45,0,0,1,0,1,0,0,1,0,0,0,0,1,0,1,0,1,0,1,0,0,1,0,1,0,1,0,0.3793779521810385,35.66152750501762
1,39,99.1,3877.95,0,0,1,0,1,0,0,1,0,0,1,0,1,0,0,0,0,0,1,0,1,1,0,0,0,0,1,0.37916154393674106,37.57490900413104
0,1,19.45,19.45,1,0,1,1,1,0,0,0,1,1,0,1,0,1,0,1,0,1,0,1,0,0,0,0,0,0,1,0.3790470947724167,7.372465993323505
0,24,57.6,1367.75,0,0,1,1,0,1,0,0,0,0,1,0,1,0,1,0,0,0,1,0,1,1,0,0,0,1,0,0.3787178678438854,21.8141491878078
1,45,70.05,3062.45,0,0,0,0,1,0,1,0,0,0,1,0,0,0,0,0,1,0,0,0,1,0,0,1,0,1,0,0.3784359584657578,26.509438890526333
0,46,69.1,3168.0,0,0,1,0,1,0,0,0,0,0,0,0,1,0,0,0,0,0,1,0,1,0,0,1,1,0,0,0.3782137172761215,26.134567863779996
0,51,69.15,3649.6,0,0,1,0,1,0,0,1,0,0,0,0,0,0,0,0,0,0,0,0,0,0,0,0,0,0,1,0.37801509324910393,26.13974369817554
0,18,56.25,969.85,0,1,0,0,1,0,1,0,0,0,1,0,0,0,0,0,0,0,0,0,0,0,0,0,0,0,1,0.3778971873986143,21.256716791172053
1,62,97.95,5936.55,0,0,1,0,1,0,1,1,0,0,0,0,1,0,1,0,0,0,1,0,0,1,0,1,1,0,0,0.3776734582156402,36.99311523222196
0,52,98.15,4993.4,0,0,1,1,1,0,1,1,0,0,1,0,1,0,1,0,0,0,0,0,1,0,0,0,0,0,0,0.377345095764412,37.03642114927704
0,69,85.4,5869.4,0,0,1,0,1,0,1,1,0,0,0,0,1,0,1,0,0,0,0,0,0,0,0,1,0,0,0,0.3773401003563375,32.22484457043123
0,17,50.3,846.8,0,1,0,1,1,0,0,0,0,0,1,0,0,0,0,0,0,0,0,0,0,0,0,1,0,0,1,0.37730258088590096,18.978319818560816
1,62,84.45,4959.15,0,0,0,0,1,0,1,1,0,0,0,0,0,0,0,0,0,0,1,0,0,1,0,0,0,1,0,0.3771211848790929,31.8478840630394
1,66,107.35,7051.95,0,1,1,0,1,0,1,1,0,0,0,0,1,0,1,0,1,0,1,0,1,1,0,1,0,0,0,0.3770075423354278,40.47175966970818
1,38,95.0,3591.25,0,0,1,0,1,0,1,1,0,0,1,0,1,0,0,0,0,0,0,0,1,1,0,0,1,0,0,0.37672585853618523,35.7889565609376
0,39,104.7,4134.85,1,0,1,0,1,0,0,1,0,0,1,0,0,0,1,0,1,0,1,0,1,1,0,1,1,0,0,0.37619021810903297,39.38711583601575
0,3,20.7,57.5,0,1,0,0,1,0,0,0,1,1,0,1,0,1,0,1,0,1,0,1,0,0,0,0,0,0,1,0.3759678792681687,7.782535100851092
0,20,64.4,1398.6,0,1,0,0,1,0,0,0,0,0,1,0,0,0,1,0,0,0,0,0,1,0,0,0,1,0,0,0.3758064782919809,24.20193720200357
0,43,86.1,3551.65,0,1,1,0,1,0,0,1,0,0,1,0,1,0,1,0,0,0,0,0,0,0,0,1,1,0,0,0.3757869193516851,32.35525375618009
0,52,59.45,3043.7,0,0,0,0,1,0,0,0,0,0,0,0,0,0,1,0,0,0,0,0,1,0,0,1,0,1,0,0.37578309036608964,22.34030472226403
0,50,108.55,5610.7,1,0,1,0,1,0,1,1,0,0,1,0,1,0,0,0,1,0,1,0,1,1,0,0,0,1,0,0.37560141416183945,40.77153350726767
0,6,55.9,365.35,1,0,1,1,1,0,0,0,0,0,1,0,1,0,0,0,0,0,0,0,0,0,0,0,1,0,0,0.37542965487347996,20.986517707427527
1,55,113.6,6292.7,0,1,1,0,1,0,1,1,0,0,0,0,1,0,1,0,1,0,1,0,1,0,1,1,0,1,0,0.37534563230410434,42.63926382974625
0,27,45.85,1246.4,0,1,1,1,0,1,0,0,0,0,0,0,1,0,1,0,0,0,0,0,1,1,0,1,1,0,0,0.37505288694881955,17.19617486660338
0,15,25.4,399.6,1,0,0,0,1,0,1,0,1,1,0,1,0,1,0,1,0,1,0,1,0,0,0,1,1,0,0,0.3748756628611589,9.521841836673437
0,3,19.85,64.55,1,1,0,0,1,0,0,0,1,1,0,1,0,1,0,1,0,1,0,1,0,0,0,0,0,0,1,0.37431486520047785,7.430150074229486
0,7,23.5,173.0,0,1,0,0,1,0,1,0,1,1,0,1,0,1,0,1,0,1,0,1,0,0,0,0,0,0,1,0.3741286685601398,8.792023711163285
0,26,105.45,2715.3,0,0,0,1,1,0,0,1,0,0,0,0,1,0,1,0,1,0,1,0,1,0,1,1,0,1,0,0.3738912764443307,39.42683510105467
0,26,75.5,2018.1,0,1,0,0,1,0,0,1,0,0,0,0,1,0,0,0,0,0,0,0,0,1,0,0,0,0,0,0.37372314944205615,28.216097782875238
0,39,95.55,3692.85,1,0,0,0,1,0,0,1,0,0,1,0,0,0,1,0,1,0,1,0,0,1,0,1,0,1,0,0.3733977238932015,35.67815251799541
1,29,58.55,1718.95,0,0,0,0,1,0,1,0,0,0,1,0,1,0,0,0,0,0,0,0,0,0,0,1,0,0,0,0.3731158505050757,21.84593304707218
0,4,20.35,77.5,1,0,0,0,1,0,0,0,1,1,0,1,0,1,0,1,0,1,0,1,0,0,0,0,0,0,1,0.3729518721716659,7.589570598693402
0,4,20.15,84.5,0,0,0,0,1,0,0,0,1,1,0,1,0,1,0,1,0,1,0,1,0,0,0,0,0,0,1,0.37291367122767943,7.51421047523774
0,10,19.85,193.05,0,1,0,0,1,0,0,0,1,1,0,1,0,1,0,1,0,1,0,1,0,0,0,1,0,0,1,0.37277393805422676,7.399562670376402
0,59,109.15,6557.75,0,0,1,0,1,0,1,1,0,0,1,0,1,0,1,0,0,0,1,0,1,1,0,1,1,0,0,0.37267797605251907,40.67780108613246
0,4,20.05,83.3,0,0,0,0,1,0,0,0,1,1,0,1,0,1,0,1,0,1,0,1,0,0,0,0,0,0,1,0.3725868087665645,7.470365515769619
0,24,81.0,1923.85,0,1,1,1,1,0,1,0,0,0,1,0,0,0,0,0,1,0,1,0,1,0,0,0,0,0,0,0.3719793251612798,30.130325338063663
0,31,98.05,3082.1,0,1,1,1,1,0,1,1,0,0,1,0,0,0,1,0,0,0,1,0,0,1,0,0,0,0,0,0.3718460505358745,36.459505255042494
1,47,84.95,4018.05,0,1,1,1,1,0,0,1,0,0,0,0,1,0,0,0,0,0,1,0,0,1,0,1,0,0,0,0.3716825634805996,31.574433767676936
0,1,19.9,19.9,1,1,1,1,1,0,0,0,1,1,0,1,0,1,0,1,0,1,0,1,0,0,0,0,0,0,1,0.3713771015946626,7.390404321733785
0,58,79.8,4526.85,0,0,0,0,1,0,1,1,0,0,1,0,0,0,0,0,0,0,0,0,0,0,0,1,0,0,0,0.37109658849766036,29.613507762113297
0,1,19.7,19.7,0,1,1,1,1,0,0,0,1,1,0,1,0,1,0,1,0,1,0,1,0,0,0,0,0,0,1,0.3708683459574813,7.306106415362382
0,41,101.6,3930.55,0,0,1,1,1,0,1,1,0,0,1,0,1,0,1,0,0,0,0,0,1,1,0,1,0,0,0,0.37073780568831816,37.66696105793312
1,35,73.0,2471.25,0,1,0,0,1,0,0,0,0,0,0,0,0,0,1,0,1,0,1,0,1,1,0,1,0,1,0,0.3706753103851025,27.05929765811248
1,70,105.55,7195.35,0,0,1,0,1,0,1,1,0,0,0,0,1,0,0,0,1,0,1,0,1,1,0,1,0,0,0,0.3700447996062599,39.058228598440735
0,22,78.65,1663.75,0,1,1,1,1,0,1,0,0,0,0,0,0,0,1,0,1,0,1,0,1,1,0,1,0,0,1,0.3699686069258756,29.098030934720118
0,10,70.3,676.15,0,0,1,1,1,0,1,0,0,0,1,0,1,0,0,0,0,0,1,0,0,1,0,0,0,1,0,0.3699212257814193,26.005462172433774
0,1,19.2,19.2,0,1,1,1,1,0,0,0,1,1,0,1,0,1,0,1,0,1,0,1,0,0,0,0,0,0,1,0.36959771169394046,7.096276064523656
1,52,50.5,2566.3,0,0,0,0,0,1,0,0,0,0,0,0,1,0,1,0,1,0,1,0,0,0,0,1,0,1,0,0.36912377739470903,18.640750758432805
0,53,106.1,5769.75,1,0,1,0,1,0,0,1,0,0,1,0,1,0,1,0,0,0,1,0,1,1,0,1,0,0,0,0.36883810323236277,39.13372275295369
0,24,51.1,1269.6,0,1,0,0,1,0,0,0,0,0,0,0,0,0,0,0,1,0,0,0,0,0,0,1,1,0,0,0.36882196622612323,18.8468024741549
0,8,19.35,152.6,0,1,1,1,1,0,0,0,1,1,0,1,0,1,0,1,0,1,0,1,0,0,0,1,0,0,1,0.36875473675734727,7.13540415625467
0,17,55.5,934.15,0,1,0,0,1,0,0,0,0,0,1,0,1,0,0,0,0,0,0,0,0,0,0,1,1,0,0,0.3685801153911892,20.456196404211
0,29,60.2,1834.15,0,1,1,1,1,0,0,0,0,0,1,0,0,0,0,0,0,0,0,0,1,0,0,1,0,0,1,0.3685423326596567,22.186248426111334
0,6,19.5,146.3,1,0,1,0,1,0,0,0,1,1,0,1,0,1,0,1,0,1,0,1,0,0,0,0,0,0,0,0.3684498539048345,7.184772151144272
0,4,20.45,82.85,0,0,0,0,1,0,0,0,1,1,0,1,0,1,0,1,0,1,0,1,0,0,0,0,1,0,0,0.3681572213199173,7.5288151759923085
0,10,20.0,198.6,0,1,0,0,1,0,0,0,1,1,0,1,0,1,0,1,0,1,0,1,0,0,0,1,1,0,0,0.3681167553608634,7.362335107217268
0,17,55.85,937.5,1,0,0,1,1,0,1,0,0,0,0,0,0,0,1,0,0,0,0,0,0,1,0,1,0,0,1,0.368110508406561,20.55897189450643
1,66,104.6,6819.45,0,0,1,0,1,0,1,1,0,0,0,0,1,0,1,0,0,0,1,0,1,1,0,0,1,0,0,0.3676942056534429,38.46081391135013
0,28,49.9,1410.25,0,0,1,1,1,0,1,0,0,0,0,0,0,0,0,0,0,0,0,0,0,0,0,0,0,0,1,0.3666998015137823,18.298320095537736
0,15,58.95,955.15,0,0,0,0,1,0,0,0,0,0,1,0,0,0,1,0,1,0,0,0,0,0,0,0,0,1,0,0.36648122455580895,21.604068187564938
0,44,95.1,4060.55,0,0,1,0,1,0,1,1,0,0,1,0,1,0,1,0,1,0,0,0,0,0,0,1,1,0,0,0.36646626760439627,34.85094204917808
0,10,19.8,196.75,0,0,1,1,1,0,0,0,1,1,0,1,0,1,0,1,0,1,0,1,0,0,0,1,0,0,0,0.3661536605283338,7.24984247846101
1,54,110.45,6077.75,0,1,1,0,1,0,1,1,0,0,0,0,1,0,1,0,1,0,1,0,1,0,1,1,0,1,0,0.3657209517324006,40.39387911884365
0,1,20.75,20.75,0,1,0,1,1,0,0,0,1,1,0,1,0,1,0,1,0,1,0,1,0,0,0,0,0,0,1,0.36506068979017836,7.575009313146201
0,26,39.95,1023.75,0,1,0,1,0,1,0,0,0,0,0,0,1,0,0,0,0,0,1,0,0,1,0,1,0,0,0,0.36487211842995243,14.5766411312766
0,4,20.7,73.05,0,1,0,0,1,0,0,0,1,1,0,1,0,1,0,1,0,1,0,1,0,0,0,0,0,0,1,0.36476841972652846,7.550706288339139
0,23,49.7,1081.25,0,0,0,0,1,0,0,0,0,0,0,0,0,0,1,0,0,0,0,0,0,0,0,0,1,0,0,0.3641900223682263,18.100244111700846
0,21,45.65,985.05,0,1,0,1,1,0,0,0,0,0,0,0,0,0,0,0,0,0,0,0,0,0,0,0,0,0,1,0.3641081695016031,16.62153793774818
0,1,20.05,20.05,0,1,0,1,1,0,0,0,1,1,0,1,0,1,0,1,0,1,0,1,0,0,0,0,0,0,1,0.3632940737059222,7.284046177803741
0,29,55.25,1620.2,0,0,0,0,1,0,1,0,0,0,0,0,1,0,0,0,0,0,0,0,0,1,0,1,0,1,0,0.3632112872600792,20.067423621119374
0,5,20.15,117.95,0,0,0,0,1,0,0,0,1,1,0,1,0,1,0,1,0,1,0,1,0,0,0,0,0,0,1,0.3629107419693708,7.312651450682821
0,4,19.4,93.4,0,1,0,0,1,0,0,0,1,1,0,1,0,1,0,1,0,1,0,1,0,0,0,0,0,0,1,0.3628923368489696,7.0401113348700095
0,5,20.65,93.55,0,1,0,0,1,0,0,0,1,1,0,1,0,1,0,1,0,1,0,1,0,0,0,0,0,0,0,0.36283269231571086,7.492495096319429
0,12,53.65,696.35,1,1,1,1,1,0,0,0,0,0,0,0,0,0,0,0,0,0,0,0,1,1,0,0,1,0,0,0.3628131823885043,19.464927235143254
0,1,19.85,19.85,0,1,0,1,1,0,0,0,1,1,0,1,0,1,0,1,0,1,0,1,0,0,0,0,0,0,1,0.36279000066504313,7.201381513201107
0,4,19.75,78.3,0,1,0,0,1,0,0,0,1,1,0,1,0,1,0,1,0,1,0,1,0,0,0,0,0,0,1,0.3627738947381236,7.1647844210779414
0,10,62.25,612.95,0,1,0,0,1,0,0,0,0,0,1,0,0,0,0,0,1,0,1,0,0,0,0,0,0,0,0,0.36263772819859424,22.57419858036249
0,1,19.75,19.75,1,1,0,1,1,0,0,0,1,1,0,1,0,1,0,1,0,1,0,1,0,0,0,0,0,0,1,0.3625380771277769,7.160127023273594
0,22,48.8,1054.6,1,0,0,0,1,0,0,0,0,0,1,0,0,0,0,0,0,0,0,0,0,0,0,1,1,0,0,0.36253398622365857,17.691658527714537
0,42,25.1,1097.15,0,1,1,0,0,1,0,0,0,0,0,0,0,0,0,0,0,0,0,0,0,0,0,1,1,0,0,0.36226822760084065,9.0929325127811
0,68,83.0,5685.8,1,0,1,1,1,0,1,1,0,0,0,0,0,0,0,0,0,0,1,0,0,1,0,1,0,1,0,0.3621783590691227,30.060803802737187
0,1,19.55,19.55,0,1,0,1,1,0,0,0,1,1,0,1,0,1,0,1,0,1,0,1,0,0,0,0,0,0,1,0.3620344565984246,7.077773626499201
0,52,95.7,4976.15,0,0,1,1,1,0,1,1,0,0,0,0,1,0,1,0,0,0,1,0,0,1,0,1,1,0,0,0.36194223685555316,34.63787206707644
0,49,109.2,5290.45,0,1,0,1,1,0,1,1,0,0,1,0,1,0,1,0,0,0,1,0,1,1,0,1,1,0,0,0.36190160335619515,39.51965508649651
0,52,100.3,5244.45,0,0,1,1,1,0,0,1,0,0,1,0,0,0,1,0,0,0,1,0,1,1,0,0,0,1,0,0.36188821698475415,36.297388163570844
0,5,19.95,109.6,0,0,0,0,1,0,0,0,1,1,0,1,0,1,0,1,0,1,0,1,0,0,0,0,0,0,1,0.3618796376469649,7.21949877105695
0,60,102.5,6157.6,0,1,1,0,1,0,1,1,0,0,0,0,1,0,1,0,0,0,1,0,1,1,0,0,0,0,0,0.361725765377757,37.07689095122009
1,52,48.8,2555.05,0,1,0,0,0,1,0,0,0,0,1,0,0,0,0,0,0,0,1,0,1,0,0,1,1,0,0,0.361612831907782,17.64670619709976
0,2,20.3,40.25,0,1,1,1,1,0,0,0,1,1,0,1,0,1,0,1,0,1,0,1,0,0,0,0,0,0,1,0.3615252192074902,7.3389619499120515
0,52,39.9,2020.9,0,1,1,0,0,1,0,0,0,0,1,0,0,0,0,0,0,0,0,0,1,0,0,1,0,1,0,0.3613200966121156,14.416671854823413
0,51,87.55,4475.9,0,0,0,0,1,0,0,1,0,0,0,0,0,0,0,0,0,0,1,0,1,1,0,0,1,0,0,0.3612941451793811,31.63130241045481
0,1,19.25,19.25,1,1,0,1,1,0,0,0,1,1,0,1,0,1,0,1,0,1,0,1,0,0,0,0,0,0,1,0.3612795938990745,6.954632182557184
0,5,53.85,259.8,1,0,0,0,1,0,0,0,0,0,1,0,0,0,0,0,1,0,0,0,0,0,0,0,1,0,0,0.36127720981458517,19.45477774851541
0,5,19.35,126.05,1,1,1,0,1,0,0,0,1,1,0,1,0,1,0,1,0,1,0,1,0,0,0,0,0,0,1,0.36119380029842907,6.989100035774603
0,6,26.35,184.05,0,1,0,1,1,0,1,0,1,1,0,1,0,1,0,1,0,1,0,1,0,0,0,0,0,0,1,0.3611040039256945,9.51509050344205
0,17,51.5,900.5,1,1,0,0,1,0,0,0,0,0,0,0,0,0,0,0,1,0,0,0,0,0,0,0,0,0,1,0.36107326507228554,18.595273151222706
0,4,19.0,78.9,0,1,0,0,1,0,0,0,1,1,0,1,0,1,0,1,0,1,0,1,0,0,0,0,0,0,1,0.360973560034081,6.858497640647538
0,8,54.65,482.25,0,0,1,1,1,0,0,0,0,0,1,0,1,0,0,0,0,0,0,0,0,0,0,0,0,0,1,0.36096512779466416,19.726744233978398
0,4,19.0,73.45,0,1,0,0,1,0,0,0,1,1,0,1,0,1,0,1,0,1,0,1,0,0,0,0,0,0,1,0.36062154391750734,6.851809334432639
1,72,106.85,7677.4,0,0,1,0,1,0,1,1,0,0,1,0,1,0,0,0,0,0,1,0,1,1,0,1,0,0,0,0.360581369339105,38.528119313883366
0,19,58.2,1045.25,0,0,0,0,1,0,0,0,0,0,0,0,1,0,0,0,0,0,1,0,0,1,0,0,0,1,0,0.3599378996517962,20.94838575973454
1,5,59.9,287.85,0,0,0,0,1,0,0,0,0,0,1,0,1,0,0,0,1,0,0,0,0,0,0,0,1,0,0,0.3597014497209131,21.546116838282696
0,32,64.85,2010.95,0,1,0,0,1,0,0,0,0,0,0,0,0,0,0,0,0,0,1,0,1,1,0,1,0,0,0,0.35963647033998003,23.322425101547704
0,11,20.45,237.3,0,1,0,0,1,0,0,0,1,1,0,1,0,1,0,1,0,1,0,1,0,0,0,1,1,0,0,0.3596068153457081,7.35395937381973
1,44,89.15,3990.75,0,0,0,0,1,0,0,1,0,0,0,0,1,0,1,0,0,0,0,0,1,1,0,0,1,0,0,0.3595321399770343,32.05229027895261
0,31,25.0,789.2,0,1,0,1,0,1,0,0,0,0,0,0,0,0,0,0,0,0,0,0,0,0,0,0,1,0,0,0.3591804213853754,8.979510534634386
0,15,56.15,931.9,0,0,0,0,1,0,0,0,0,0,0,0,0,0,0,0,0,0,1,0,0,1,0,0,0,0,1,0.35907447043692525,20.162031515033352
0,61,101.15,6383.9,0,0,1,0,1,0,1,1,0,0,0,0,0,0,0,0,1,0,1,0,1,1,0,0,0,0,0,0.3589942770219085,36.31227112076605
0,18,57.65,992.7,0,0,0,1,1,0,1,0,0,0,1,0,0,0,0,0,0,0,0,0,0,0,0,0,0,0,1,0.358618049002364,20.674330524986285
0,52,105.0,5426.85,1,1,0,0,1,0,0,1,0,0,0,0,1,0,1,0,1,0,1,0,1,1,0,1,0,0,0,0.3585378272726093,37.64647186362398
0,9,54.8,452.8,0,1,1,1,1,0,0,0,0,0,0,0,1,0,0,0,1,0,0,0,0,0,0,0,0,0,1,0.35824744009538917,19.631959717227325
0,29,68.85,1970.5,1,0,0,0,1,0,0,0,0,0,1,0,1,0,1,0,0,0,0,0,1,0,0,1,0,0,0,0.35815263361739946,24.65880882455795
0,68,100.3,6754.35,0,1,1,0,1,0,0,1,0,0,0,0,1,0,0,0,1,0,1,0,1,1,0,1,0,1,0,0.35804701914922366,35.912116020667135
0,3,19.65,60.65,0,0,1,1,1,0,0,0,1,1,0,1,0,1,0,1,0,1,0,1,0,0,0,0,0,0,1,0.35785186971703287,7.0317892399396955
0,33,44.55,1462.6,0,1,1,0,1,0,0,0,0,0,0,0,0,0,0,0,0,0,0,0,0,0,0,1,1,0,0,0.357798671288134,15.939930805886368
0,9,50.8,463.6,0,1,0,0,0,1,0,0,0,0,1,0,0,0,1,0,1,0,0,0,1,1,0,0,0,0,1,0.357785366489629,18.17549661767315
0,15,84.45,1287.85,0,0,0,0,1,0,0,0,0,0,1,0,1,0,1,0,1,0,1,0,1,0,0,0,0,0,1,0.3575639051004905,30.196271785736425
0,38,95.0,3605.6,0,1,0,0,1,0,1,1,0,0,0,0,0,0,1,0,1,0,1,0,0,1,0,0,0,0,0,0.3574276117608531,33.95562311728104
0,5,20.55,96.1,0,0,0,0,1,0,0,0,1,1,0,1,0,1,0,1,0,1,0,1,0,0,0,0,1,0,0,0.35715321126279787,7.339498491450496
0,35,33.45,1175.85,0,0,0,0,0,1,0,0,0,0,0,0,0,0,1,0,1,0,0,0,0,0,0,1,0,0,1,0.35713908164303293,11.946302280959452
0,25,79.0,1902.0,0,1,0,0,1,0,0,0,0,0,1,0,1,0,0,0,1,0,1,0,1,0,0,1,0,0,1,0.35707939321578663,28.209272064047145
0,68,101.05,6770.5,0,1,1,1,1,0,1,1,0,0,0,0,1,0,0,0,0,0,1,0,1,1,0,1,1,0,0,0.35682429770745344,36.05709528333817
0,3,19.3,54.7,0,0,1,1,1,0,0,0,1,1,0,1,0,1,0,1,0,1,0,1,0,0,0,0,0,0,1,0.35661581182383895,6.882685168200092
0,64,105.65,6903.1,1,1,0,0,1,0,1,1,0,0,0,0,1,0,0,0,1,0,1,0,1,1,0,1,1,0,0,0.35636425201856425,37.649883225761315
0,35,108.95,4025.5,0,1,0,0,1,0,1,1,0,0,1,0,0,0,1,0,1,0,1,0,1,0,1,1,0,1,0,0.3563486179211845,38.82418192251305
0,19,75.9,1375.6,0,0,0,1,1,0,1,0,0,0,1,0,1,0,0,0,1,0,1,0,0,0,0,1,0,0,1,0.3562395569387221,27.03858237164901
0,5,19.85,108.05,1,0,0,0,1,0,0,0,1,1,0,1,0,1,0,1,0,1,0,1,0,0,0,0,1,0,0,0.3562154986622894,7.070877648446445
0,23,81.85,1810.85,0,0,1,1,1,0,1,1,0,0,1,0,0,0,0,0,0,0,0,0,0,1,0,0,1,0,0,0.35620000125337803,29.15497010258899
0,5,21.05,113.85,1,1,0,0,1,0,0,0,1,1,0,1,0,1,0,1,0,1,0,1,0,0,0,0,0,0,1,0.3561835879257114,7.497664525836226
0,24,49.55,1210.4,1,1,0,0,1,0,0,0,0,0,1,0,0,0,0,0,0,0,0,0,0,0,0,1,0,0,0,0.3558899412072827,17.634346586820854
0,47,96.1,4391.45,0,1,1,1,1,0,0,1,0,0,1,0,1,0,1,0,0,0,0,0,1,1,0,1,0,1,0,0.35587623563338117,34.19970624436793
0,65,105.05,6744.25,0,0,0,0,1,0,1,1,0,0,0,0,1,0,0,0,1,0,1,0,1,1,0,1,0,0,0,0.35551741553420957,37.347104501868714
0,29,100.55,2830.45,0,1,0,1,1,0,1,1,0,0,0,0,1,0,1,0,1,0,0,0,1,1,0,0,1,0,0,0.3555070509750126,35.74623397553752
0,66,102.45,6615.15,1,0,1,1,1,0,1,1,0,0,0,0,1,0,1,0,0,0,1,0,1,1,0,1,1,0,0,0.3551369668778536,36.3837822566361
0,18,46.4,812.4,0,1,1,1,0,1,0,0,0,0,0,0,1,0,1,0,0,0,1,0,0,1,0,0,1,0,0,0.35511272188590454,16.47723029550597
0,33,72.75,2447.45,0,1,1,0,1,0,1,0,0,0,1,0,1,0,1,0,0,0,1,0,0,0,0,1,0,0,0,0.3549832135518783,25.825028785899146
0,21,65.35,1424.4,0,1,0,0,1,0,0,0,0,0,1,0,0,0,1,0,0,0,1,0,0,0,0,0,0,0,0,0.3547551948191529,23.183251981431642
1,22,63.55,1381.8,0,0,1,0,1,0,1,0,0,0,1,0,1,0,0,0,1,0,0,0,0,0,0,1,0,0,1,0.3546202617024811,22.536117631192674
0,5,20.25,109.8,0,1,0,0,1,0,0,0,1,1,0,1,0,1,0,1,0,1,0,1,0,0,0,0,0,0,1,0.35397842791371203,7.1680631652526685
0,62,104.3,6613.65,0,0,1,0,1,0,0,1,0,0,1,0,0,0,1,0,1,0,1,0,1,1,0,1,0,1,0,0.3538710764650785,36.90875327530768
0,2,20.4,42.9,0,1,0,1,1,0,0,0,1,1,0,1,0,1,0,1,0,1,0,1,0,0,0,0,0,0,1,0.35357469906160055,7.212923860856651
0,65,108.05,7118.9,0,0,1,0,1,0,1,1,0,0,0,0,1,0,1,0,1,0,1,0,1,1,0,1,1,0,0,0.35326731330461164,38.170533202563284
1,54,55.45,2966.95,0,1,0,0,0,1,0,0,0,0,0,0,1,0,1,0,0,0,1,0,1,1,0,1,0,1,0,0.3531638357454459,19.582934692084976
0,5,20.35,92.75,0,1,0,0,1,0,0,0,1,1,0,1,0,1,0,1,0,1,0,1,0,0,0,0,0,0,1,0.3531297517106294,7.186190447311309
0,5,19.95,107.05,0,1,0,0,1,0,0,0,1,1,0,1,0,1,0,1,0,1,0,1,0,0,0,0,0,0,1,0.3530743168515424,7.043832621188271
0,50,93.5,4747.5,0,1,0,0,1,0,0,1,0,0,1,0,1,0,0,0,1,0,0,0,1,0,0,1,1,0,0,0.3530240782050591,33.00775131217303
0,62,106.05,6703.5,0,0,1,1,1,0,1,1,0,0,0,0,1,0,0,0,1,0,1,0,1,1,0,1,1,0,0,0.3530179487647655,37.43755346650338
0,71,113.15,7953.25,0,1,1,0,1,0,1,1,0,0,0,0,1,0,1,0,1,0,1,0,1,1,0,1,0,0,0,0.35277235750005265,39.91619225113096
0,4,23.9,97.5,0,0,0,0,1,0,1,0,1,1,0,1,0,1,0,1,0,1,0,1,0,1,0,0,0,1,0,0.3523377716412252,8.420872742225281
0,40,80.8,3132.75,0,1,1,0,1,0,0,1,0,0,0,0,1,0,1,0,0,0,0,0,0,1,0,0,0,1,0,0.3522225869138349,28.45958502263786
0,6,20.15,130.5,0,1,0,0,1,0,0,0,1,1,0,1,0,1,0,1,0,1,0,1,0,0,0,0,0,0,0,0.3519598898545817,7.0919917805698205
0,6,20.7,112.75,0,0,0,0,1,0,0,0,1,1,0,1,0,1,0,1,0,1,0,1,0,0,0,0,0,0,1,0.35188755175341596,7.28407232129571
0,26,82.0,2083.1,0,1,1,1,1,0,1,0,0,0,0,0,0,0,1,0,1,0,1,0,1,1,0,1,1,0,0,0.3516069805329516,28.83177240370203
0,13,20.3,275.4,0,0,0,0,1,0,0,0,1,1,0,1,0,1,0,1,0,1,0,1,0,0,0,1,0,0,1,0.35159836713302994,7.137446852800508
0,49,39.2,1838.15,0,1,1,1,0,1,0,0,0,0,1,0,0,0,0,0,0,0,0,0,1,0,0,1,0,1,0,0.35140312835239773,13.775002631413992
0,6,20.2,123.65,0,0,0,0,1,0,0,0,1,1,0,1,0,1,0,1,0,1,0,1,0,0,0,0,0,0,1,0.3513730238631689,7.097735082036011
1,51,79.6,3974.7,0,1,0,0,1,0,1,1,0,0,0,0,1,0,0,0,0,0,0,0,0,1,0,1,0,0,0,0.3511632327752494,27.952593328909852
0,2,19.25,48.35,0,1,0,1,1,0,0,0,1,1,0,1,0,1,0,1,0,1,0,1,0,0,0,0,0,0,1,0.3511362262099634,6.759372354541795
1,45,85.7,3778.1,0,0,0,0,1,0,0,1,0,0,1,0,1,0,0,0,1,0,0,0,0,0,0,1,0,0,0,0.3509194142808091,30.07379380386534
0,49,94.8,4690.65,0,1,1,0,1,0,0,1,0,0,0,0,1,0,0,0,0,0,1,0,1,0,1,1,0,1,0,0.35076241582809686,33.252277020503584
0,22,55.15,1206.05,1,0,1,1,1,0,0,0,0,0,0,0,1,0,0,0,1,0,0,0,0,0,0,0,0,1,0,0.35063320625319266,19.337421324863573
0,13,53.45,718.1,0,0,0,1,1,0,0,0,0,0,0,0,0,0,1,0,1,0,0,0,0,0,0,0,0,0,1,0.3505072465616948,18.734612328722587
0,3,20.2,50.6,0,1,0,1,1,0,0,0,1,1,0,1,0,1,0,1,0,1,0,1,0,0,0,0,0,0,0,0.350485886542494,7.0798149081583786
0,23,84.4,1936.85,0,0,1,1,1,0,0,1,0,0,1,0,1,0,0,0,1,0,0,0,0,0,0,0,0,0,1,0.35045956520709315,29.578787303478663
0,6,20.0,109.2,0,0,0,0,1,0,0,0,1,1,0,1,0,1,0,1,0,1,0,1,0,0,0,0,0,0,1,0.34996792520673503,6.999358504134701
0,13,19.3,279.3,0,0,0,0,1,0,0,0,1,1,0,1,0,1,0,1,0,1,0,1,0,0,0,1,0,0,1,0.3494295371913853,6.743990067793737
0,12,33.6,435.45,0,0,0,0,0,1,0,0,0,0,1,0,0,0,0,0,1,0,0,0,0,1,0,1,0,0,1,0.34912198666118427,11.730498751815793
0,4,20.85,62.9,0,0,1,1,1,0,0,0,1,1,0,1,0,1,0,1,0,1,0,1,0,0,0,0,0,0,1,0.34893800338072306,7.275357370488076
0,41,55.7,2237.55,0,1,0,0,1,0,1,0,0,0,0,0,0,0,1,0,0,0,0,0,0,0,0,1,0,0,0,0.34874691799712343,19.425203332439775
0,7,20.0,137.6,1,0,0,0,1,0,0,0,1,1,0,1,0,1,0,1,0,1,0,1,0,0,0,0,0,0,0,0.3486905081630073,6.973810163260145
0,67,109.4,7281.6,0,0,1,1,1,0,1,1,0,0,1,0,0,0,1,0,1,0,1,0,1,1,0,1,0,1,0,0.34866257509556897,38.14368571545525
0,66,95.3,6273.4,0,1,1,0,1,0,1,1,0,0,0,0,1,0,1,0,0,0,0,0,1,1,0,0,0,1,0,0.3486427953800902,33.22565839972259
0,4,20.35,76.35,1,0,1,1,1,0,0,0,1,1,0,1,0,1,0,1,0,1,0,1,0,0,0,0,0,0,1,0.34858762282388817,7.093758124466125
0,31,79.3,2484.0,0,1,1,0,1,0,1,0,0,0,0,0,0,0,1,0,1,0,1,0,1,1,0,1,0,0,1,0.34855340800324847,27.640285254657602
0,43,80.2,3581.6,0,1,1,0,1,0,1,0,0,0,1,0,0,0,1,0,0,0,1,0,1,1,0,1,0,1,0,0.34830439337018165,27.93401234828857
0,42,40.15,1626.05,0,1,1,0,0,1,0,0,0,0,1,0,0,0,0,0,0,0,1,0,0,0,0,1,0,0,0,0.3479632961965455,13.9707263422913
0,67,109.7,7344.45,0,0,1,0,1,0,1,1,0,0,0,0,1,0,1,0,1,0,1,0,1,1,0,1,1,0,0,0.34778614832966354,38.15214047176409
0,52,111.25,5916.45,1,0,0,0,1,0,1,1,0,0,1,0,1,0,0,0,1,0,1,0,1,1,0,1,1,0,0,0.3476111884655324,38.67174471679048
0,5,20.05,95.55,0,1,0,0,1,0,0,0,1,1,0,1,0,1,0,1,0,1,0,1,0,0,0,0,1,0,0,0.3473226757906794,6.9638196496031215
1,52,104.45,5481.25,0,1,1,0,1,0,0,1,0,0,1,0,0,0,1,0,1,0,1,0,1,1,0,1,0,0,0,0.3472146932337959,36.266574708269985
0,66,92.15,6056.9,0,0,0,0,1,0,1,1,0,0,0,0,0,0,1,0,0,0,1,0,0,1,0,1,0,0,0,0.34696470002404284,31.97279710721555
0,8,20.15,156.25,1,0,1,0,1,0,0,0,1,1,0,1,0,1,0,1,0,1,0,1,0,0,0,0,0,0,0,0.34661512509538656,6.984294770672038
0,63,99.9,6137.0,1,0,0,0,1,0,1,1,0,0,0,0,1,0,0,0,0,0,1,0,1,1,0,0,0,0,0,0.34612950210722754,34.578337260512036
0,48,44.8,2104.55,0,0,0,0,0,1,0,0,0,0,1,0,1,0,0,0,0,0,1,0,0,0,0,1,0,1,0,0.3459820002447319,15.499993610963989
0,39,59.85,2341.5,0,0,1,1,1,0,0,0,0,0,0,0,0,0,1,0,0,0,1,0,0,0,0,1,0,0,1,0.3458453089403899,20.698841740082337
0,28,60.0,1682.05,0,1,1,1,0,1,0,0,0,0,0,0,1,0,1,0,1,0,1,0,1,1,0,1,1,0,0,0.3456548951678053,20.739293710068317
0,57,97.55,5598.0,0,1,1,1,1,0,0,1,0,0,0,0,1,0,1,0,0,0,1,0,1,1,0,1,1,0,0,0.34542391034316117,33.69610245397537
0,10,20.05,218.5,0,1,1,1,1,0,0,0,1,1,0,1,0,1,0,1,0,1,0,1,0,0,0,1,1,0,0,0.34534658874200247,6.924199104277149
1,72,105.0,7578.05,0,0,1,0,1,0,1,1,0,0,0,0,1,0,1,0,0,0,1,0,1,1,0,0,1,0,0,0.34531046774774743,36.25759911351348
0,6,19.7,129.55,0,0,0,0,1,0,0,0,1,1,0,1,0,1,0,1,0,1,0,1,0,0,0,0,1,0,0,0.34529549447229874,6.802321241104285
0,22,59.05,1253.5,0,0,0,0,1,0,1,0,0,0,1,0,0,0,0,0,1,0,0,0,0,0,0,1,0,0,1,0.34524881962094256,20.38694279861666
0,46,84.25,3847.6,0,0,0,0,1,0,1,1,0,0,1,0,1,0,0,0,0,0,0,0,0,0,0,0,0,0,1,0.3451439962550902,29.078381684491347
0,55,54.55,2978.3,1,1,1,0,0,1,0,0,0,0,0,0,0,0,1,0,1,0,1,0,1,0,0,1,0,0,0,0.3451264413809172,18.82664737732903
0,12,30.25,368.85,0,0,1,1,0,1,0,0,0,0,0,0,0,0,0,0,1,0,0,0,0,1,0,0,1,0,0,0.34480116489841295,10.430235238176992
0,15,38.8,603.0,0,0,0,0,0,1,0,0,0,0,0,0,1,0,0,0,0,0,0,0,1,0,1,1,0,0,1,0.3444601405097861,13.3650534517797
0,69,99.5,6841.45,0,1,1,0,1,0,1,1,0,0,0,0,0,0,1,0,0,0,1,0,1,1,0,0,0,0,0,0.34433636424319414,34.261468242197815
0,30,40.35,1187.05,0,0,0,0,0,1,0,0,0,0,0,0,0,0,0,0,1,0,0,0,1,1,0,1,1,0,0,0.34390688464205454,13.876642795306902
0,3,20.85,60.65,0,1,0,1,1,0,0,0,1,1,0,1,0,1,0,1,0,1,0,1,0,0,0,0,0,0,1,0.3438921910351812,7.170152183083529
0,42,49.55,2077.95,0,0,0,0,1,0,0,0,0,0,0,0,1,0,0,0,0,0,0,0,0,0,0,1,0,1,0,0.34369828700321436,17.03025012100927
0,72,104.15,7303.05,0,0,1,1,1,0,1,1,0,0,1,0,1,0,0,0,0,0,1,0,1,1,0,1,0,1,0,0.34338770648679384,35.76382963059958
0,17,80.85,1445.95,0,1,0,1,1,0,0,0,0,0,0,0,1,0,1,0,1,0,1,0,1,1,0,0,0,1,0,0.34334214350716574,27.75921230255435
0,43,56.15,2499.3,1,0,1,1,1,0,0,0,0,0,0,0,0,0,0,0,0,0,1,0,0,0,0,0,0,1,0,0.34308478051387853,19.26421042585428
0,6,20.65,109.3,0,1,0,0,1,0,0,0,1,1,0,1,0,1,0,1,0,1,0,1,0,0,0,0,0,0,1,0.343018119763289,7.083324173111917
0,54,106.55,5763.3,1,0,1,0,1,0,1,1,0,0,1,0,1,0,0,0,0,0,1,0,1,1,0,0,0,0,0,0.3429865345840649,36.545215259932114
0,11,19.25,180.3,1,0,1,1,1,0,0,0,1,1,0,1,0,1,0,1,0,1,0,1,0,0,0,1,0,0,1,0.3429005448253666,6.600835487888307
0,7,20.65,155.9,0,0,0,0,1,0,0,0,1,1,0,1,0,1,0,1,0,1,0,1,0,0,0,0,0,0,1,0.3426330303183773,7.0753720760744905
0,50,103.4,5236.4,0,1,1,1,1,0,0,1,0,0,0,0,1,0,1,0,1,0,1,0,1,1,0,1,0,0,0,0.3423959349204409,35.40373967077359
0,26,45.8,1147.0,0,0,0,1,0,1,0,0,0,0,1,0,0,0,0,0,1,0,0,0,1,0,0,0,0,0,1,0.34237432362176834,15.68074402187699
0,44,54.0,2440.25,0,1,0,0,0,1,0,0,0,0,1,0,0,0,1,0,0,0,1,0,1,1,0,1,0,1,0,0.3423049603042951,18.484467856431934
0,31,81.7,2548.65,0,1,0,0,1,0,1,1,0,0,0,0,0,0,0,0,1,0,0,0,0,1,0,0,1,0,0,0.3422395022179679,27.96096733120798
0,29,24.85,788.05,0,1,0,0,0,1,0,0,0,0,0,0,0,0,0,0,0,0,0,0,0,1,0,1,0,0,1,0.341956332247172,8.497614856342224
0,7,20.05,164.85,1,0,0,0,1,0,0,0,1,1,0,1,0,1,0,1,0,1,0,1,0,0,0,0,0,0,1,0.34176305059172885,6.852349164364163
0,40,89.6,3488.15,0,1,0,0,1,0,0,1,0,0,0,0,1,0,0,0,1,0,0,0,1,1,0,1,1,0,0,0.3416768137448488,30.614242511538453
0,3,19.95,58.3,0,1,0,1,1,0,0,0,1,1,0,1,0,1,0,1,0,1,0,1,0,0,0,0,0,0,1,0.3415909750048553,6.814739951346863
0,7,20.35,150.6,0,0,0,0,1,0,0,0,1,1,0,1,0,1,0,1,0,1,0,1,0,0,0,0,0,0,1,0.3415819292766176,6.951192260779169
0,72,108.5,8003.8,0,0,1,0,1,0,1,1,0,0,0,0,1,0,1,0,1,0,1,0,1,1,0,1,0,0,0,0.3414459510708841,37.04688569119092
0,69,105.2,7386.05,0,1,0,0,1,0,1,1,0,0,0,0,1,0,0,0,1,0,1,0,1,1,0,1,0,0,0,0.34058424100074525,35.8294621532784
0,51,107.45,5680.9,0,0,0,0,1,0,1,1,0,0,1,0,1,0,1,0,0,0,1,0,1,1,0,0,0,0,0,0.33986227399513397,36.518201340777146
0,57,94.7,5468.95,0,0,0,0,1,0,1,1,0,0,0,0,1,0,0,0,1,0,0,0,1,1,0,0,0,1,0,0.3394390781330412,32.144880699199
0,69,95.65,6744.2,0,0,1,0,1,0,0,1,0,0,0,0,1,0,0,0,0,0,1,0,1,1,0,1,1,0,0,0.33928607414943557,32.452712992393515
0,6,18.95,110.15,0,1,0,0,1,0,0,0,1,1,0,1,0,1,0,1,0,1,0,1,0,0,0,0,0,0,1,0.33901480042015714,6.424330467961978
0,7,19.3,144.95,0,0,0,0,1,0,0,0,1,1,0,1,0,1,0,1,0,1,0,1,0,0,0,0,0,0,1,0.33872414416870467,6.537375982456
0,51,96.4,4911.05,0,1,1,0,1,0,1,1,0,0,1,0,1,0,0,0,0,0,0,0,1,1,0,1,1,0,0,0.33845848752898394,32.62739819779405
0,25,71.05,1837.7,0,0,1,0,1,0,0,0,0,0,1,0,1,0,0,0,1,0,0,0,1,0,0,1,0,0,1,0.3380818674394307,24.02071668157155
1,20,94.3,1818.3,0,1,1,1,1,0,0,1,0,0,1,0,0,0,1,0,1,0,0,0,1,1,0,0,1,0,0,0.3380724095990919,31.880228225194365
0,47,100.75,4669.2,0,1,0,0,1,0,1,1,0,0,1,0,1,0,0,0,1,0,1,0,0,0,0,0,0,0,1,0.33790959471483645,34.044391667519776
0,53,80.6,4348.1,0,1,0,0,1,0,0,1,0,0,0,0,1,0,0,0,1,0,0,0,0,0,0,1,0,0,1,0.3376057069996241,27.211019984169702
0,36,34.85,1267.2,0,0,0,0,0,1,0,0,0,0,0,0,1,0,0,0,1,0,0,0,0,0,0,1,0,0,0,0.3372760143082674,11.75406909864312
0,4,18.85,84.2,0,1,1,1,1,0,0,0,1,1,0,1,0,1,0,1,0,1,0,1,0,0,0,0,0,0,1,0.33701902729474426,6.35280866450593
0,56,105.6,6068.65,0,0,1,0,1,0,0,1,0,0,1,0,1,0,1,0,0,0,1,0,1,1,0,1,1,0,0,0.3367345904949693,35.55917275626876
0,13,67.8,842.25,0,0,0,0,1,0,0,0,0,0,1,0,1,0,0,0,1,0,0,0,1,0,0,0,0,0,0,0.3366466937131262,22.82464583374996
0,4,20.4,94.5,0,0,0,1,1,0,0,0,1,1,0,1,0,1,0,1,0,1,0,1,0,0,0,0,1,0,0,0.33644600681540493,6.86349853903426
0,9,65.6,593.3,0,0,1,1,1,0,0,0,0,0,0,0,1,0,0,0,1,0,1,0,0,1,0,1,0,0,1,0.3364113962396368,22.06858759332017
0,5,64.4,316.9,0,1,1,1,1,0,1,0,0,0,1,0,1,0,0,0,1,0,0,0,0,0,0,0,1,0,0,0.33607944802574724,21.643516452858123
0,34,116.25,3899.05,0,1,0,0,1,0,1,1,0,0,1,0,1,0,1,0,1,0,1,0,1,1,0,0,1,0,0,0.33594740873745854,39.05388626572955
0,24,78.4,1832.4,0,0,1,1,1,0,1,0,0,0,1,0,1,0,0,0,0,0,1,0,1,1,0,0,0,1,0,0.33558935916208094,26.31020575830715
0,18,55.2,1058.1,0,1,0,0,1,0,0,0,0,0,0,0,0,0,1,0,1,0,0,0,0,0,0,0,1,0,0,0.335393798445638,18.513737674199216
1,52,80.85,4079.55,0,1,1,1,1,0,1,0,0,0,0,0,1,0,1,0,0,0,1,0,1,1,0,1,0,1,0,0.33524437805366497,27.10450796563881
0,67,106.6,7244.7,0,0,0,1,1,0,1,1,0,0,0,0,1,0,0,0,1,0,1,0,1,1,0,1,0,0,0,0.33519189177863923,35.73145566360294
0,19,20.0,377.55,0,1,0,1,1,0,0,0,1,1,0,1,0,1,0,1,0,1,0,1,0,0,0,1,0,1,0,0.33517133174579794,6.703426634915958
0,63,99.65,6311.2,0,0,1,1,1,0,1,1,0,0,1,0,0,0,0,0,0,0,1,0,1,1,0,1,1,0,0,0.3350932651754046,33.39204387472907
0,70,106.15,7475.1,0,1,1,1,1,0,0,1,0,0,0,0,1,0,1,0,1,0,1,0,1,1,0,1,0,1,0,0.3345849157191067,35.51618880358318
0,20,76.0,1588.75,0,0,1,1,1,0,1,0,0,0,1,0,0,0,0,0,0,0,1,0,1,1,0,0,0,0,0,0.33444216024978396,25.41760417898358
0,60,74.35,4453.3,0,1,1,1,1,0,1,1,0,0,0,0,0,0,0,0,0,0,0,0,0,0,0,0,0,0,0,0.3340094253898351,24.833600777734237
0,33,79.95,2684.85,0,0,0,0,1,0,0,1,0,0,0,0,1,0,0,0,1,0,0,0,0,1,0,1,0,0,0,0.33400643200056,26.703814238444775
0,42,100.4,4303.65,0,0,1,1,1,0,0,1,0,0,0,0,0,0,1,0,1,0,1,0,1,0,1,1,0,1,0,0.33393871124164154,33.52744660866081
0,39,100.45,3801.7,0,1,0,0,1,0,0,1,0,0,1,0,0,0,1,0,0,0,1,0,1,0,1,1,0,1,0,0.3339331242336254,33.54358232926767
0,72,104.45,7459.0,0,1,1,1,1,0,1,1,0,0,0,0,1,0,1,0,0,0,1,0,1,1,0,1,1,0,0,0.3338357726468476,34.869146452963236
0,25,78.35,1837.9,0,0,0,0,1,0,1,0,0,0,1,0,1,0,1,0,1,0,1,0,0,0,0,1,0,0,0,0.3337974258422156,26.15302831473759
0,48,108.1,5067.45,0,1,0,0,1,0,1,1,0,0,0,0,1,0,1,0,0,0,1,0,1,0,1,1,0,0,0,0.33379716673570037,36.083473724129206
0,7,20.75,141.1,0,1,0,0,1,0,0,0,1,1,0,1,0,1,0,1,0,1,0,1,0,0,0,0,0,0,1,0.3335240789490118,6.920624638191995
0,72,103.2,7362.9,0,0,1,1,1,0,1,1,0,0,0,0,1,0,1,0,0,0,1,0,1,1,0,1,1,0,0,0.33326556602261387,34.393006413533755
0,11,36.05,402.6,0,0,0,1,0,1,0,0,0,0,1,0,0,0,0,0,1,0,0,0,0,1,0,1,0,0,1,0.3328164316566732,11.998032361223068
0,30,79.3,2427.1,0,0,0,0,1,0,1,0,0,0,1,0,0,0,1,0,0,0,1,0,1,1,0,1,1,0,0,0.3327602340394627,26.38788655932939
1,11,19.95,214.75,1,1,1,0,1,0,0,0,1,1,0,1,0,1,0,1,0,1,0,1,0,0,0,0,0,0,1,0.332572507263711,6.634821519911035
0,57,95.25,5464.65,1,0,0,0,1,0,0,1,0,0,0,0,0,0,1,0,0,0,1,0,1,0,1,1,0,1,0,0.33237312434034094,31.658540093417475
0,9,20.15,238.15,0,0,0,0,1,0,0,0,1,1,0,1,0,1,0,1,0,1,0,1,0,0,0,0,0,0,0,0.33185342260547196,6.68684646550026
0,7,69.45,477.05,0,0,1,1,1,0,0,0,0,0,1,0,1,0,1,0,0,0,1,0,0,1,0,0,0,1,0,0.33161107024348013,23.030388828409695
0,12,20.1,232.4,0,0,1,1,1,0,0,0,1,1,0,1,0,1,0,1,0,1,0,1,0,0,0,1,1,0,0,0.33130739419917743,6.659278623403467
0,44,54.3,2317.1,0,1,1,1,0,1,0,0,0,0,0,0,0,0,1,0,1,0,1,0,1,1,0,1,0,1,0,0.3307400030617366,17.959182166252297
0,51,93.5,4619.55,0,0,1,0,1,0,0,1,0,0,1,0,1,0,1,0,0,0,1,0,0,1,0,1,0,1,0,0.33073892797063725,30.924089765254582
0,66,103.1,6595.0,0,0,0,0,1,0,1,1,0,0,1,0,1,0,1,0,1,0,0,0,1,0,0,1,0,0,0,0.33037342850183365,34.061500478539045
0,17,70.35,1201.65,0,1,1,1,1,0,1,0,0,0,1,0,0,0,1,0,0,0,1,0,0,1,0,1,0,0,0,0.33023670645856334,23.232152299359928
0,35,55.0,2010.55,1,1,0,0,1,0,0,0,0,0,0,0,0,0,0,0,0,0,1,0,0,0,0,0,0,0,1,0.33020045778927476,18.16102517841011
0,48,45.3,2145.0,1,0,1,0,0,1,0,0,0,0,1,0,0,0,1,0,0,0,0,0,1,0,0,1,0,0,0,0.3300209665817143,14.949949786151658
0,8,20.25,158.35,0,1,1,0,1,0,0,0,1,1,0,1,0,1,0,1,0,1,0,1,0,0,0,0,0,0,1,0.32987850129457386,6.680039651215121
0,69,104.7,7220.35,1,1,0,0,1,0,1,1,0,0,0,0,1,0,0,0,1,0,1,0,1,1,0,1,0,0,0,0.32906683738751447,34.45329787447277
0,12,54.2,690.5,0,0,1,0,1,0,0,0,0,0,1,0,0,0,0,0,1,0,0,0,0,0,0,0,0,0,0,0.3287538669620702,17.818459589344208
0,47,113.45,5317.8,0,1,1,1,1,0,1,1,0,0,1,0,1,0,1,0,1,0,1,0,1,1,0,1,0,0,0,0.32869335115106635,37.29026068808848
0,57,39.3,2111.45,1,1,0,0,0,1,0,0,0,0,0,0,1,0,0,0,0,0,1,0,0,0,0,1,0,1,0,0.32859313406321017,12.913710168684158
0,20,50.0,1003.05,0,1,0,0,1,0,0,0,0,0,0,0,0,0,0,0,1,0,0,0,0,0,0,0,0,0,1,0.3284799099250098,16.42399549625049
0,30,54.45,1588.7,0,1,1,1,1,0,1,0,0,0,1,0,0,0,0,0,0,0,0,0,0,0,0,1,0,0,0,0.3284248674164559,17.882734030826022
0,58,80.65,4807.35,0,1,0,0,1,0,1,1,0,0,0,0,0,0,0,0,1,0,0,0,0,0,0,0,0,0,0,0.32809682945970586,26.46100929592528
0,13,61.8,750.1,0,1,1,1,1,0,0,0,0,0,0,0,1,0,1,0,1,0,0,0,0,0,0,0,0,0,0,0.3280064795394541,20.270800435538263
0,54,105.85,5826.65,0,1,0,1,1,0,0,1,0,0,1,0,1,0,0,0,1,0,1,0,1,1,0,1,0,1,0,0.327989054925463,34.717641463860254
0,42,94.45,3923.8,0,0,1,1,1,0,1,1,0,0,1,0,1,0,0,0,0,0,1,0,0,1,0,1,1,0,0,0.3278898878585564,30.96919990824065
0,8,19.2,156.85,0,0,0,0,1,0,0,0,1,1,0,1,0,1,0,1,0,1,0,1,0,0,0,0,0,0,1,0.3275916366019252,6.289759422756964
0,68,108.45,7176.55,1,1,0,0,1,0,1,1,0,0,0,0,1,0,1,0,1,0,1,0,1,1,0,0,0,1,0,0.3271525572830513,35.47969483734692
0,13,20.45,254.5,0,0,1,1,1,0,0,0,1,1,0,1,0,1,0,1,0,1,0,1,0,0,0,1,0,0,1,0.3270322509437301,6.687809531799281
0,39,81.4,3213.75,0,1,0,0,1,0,1,1,0,0,0,0,1,0,0,0,0,0,0,0,0,1,0,0,1,0,0,0.32693719311064484,26.612687519206492
0,5,19.45,86.05,0,1,1,1,1,0,0,0,1,1,0,1,0,1,0,1,0,1,0,1,0,0,0,0,0,0,1,0.3269304631972628,6.358797509186761
0,54,114.65,6049.5,0,0,1,0,1,0,1,1,0,0,1,0,1,0,1,0,1,0,1,0,1,1,0,1,0,0,1,0.32683577276799436,37.471721347850554
1,28,64.45,1867.6,0,0,0,0,1,0,1,0,0,0,0,0,1,0,1,0,1,0,0,0,0,0,0,0,0,0,0,0.32682835248676634,21.064087317772092
0,56,88.9,4968.0,0,0,1,1,1,0,0,1,0,0,0,0,0,0,0,0,0,0,1,0,1,1,0,0,0,0,0,0.3267450433930236,29.0476343576398
0,6,19.85,119.3,0,0,1,1,1,0,0,0,1,1,0,1,0,1,0,1,0,1,0,1,0,0,0,0,0,0,1,0.32666635033988706,6.484327054246759
0,23,54.15,1312.45,0,1,0,1,1,0,0,0,0,0,0,0,1,0,0,0,1,0,0,0,0,0,0,0,0,1,0,0.3266225432676909,17.686610717945463
0,39,81.9,3219.75,0,1,0,0,1,0,0,1,0,0,0,0,0,0,1,0,1,0,0,0,0,1,0,0,0,1,0,0.3264001205144788,26.732169870135817
0,72,89.7,6588.95,0,1,1,1,1,0,1,1,0,0,0,0,1,0,0,0,0,0,1,0,0,1,0,1,0,1,0,0.32637446197392816,29.275789239061357
0,40,51.1,2092.9,0,1,0,0,1,0,0,0,0,0,0,0,0,0,0,0,1,0,0,0,0,0,0,1,0,1,0,0.3260053999624451,16.658875938080946
0,6,19.7,113.5,0,0,1,1,1,0,0,0,1,1,0,1,0,1,0,1,0,1,0,1,0,0,0,0,0,0,1,0.3259590891146908,6.421394055559408
0,52,80.2,4297.6,0,0,0,0,1,0,1,1,0,0,0,0,1,0,0,0,0,0,0,0,0,1,0,1,0,0,1,0.32576595941283715,26.12642994490954
0,71,104.1,7412.25,0,0,1,0,1,0,1,1,0,0,1,0,0,0,1,0,0,0,1,0,1,1,0,1,1,0,0,0.3256294200738222,33.89802262968489
1,45,34.2,1596.6,0,0,0,0,0,1,0,0,0,0,0,0,0,0,0,0,0,0,0,0,1,1,0,0,0,1,0,0.32556892137390486,11.134457110987547
1,31,50.4,1580.1,0,0,1,0,0,1,0,0,0,0,1,0,1,0,1,0,0,0,0,0,1,1,0,1,1,0,0,0.32519402187649554,16.389778702575374
0,67,112.35,7388.45,0,0,1,1,1,0,1,1,0,0,0,0,1,0,1,0,1,0,1,0,1,1,0,1,1,0,0,0.3251739231265873,36.533290263272086
0,11,23.15,245.2,1,1,0,0,1,0,1,0,1,1,0,1,0,1,0,1,0,1,0,1,0,0,0,0,1,0,0,0.3250426315080765,7.52473691941197
0,40,67.45,2731.0,0,1,0,0,1,0,0,0,0,0,1,0,0,0,1,0,0,0,0,0,1,0,0,0,0,1,0,0.3249787002415674,21.91981333129372
1,26,60.7,1597.4,0,0,1,0,1,0,0,0,0,0,0,0,0,0,1,0,0,0,0,0,1,1,0,0,0,0,1,0.3249270115663755,19.723069602078994
0,9,19.5,150.35,0,0,0,0,1,0,0,0,1,1,0,1,0,1,0,1,0,1,0,1,0,0,0,0,0,0,0,0.32490805505668735,6.335707073605404
0,15,19.45,340.85,0,1,1,0,1,0,0,0,1,1,0,1,0,1,0,1,0,1,0,1,0,0,0,1,1,0,0,0.3247980857401326,6.317322767645578
0,34,65.0,2157.5,0,0,0,0,1,0,1,0,0,0,0,0,0,0,0,0,1,0,1,0,0,0,0,0,0,0,1,0.3244929775392116,21.092043540048753
0,9,39.55,373.0,0,1,0,0,0,1,0,0,0,0,1,0,1,0,1,0,0,0,0,0,0,1,0,0,0,0,1,0.32395415502481495,12.81238683123143
0,53,105.55,5682.25,0,0,0,0,1,0,1,1,0,0,0,0,1,0,1,0,0,0,1,0,1,0,1,0,0,1,0,0.32349368253295013,34.144758191352885
0,45,96.75,4442.75,0,0,0,0,1,0,1,1,0,0,1,0,1,0,0,0,0,0,0,0,1,1,0,0,0,0,0,0.32206737875206215,31.160018894262013
0,56,109.8,6109.65,0,0,1,0,1,0,1,1,0,0,1,0,1,0,1,0,0,0,1,0,1,1,0,0,0,0,0,0.32204787552716074,35.36085673288225
0,20,19.4,374.5,1,1,0,1,1,0,0,0,1,1,0,1,0,1,0,1,0,1,0,1,0,0,0,1,0,1,0,0.32202153443652165,6.24721776806852
0,56,93.15,5253.95,0,1,1,0,1,0,1,1,0,0,1,0,1,0,1,0,0,0,0,0,0,1,0,1,0,1,0,0.3216450676488898,29.961238051494085
0,9,19.9,164.6,0,1,0,0,1,0,0,0,1,1,0,1,0,1,0,1,0,1,0,1,0,1,0,1,0,1,0,0.3213663933885821,6.395191228432783
0,44,50.15,2139.1,0,0,0,0,1,0,1,0,0,0,0,0,0,0,0,0,0,0,0,0,0,0,0,1,0,0,1,0.3211940844183888,16.107883333582198
0,55,100.9,5552.05,0,1,0,0,1,0,0,1,0,0,1,0,1,0,0,0,0,0,1,0,1,1,0,1,0,0,1,0.32084233334937734,32.372991434952176
0,15,19.8,309.4,0,1,0,0,1,0,0,0,1,1,0,1,0,1,0,1,0,1,0,1,0,0,0,1,0,0,1,0.32077789398051026,6.351402300814104
0,5,20.2,83.75,0,1,0,1,1,0,0,0,1,1,0,1,0,1,0,1,0,1,0,1,0,0,0,0,0,0,1,0.32056042102034554,6.47532050461098
0,23,55.3,1284.2,0,1,0,1,1,0,0,0,0,0,0,0,1,0,0,0,1,0,0,0,0,0,0,1,0,0,0,0.32045361758840124,17.72108505263859
0,9,20.25,186.15,0,0,0,0,1,0,0,0,1,1,0,1,0,1,0,1,0,1,0,1,0,0,0,0,0,0,1,0.3203582834673109,6.487255240213045
0,70,97.55,6669.05,0,1,1,1,1,0,1,1,0,0,1,0,1,0,0,0,0,0,1,0,0,0,0,1,1,0,0,0.32020779298231683,31.236270205425004
0,34,77.2,2753.8,0,1,1,1,1,0,1,0,0,0,0,0,0,0,1,0,0,0,1,0,1,1,0,0,0,0,0,0.3200618428914446,24.708774271219525
0,72,106.1,7848.5,0,1,1,1,1,0,1,1,0,0,1,0,0,0,1,0,0,0,1,0,1,1,0,1,0,0,0,0.31985113567395707,33.936205495006845
0,26,51.55,1295.4,0,1,0,0,1,0,1,0,0,0,0,0,0,0,0,0,0,0,0,0,0,1,0,1,1,0,0,0.31971774713652806,16.48144986488802
0,55,103.7,5656.75,0,0,1,1,1,0,0,1,0,0,0,0,1,0,1,0,1,0,1,0,1,1,0,1,0,0,0,0.3195112723871346,33.13331894654586
0,7,20.65,158.95,0,0,1,1,1,0,0,0,1,1,0,1,0,1,0,1,0,1,0,1,0,0,0,0,0,0,1,0.31949675156599755,6.5976079198378486
1,69,110.55,7610.1,0,1,1,0,1,0,1,1,0,0,1,0,0,0,1,0,1,0,1,0,1,1,0,1,0,0,1,0.3186390386786519,35.22554572592497
0,7,20.45,150.75,0,0,1,1,1,0,0,0,1,1,0,1,0,1,0,1,0,1,0,1,0,0,0,0,0,0,1,0.3185364437852247,6.514070275407845
0,5,20.35,122.0,0,1,0,1,1,0,0,0,1,1,0,1,0,1,0,1,0,1,0,1,0,0,0,0,1,0,0,0.31821026586123813,6.475578910276196
0,32,62.45,2045.55,0,0,1,1,1,0,1,0,0,0,0,0,1,0,1,0,0,0,0,0,0,0,0,0,0,0,0,0.3180650538717225,19.86316261428907
0,54,100.05,5299.65,0,0,0,0,1,0,0,1,0,0,1,0,1,0,0,0,0,0,1,0,1,1,0,1,1,0,0,0.3180541504319537,31.821317750716965
0,31,49.2,1498.55,0,0,1,0,1,0,0,0,0,0,0,0,0,0,0,0,1,0,0,0,0,0,0,1,0,0,1,0.31802589541793364,15.646874054562335
0,6,19.55,122.9,0,1,1,1,1,0,0,0,1,1,0,1,0,1,0,1,0,1,0,1,0,0,0,0,0,0,1,0.3179730401827676,6.216372935573107
0,13,19.85,252.0,0,1,1,1,1,0,0,0,1,1,0,1,0,1,0,1,0,1,0,1,0,0,0,1,0,0,1,0.3172727312726031,6.297863715761172
0,29,75.35,2243.9,0,1,0,0,1,0,0,0,0,0,0,0,0,0,1,0,1,0,1,0,1,1,0,1,0,0,0,0.317119759021387,23.89497384226151
0,27,56.15,1439.35,0,0,0,0,1,0,0,0,0,0,0,0,1,0,0,0,1,0,0,0,0,0,0,1,0,0,1,0.31687788248671916,17.79269310162928
0,50,103.05,5153.5,0,0,1,1,1,0,0,1,0,0,0,0,0,0,1,0,1,0,1,0,1,1,0,0,0,0,1,0.3166458660508056,32.63035649653551
0,62,70.45,4300.45,0,0,1,1,1,0,1,0,0,0,0,0,0,0,0,0,0,0,1,0,1,0,0,1,1,0,0,0.31641287299391413,22.291286902421252
0,11,64.9,697.25,0,0,0,0,1,0,0,0,0,0,0,0,0,0,1,0,1,0,0,0,1,1,0,0,1,0,0,0.3160282363042964,20.510232536148838
0,22,20.55,469.85,0,0,0,1,1,0,0,0,1,1,0,1,0,1,0,1,0,1,0,1,0,0,0,1,0,1,0,0.3158899577298995,6.491538631349434
0,9,19.05,157.65,0,0,0,0,1,0,0,0,1,1,0,1,0,1,0,1,0,1,0,1,0,0,0,0,0,0,1,0.31586276337526364,6.017185642298773
1,61,94.2,5895.45,0,0,1,0,1,0,1,1,0,0,1,0,1,0,1,0,1,0,0,0,0,0,0,1,1,0,0,0.31499073856379073,29.672127572709087
0,54,89.8,4667.0,0,1,0,0,1,0,0,1,0,0,1,0,0,0,1,0,0,0,1,0,0,0,0,0,0,0,1,0.31466487658138714,28.256905917008563
0,6,19.85,138.85,0,1,1,1,1,0,0,0,1,1,0,1,0,1,0,1,0,1,0,1,0,0,0,0,1,0,0,0.3146288917044858,6.245383500334044
0,17,55.35,920.5,0,0,1,1,1,0,0,0,0,0,1,0,0,0,0,0,1,0,0,0,0,0,0,1,1,0,0,0.3145989676241622,17.41305285799738
1,55,44.85,2479.05,0,1,0,0,0,1,0,0,0,0,1,0,1,0,0,0,0,0,1,0,0,0,0,1,0,1,0,0.314548640775964,14.107506538801987
0,61,106.6,6428.4,1,0,0,0,1,0,1,1,0,0,0,0,0,0,1,0,1,0,1,0,1,0,1,1,0,1,0,0.31435449531015486,33.510189200062506
1,66,110.9,7432.05,1,1,0,0,1,0,1,1,0,0,0,0,1,0,1,0,1,0,1,0,1,1,0,0,1,0,0,0.3141961846754779,34.844356880510496
0,69,108.75,7493.05,0,0,1,1,1,0,1,1,0,0,0,0,1,0,1,0,1,0,1,0,1,1,0,1,0,0,0,0.3139170894579021,34.13848347854685
0,33,80.1,2603.3,0,1,0,0,1,0,1,1,0,0,1,0,0,0,0,0,0,0,0,0,0,1,0,0,0,0,0,0.3137345686462439,25.130138948564134
0,20,25.55,507.4,0,0,1,1,1,0,1,0,1,1,0,1,0,1,0,1,0,1,0,1,0,0,0,1,0,0,0,0.31326010710290997,8.00379573647935
0,48,75.15,3772.65,0,0,0,0,1,0,0,1,0,0,0,0,1,0,0,0,0,0,0,0,0,1,0,0,0,1,0,0.3128516397337716,23.51080072599294
0,29,48.95,1323.7,0,1,0,0,1,0,0,0,0,0,0,0,0,0,1,0,0,0,0,0,0,0,0,0,0,0,0,0.312751795665367,15.309200397819716
0,27,56.7,1652.95,0,0,0,0,1,0,0,0,0,0,1,0,1,0,0,0,0,0,0,0,0,0,0,1,0,0,1,0.3127368304790591,17.73217828816265
0,16,20.4,321.4,0,0,1,1,1,0,0,0,1,1,0,1,0,1,0,1,0,1,0,1,0,0,0,0,0,1,0,0.3123216836413537,6.3713623462836155
0,9,20.4,181.8,0,1,0,0,1,0,0,0,1,1,0,1,0,1,0,1,0,1,0,1,0,0,0,0,0,0,1,0.31230296685097175,6.370980523759823
0,51,79.15,4018.55,0,0,1,1,1,0,0,1,0,0,1,0,1,0,0,0,0,0,0,0,0,0,0,1,0,0,0,0.3120196660655923,24.69635656909163
0,27,80.65,2209.75,0,1,1,1,1,0,0,1,0,0,1,0,1,0,0,0,0,0,0,0,0,1,0,1,1,0,0,0.31190841851342793,25.155413953107963
0,9,20.25,178.5,1,1,0,0,1,0,0,0,1,1,0,1,0,1,0,1,0,1,0,1,0,0,0,0,0,0,1,0.3117626253100375,6.313193162528259
0,19,48.8,953.65,0,0,0,1,1,0,0,0,0,0,0,0,0,0,0,0,1,0,0,0,0,0,0,0,0,0,1,0.31143626090719645,15.198089532271187
0,16,19.7,342.4,1,1,0,0,1,0,0,0,1,1,0,1,0,1,0,1,0,1,0,1,0,0,0,1,0,0,1,0.31122409628875164,6.131114696888407
0,55,100.9,5448.6,0,0,1,1,1,0,1,1,0,0,1,0,0,0,0,0,0,0,1,0,1,1,0,0,0,0,1,0.3109939804040584,31.379292622769494
0,9,19.85,178.8,0,1,0,0,1,0,0,0,1,1,0,1,0,1,0,1,0,1,0,1,0,0,0,0,0,0,1,0.3108699468430742,6.170768444835023
0,26,87.15,2274.1,0,0,0,0,1,0,0,1,0,0,1,0,0,0,1,0,1,0,0,0,0,1,0,1,1,0,0,0.31063486531214934,27.071828511953818
0,66,88.9,6000.1,0,0,0,0,1,0,1,1,0,0,0,0,1,0,0,0,0,0,1,0,0,1,0,1,0,0,0,0.31059067791255973,27.61151126642656
0,6,19.55,128.6,0,1,0,1,1,0,0,0,1,1,0,1,0,1,0,1,0,1,0,1,0,0,0,0,0,0,1,0.310470029034284,6.069689067620253
0,47,75.45,3545.1,0,0,0,0,1,0,0,1,0,0,1,0,0,0,0,0,0,0,0,0,0,0,0,0,1,0,0,0.31043414065657776,23.422255912538795
0,28,92.9,2768.35,0,1,1,1,1,0,0,1,0,0,0,0,1,0,1,0,1,0,1,0,0,1,0,0,0,0,0,0.31000412829463286,28.799383518571396
0,11,20.3,246.3,0,0,0,0,1,0,0,0,1,1,0,1,0,1,0,1,0,1,0,1,0,0,0,0,0,0,0,0.30987440819960865,6.290450486452056
0,6,19.7,111.65,0,1,0,1,1,0,0,0,1,1,0,1,0,1,0,1,0,1,0,1,0,0,0,0,0,0,1,0.3097951689009387,6.102964827348493
0,23,48.35,1067.15,1,1,1,1,1,0,1,0,0,0,0,0,0,0,0,0,0,0,0,0,0,1,0,1,1,0,0,0.30977277664474295,14.977513750773323
0,7,20.25,144.35,0,1,1,1,1,0,0,0,1,1,0,1,0,1,0,1,0,1,0,1,0,0,0,0,0,0,1,0.3095881194999692,6.269159419874377
0,19,65.35,1231.85,0,1,0,0,1,0,0,0,0,0,0,0,1,0,0,0,1,0,0,0,1,1,0,1,0,0,0,0.3094339276314999,20.221507170718517
0,36,79.2,2854.95,0,1,0,0,1,0,0,0,0,0,1,0,0,0,1,0,1,0,1,0,1,0,0,1,1,0,0,0.3092011553224486,24.488731501537927
0,6,19.65,100.9,0,1,0,1,1,0,0,0,1,1,0,1,0,1,0,1,0,1,0,1,0,0,0,0,0,0,1,0.3090383871697267,6.072604307885129
0,17,61.95,1070.7,0,0,1,1,1,0,1,0,0,0,0,0,0,0,1,0,1,0,0,0,0,1,0,1,0,0,1,0.30901765789472263,19.143643906578067
0,10,24.8,223.9,0,1,0,1,1,0,1,0,1,1,0,1,0,1,0,1,0,1,0,1,0,0,0,0,1,0,0,0.30820446826626546,7.6434708130033835
0,12,56.65,654.85,1,1,0,0,1,0,0,0,0,0,1,0,0,0,0,0,1,0,0,0,0,0,0,0,0,0,1,0.30775328542990477,17.434223619604104
0,33,60.9,2033.85,0,0,0,0,1,0,1,0,0,0,1,0,1,0,0,0,0,0,0,0,0,0,0,1,0,0,1,0.3077258133141286,18.740502030830434
0,16,20.6,330.25,0,1,0,0,1,0,0,0,1,1,0,1,0,1,0,1,0,1,0,1,0,0,0,1,1,0,0,0.3075996521683223,6.33655283466744
0,41,68.6,2877.05,0,0,0,0,1,0,1,0,0,0,0,0,0,0,1,0,1,0,0,0,1,1,0,1,0,1,0,0.3075561581453545,21.098352448771315
0,28,56.05,1522.65,0,0,0,0,1,0,0,0,0,0,1,0,1,0,0,0,0,0,0,0,0,0,0,0,0,1,0,0.30749910790941826,17.23532499832289
0,30,90.4,2820.65,0,1,0,0,1,0,1,1,0,0,1,0,1,0,1,0,0,0,0,0,0,1,0,0,0,0,0,0.30745063426087965,27.793537337183523
0,10,64.9,685.55,0,0,0,0,1,0,0,0,0,0,0,0,1,0,0,0,1,0,0,0,1,1,0,0,0,0,1,0.3069553581210891,19.921402742058685
0,44,53.95,2375.4,1,1,0,0,0,1,0,0,0,0,0,0,1,0,1,0,0,0,1,0,1,1,0,1,0,0,1,0.30681769976648443,16.552814902401835
0,43,63.95,2737.05,0,0,0,1,1,0,0,0,0,0,1,0,1,0,0,0,0,0,0,0,1,0,0,1,0,1,0,0.30615079426724434,19.578343293390276
0,9,19.7,180.7,0,1,0,0,1,0,0,0,1,1,0,1,0,1,0,1,0,1,0,1,0,0,0,0,1,0,0,0.3057142046355551,6.022569831320435
0,61,94.15,5731.85,0,1,1,0,1,0,0,1,0,0,0,0,1,0,1,0,1,0,0,0,1,0,0,0,1,0,0,0.30566400824377743,28.778266376151645
0,17,44.45,792.15,0,1,1,1,0,1,0,0,0,0,1,0,0,0,1,0,0,0,1,0,0,1,0,0,1,0,0,0.30518252224688414,13.565363113874001
0,25,40.65,970.55,0,1,0,1,0,1,0,0,0,0,1,0,0,0,0,0,0,0,1,0,0,1,0,1,1,0,0,0.3050439798107211,12.400037779305814
0,46,45.55,2062.15,0,0,1,0,0,1,0,0,0,0,1,0,1,0,0,0,0,0,1,0,0,0,0,0,0,1,0,0.3050026174186492,13.89286922341947
0,24,66.3,1559.45,0,0,1,0,1,0,1,0,0,0,1,0,1,0,1,0,0,0,0,0,0,0,0,0,0,0,1,0.3049904351342657,20.220865849401815
0,16,20.15,341.35,0,1,1,1,1,0,0,0,1,1,0,1,0,1,0,1,0,1,0,1,0,0,0,0,0,1,0,0.3049198248557767,6.144134470843899
1,61,98.3,6066.55,0,1,1,0,1,0,1,1,0,0,0,0,1,0,1,0,1,0,1,0,0,1,0,1,0,0,1,0.30484843839108916,29.966601493844063
0,0,19.7,0.0,0,1,1,1,1,0,0,0,1,1,0,1,0,1,0,1,0,1,0,1,0,1,0,1,0,0,1,0.3046957988041604,6.00250723644196
0,30,48.8,1536.75,0,0,0,0,1,0,0,0,0,0,1,0,0,0,0,0,0,0,0,0,0,0,0,1,0,0,1,0.3046393796224639,14.866401725576237
0,21,58.85,1215.45,0,0,1,1,1,0,0,0,0,0,0,0,1,0,0,0,0,0,1,0,0,1,0,1,1,0,0,0.3045756695970807,17.9242781557882
0,10,18.85,163.2,0,0,0,0,1,0,0,0,1,1,0,1,0,1,0,1,0,1,0,1,0,0,0,0,0,0,1,0.3045330150715029,5.74044733409783
0,35,73.45,2661.1,0,1,1,1,1,0,1,0,0,0,0,0,0,0,0,0,1,0,1,0,1,1,0,1,0,0,0,0.3037897113120114,22.313354295867235
0,43,40.45,1912.85,0,1,0,1,0,1,0,0,0,0,1,0,1,0,1,0,0,0,0,0,0,0,0,1,0,1,0,0.30351444449556636,12.27715927984566
0,8,21.05,139.75,0,0,1,1,1,0,0,0,1,1,0,1,0,1,0,1,0,1,0,1,0,0,0,0,1,0,0,0.3030711151145128,6.379646973160495
0,60,116.6,7049.5,0,1,0,0,1,0,1,1,0,0,1,0,1,0,1,0,1,0,1,0,1,1,0,1,1,0,0,0.30296551225340224,35.3257787287467
0,18,19.0,348.8,0,1,0,0,1,0,0,0,1,1,0,1,0,1,0,1,0,1,0,1,0,0,0,0,0,1,0,0.30290249772346495,5.755147456745834
0,30,68.95,2038.7,0,0,0,0,1,0,1,0,0,0,0,0,1,0,1,0,0,0,1,0,0,1,0,1,1,0,0,0.3025081279568862,20.857935422627303
0,16,19.75,313.4,0,1,1,1,1,0,0,0,1,1,0,1,0,1,0,1,0,1,0,1,0,0,0,0,0,1,0,0.30236652818705934,5.971738931694422
1,69,84.9,5785.65,0,1,1,0,1,0,1,1,0,0,1,0,1,0,0,0,0,0,0,0,0,0,0,1,1,0,0,0.3017241990556842,25.61638449982759
0,0,52.55,0.0,0,0,1,1,0,1,0,0,0,0,1,0,0,0,1,0,1,0,1,0,0,0,1,1,0,0,0,0.3013438385762542,15.835618717182157
0,56,99.75,5608.4,0,0,1,1,1,0,1,1,0,0,0,0,1,0,1,0,1,0,0,0,1,1,0,1,1,0,0,0.30119594655452,30.04429566881337
0,53,110.5,5835.5,0,0,1,0,1,0,0,1,0,0,1,0,1,0,1,0,1,0,1,0,1,1,0,0,0,1,0,0.3010165812365609,33.26233222663998
0,22,65.05,1427.55,0,1,0,0,1,0,1,0,0,0,1,0,1,0,1,0,0,0,0,0,0,0,0,0,0,0,1,0.3008754665396019,19.571949098401102
0,25,81.75,2028.8,0,1,0,0,1,0,1,0,0,0,1,0,1,0,1,0,1,0,0,0,1,0,0,0,0,0,0,0.30036643900331034,24.55495638852062
1,40,55.8,2283.3,0,1,1,0,1,0,0,0,0,0,0,0,0,0,0,0,0,0,0,0,1,1,0,0,0,1,0,0.3003497394060178,16.75951545885579
0,5,19.55,99.6,0,0,0,0,1,0,0,0,1,1,0,1,0,1,0,1,0,1,0,1,0,1,0,0,0,1,0,0.3001938086070833,5.868788958268478
0,35,69.0,2441.7,0,1,1,0,1,0,1,0,0,0,0,0,1,0,0,0,1,0,1,0,0,1,0,1,0,1,0,0.2997776862682565,20.6846603525097
0,14,59.1,772.85,0,0,0,0,1,0,0,0,0,0,0,0,0,0,0,0,1,0,0,0,1,1,0,0,1,0,0,0.2997380989514728,17.714521648032044
0,37,55.05,2030.75,0,1,1,0,1,0,1,0,0,0,1,0,0,0,0,0,0,0,0,0,0,0,0,1,0,0,1,0.2996709520167882,16.496885908524188
0,8,19.95,170.9,0,0,0,1,1,0,0,0,1,1,0,1,0,1,0,1,0,1,0,1,0,0,0,0,0,0,1,0.2996484324598661,5.977986227574329
0,62,96.1,6001.45,0,1,1,0,1,0,1,1,0,0,1,0,1,0,0,0,0,0,0,0,1,1,0,0,0,1,0,0.2994792067576707,28.779951769412154
0,8,20.05,163.6,0,0,0,1,1,0,0,0,1,1,0,1,0,1,0,1,0,1,0,1,0,0,0,0,0,0,1,0.2994422689612418,6.003817492672899
0,18,19.55,389.25,0,0,0,0,1,0,0,0,1,1,0,1,0,1,0,1,0,1,0,1,0,0,0,1,0,0,1,0.29942892667762144,5.853835516547499
0,49,52.15,2583.75,0,0,1,0,1,0,1,0,0,0,0,0,0,0,0,0,0,0,0,0,0,0,0,1,1,0,0,0.29919406189396136,15.602970327770084
0,51,56.15,2898.95,0,0,1,1,0,1,0,0,0,0,0,0,0,0,1,0,1,0,1,0,1,1,0,1,0,1,0,0.29916012035284045,16.79784075781199
0,56,103.2,5873.75,0,1,1,1,1,0,1,1,0,0,0,0,0,0,1,0,1,0,1,0,1,0,1,1,0,1,0,0.298940997534144,30.850710945523662
0,57,58.75,3437.45,0,0,1,0,0,1,0,0,0,0,1,0,1,0,1,0,0,0,1,0,1,0,0,1,0,0,0,0.2983885385395246,17.530326639197067
0,55,79.4,4238.45,0,1,1,1,1,0,0,1,0,0,0,0,1,0,0,0,1,0,0,0,0,0,0,0,0,1,0,0.29812076894919964,23.670789054566452
0,8,19.45,159.2,0,1,0,1,1,0,0,0,1,1,0,1,0,1,0,1,0,1,0,1,0,0,0,0,0,0,0,0.29809780414052034,5.7980022905331206
0,61,115.1,6993.65,0,0,0,0,1,0,1,1,0,0,1,0,1,0,1,0,1,0,1,0,1,1,0,1,0,0,1,0.29808575315144537,34.309670187731356
0,3,19.45,69.25,0,1,0,0,1,0,0,0,1,1,0,1,0,1,0,1,0,1,0,1,0,1,0,1,0,0,1,0.2973205523428125,5.7828847430677035
0,46,95.65,4664.2,0,0,0,0,1,0,0,1,0,0,1,0,1,0,1,0,0,0,1,0,0,1,0,1,1,0,0,0.29681033443004085,28.38990848823341
0,41,74.65,3090.65,0,0,0,0,1,0,1,0,0,0,1,0,0,0,1,0,1,0,0,0,1,0,0,1,0,0,0,0.29643677586678724,22.12900531845567
0,10,19.75,208.25,0,1,0,0,1,0,0,0,1,1,0,1,0,1,0,1,0,1,0,1,0,0,0,0,1,0,0,0.2964271321405123,5.854435859775118
0,10,20.0,198.7,0,1,0,0,1,0,0,0,1,1,0,1,0,1,0,1,0,1,0,1,0,0,0,0,1,0,0,0.29642298970361913,5.928459794072383
0,70,108.15,7930.55,0,0,1,1,1,0,1,1,0,0,1,0,1,0,1,0,0,0,1,0,1,1,0,1,1,0,0,0.2963201433729467,32.04702350578419
0,24,70.3,1706.45,0,1,1,1,1,0,0,0,0,0,1,0,1,0,0,0,1,0,0,0,1,0,0,1,1,0,0,0.2959398734428821,20.80457310303461
0,12,19.45,227.45,0,0,0,0,1,0,0,0,1,1,0,1,0,1,0,1,0,1,0,1,0,0,0,0,0,0,0,0.29579643583831355,5.7532406770551985
0,24,54.95,1348.5,0,1,0,0,1,0,0,0,0,0,1,0,0,0,0,0,1,0,0,0,0,0,0,0,0,1,0,0.2957491375956802,16.25141511088263
1,30,74.85,2181.75,0,1,1,0,1,0,1,0,0,0,0,0,0,0,1,0,0,0,1,0,1,0,1,0,0,1,0,0.2957382025484213,22.136004460749334
0,26,20.3,511.25,0,1,0,0,1,0,0,0,1,1,0,1,0,1,0,1,0,1,0,1,0,0,0,1,0,1,0,0.2954270621881871,5.997169362420198
1,58,105.5,6205.5,1,0,1,0,1,0,0,1,0,0,1,0,1,0,0,0,1,0,1,0,1,1,0,1,1,0,0,0.2951600603793577,31.13938637002224
0,14,25.55,372.45,0,0,1,1,1,0,1,0,1,1,0,1,0,1,0,1,0,1,0,1,0,0,0,0,0,0,1,0.2949761609065175,7.5366409111615225
0,60,79.2,4765.0,0,0,0,0,1,0,1,1,0,0,0,0,0,0,1,0,0,0,0,0,0,1,0,1,0,0,0,0.2946630001023243,23.337309608104086
0,61,99.4,5943.65,0,1,1,0,1,0,1,1,0,0,1,0,0,0,1,0,1,0,1,0,0,0,0,0,0,0,0,0.29449679716868554,29.272981638567344
0,49,30.2,1453.1,0,1,0,0,0,1,0,0,0,0,0,0,0,0,1,0,0,0,0,0,0,0,0,1,0,0,0,0.2944286809290764,8.891746164058107
0,20,59.2,1191.2,0,1,0,0,1,0,1,0,0,0,1,0,0,0,0,0,1,0,0,0,0,0,0,0,0,0,0,0.2944217393063788,17.429766966937628
0,45,113.3,5032.25,0,0,1,0,1,0,1,1,0,0,1,0,1,0,1,0,1,0,1,0,1,1,0,0,0,0,1,0.2943342881770373,33.348074850458325
0,8,19.65,169.75,0,1,1,1,1,0,0,0,1,1,0,1,0,1,0,1,0,1,0,1,0,0,0,0,1,0,0,0.2938404857265794,5.773965544527285
0,40,80.75,3208.65,0,0,0,0,1,0,1,0,0,0,0,0,0,0,1,0,1,0,1,0,1,1,0,1,0,0,1,0.2937370497460857,23.719266766996423
0,35,50.15,1655.35,0,0,0,1,1,0,1,0,0,0,0,0,0,0,0,0,0,0,0,0,0,0,0,0,0,0,1,0.29354984779075294,14.72152486670626
0,8,20.35,178.7,0,1,0,1,1,0,0,0,1,1,0,1,0,1,0,1,0,1,0,1,0,0,0,0,0,0,1,0.2931438402403323,5.965477148890763
0,64,108.5,6880.85,0,1,1,0,1,0,1,1,0,0,1,0,0,0,1,0,1,0,1,0,1,1,0,1,0,0,1,0.29300656840357203,31.791212671787566
0,43,106.0,4532.3,0,0,0,1,1,0,0,1,0,0,1,0,1,0,0,0,1,0,1,0,1,1,0,1,1,0,0,0.2925793784648596,31.01341411727512
0,12,20.4,266.6,0,0,0,0,1,0,0,0,1,1,0,1,0,1,0,1,0,1,0,1,0,0,0,0,0,0,1,0.29211108770742095,5.959066189231387
0,11,20.35,215.25,0,1,0,0,1,0,0,0,1,1,0,1,0,1,0,1,0,1,0,1,0,0,0,0,0,0,1,0.29207965279793335,5.9438209344379445
0,47,94.9,4615.25,0,0,0,0,1,0,1,1,0,0,1,0,0,0,1,0,0,0,1,0,0,1,0,0,1,0,0,0.29204823856815243,27.715377840117668
0,63,102.6,6296.75,0,1,1,0,1,0,1,1,0,0,0,0,0,0,1,0,0,0,1,0,1,0,1,0,0,1,0,0.2918549610102482,29.944318999651465
0,31,79.45,2587.7,1,1,0,1,1,0,1,0,0,0,0,0,1,0,0,0,1,0,1,0,1,1,0,1,0,0,1,0.29162819405558665,23.16986001771636
0,11,20.25,208.0,0,1,0,0,1,0,0,0,1,1,0,1,0,1,0,1,0,1,0,1,0,0,0,0,0,0,1,0.29144064885828597,5.901673139380291
0,27,49.85,1336.15,0,0,1,1,1,0,0,0,0,0,0,0,1,0,0,0,0,0,0,0,0,0,0,0,0,0,1,0.29099664343982745,14.506182675475399
0,30,64.5,1985.15,0,0,1,1,1,0,0,0,0,0,0,0,0,0,1,0,1,0,1,0,0,1,0,1,0,1,0,0.29083847125492085,18.759081395942395
0,12,20.3,246.7,0,0,0,0,1,0,0,0,1,1,0,1,0,1,0,1,0,1,0,1,0,0,0,0,0,0,1,0.29074092561579956,5.902040790000731
0,72,117.8,8684.8,1,1,1,0,1,0,1,1,0,0,1,0,1,0,1,0,1,0,1,0,1,1,0,1,0,0,0,0.29054467276123336,34.22616245127329
0,62,115.05,7133.45,0,0,0,0,1,0,1,1,0,0,1,0,1,0,1,0,1,0,1,0,1,1,0,1,1,0,0,0.29042760498919407,33.413695954006776
0,32,94.8,3131.55,0,1,1,1,1,0,0,1,0,0,1,0,1,0,1,0,0,0,0,0,1,1,0,0,0,0,1,0.2903392866529359,27.524164374698323
0,72,97.85,6841.3,0,0,1,0,1,0,1,1,0,0,0,0,0,0,1,0,0,0,1,0,1,0,1,1,0,1,0,0.29027686539760655,28.4035912791558
0,63,80.3,4896.35,0,1,1,1,1,0,0,1,0,0,0,0,1,0,1,0,0,0,0,0,0,0,0,1,1,0,0,0.2902521554604757,23.3072480834762
0,22,24.85,493.4,0,1,0,0,1,0,1,0,1,1,0,1,0,1,0,1,0,1,0,1,0,0,0,1,1,0,0,0.2900303132286299,7.207253283731453
0,70,95.0,6602.9,0,1,1,0,1,0,1,1,0,0,0,0,1,0,1,0,0,0,1,0,0,1,0,1,0,0,0,0.2899537162882094,27.545603047379892
0,47,58.6,2723.4,0,0,1,0,1,0,0,0,0,0,0,0,1,0,0,0,0,0,1,0,0,0,0,1,0,0,0,0.2897319445414198,16.9782919501272
1,68,96.55,6581.9,1,0,1,0,1,0,1,1,0,0,1,0,1,0,0,0,0,0,0,0,1,1,0,1,1,0,0,0.2897033340716648,27.970856904619236
0,23,49.45,1119.35,0,0,0,1,1,0,0,0,0,0,0,0,0,0,0,0,1,0,0,0,0,1,0,1,0,1,0,0.28953633333639495,14.317571683484731
1,55,50.05,2743.45,0,1,0,0,0,1,0,0,0,0,0,0,0,0,1,0,0,0,1,0,1,1,0,1,0,0,0,0.28937037973283875,14.482987505628579
0,12,20.1,223.6,0,0,0,0,1,0,0,0,1,1,0,1,0,1,0,1,0,1,0,1,0,0,0,0,0,0,1,0.2889720644243115,5.808338494928662
0,44,77.55,3471.1,0,0,0,1,1,0,1,0,0,0,0,0,1,0,0,0,0,0,1,0,1,1,0,1,0,0,1,0.2888990156622275,22.40411866460574
0,53,97.75,5043.2,0,1,1,0,1,0,1,1,0,0,0,0,1,0,0,0,1,0,0,0,1,1,0,0,0,0,0,0.28886198538152447,28.236259071044017
0,12,19.45,246.25,0,0,0,0,1,0,0,0,1,1,0,1,0,1,0,1,0,1,0,1,0,0,0,0,0,0,1,0.2888572409220499,5.61827333593387
1,54,24.95,1364.75,0,1,1,0,0,1,0,0,0,0,0,0,0,0,0,0,0,0,0,0,0,0,0,1,0,0,0,0.28860767339264487,7.200761451146489
0,17,24.8,475.25,0,0,0,0,1,0,1,0,1,1,0,1,0,1,0,1,0,1,0,1,0,0,0,0,0,0,1,0.2885770983598385,7.156712039323995
0,19,24.1,439.2,0,1,0,1,1,0,1,0,1,1,0,1,0,1,0,1,0,1,0,1,0,0,0,1,1,0,0,0.28843373931124416,6.951253117400984
1,46,59.9,2816.65,1,1,1,0,0,1,0,0,0,0,0,0,1,0,1,0,1,0,1,0,1,1,0,1,0,0,0,0.2882299844418116,17.264976068064513
0,65,110.0,7138.65,0,1,0,0,1,0,1,1,0,0,1,0,0,0,1,0,1,0,1,0,1,1,0,1,1,0,0,0.28810337972588385,31.691371769847223
0,10,29.6,299.05,0,0,0,0,0,1,0,0,0,0,0,0,0,0,0,0,1,0,0,0,0,0,1,1,0,0,1,0.2880856414265131,8.527334986224789
0,46,105.2,4822.85,1,0,0,1,1,0,0,1,0,0,1,0,1,0,0,0,1,0,1,0,1,1,0,1,0,0,0,0.28797575012084764,30.295048912713174
0,72,99.4,7285.7,0,1,1,0,1,0,1,1,0,0,0,0,1,0,0,0,0,0,1,0,1,0,1,1,0,1,0,0.2879682874348956,28.624047771028625
0,12,19.7,220.35,0,0,0,0,1,0,0,0,1,1,0,1,0,1,0,1,0,1,0,1,0,0,0,0,0,0,1,0.2879134423662612,5.671894814615346
1,69,109.95,7634.25,0,1,1,0,1,0,1,1,0,0,0,0,1,0,1,0,1,0,1,0,1,0,1,1,0,1,0,0.2878683289408612,31.65112276704769
0,61,98.45,6145.2,0,1,1,1,1,0,0,1,0,0,0,0,1,0,0,0,1,0,1,0,1,1,0,1,0,0,0,0.287862672516078,28.34008010920788
0,31,59.95,1848.8,0,1,1,1,0,1,0,0,0,0,1,0,0,0,1,0,1,0,1,0,1,1,0,0,0,1,0,0.28764174574256385,17.244122657266704
0,59,41.05,2452.7,1,1,1,0,0,1,0,0,0,0,0,0,1,0,0,0,0,0,0,0,1,0,0,1,0,0,0,0.287475365544307,11.800863755593802
0,67,118.35,7804.15,1,1,0,0,1,0,1,1,0,0,1,0,1,0,1,0,1,0,1,0,1,1,0,1,0,0,0,0.2874012684709228,34.01394012353371
0,60,60.2,3582.4,0,1,1,0,0,1,0,0,0,0,0,0,1,0,1,0,1,0,1,0,1,0,0,1,0,0,0,0.2872242782849871,17.290901552756225
0,20,19.5,413.0,0,0,0,0,1,0,0,0,1,1,0,1,0,1,0,1,0,1,0,1,0,0,0,1,0,0,0,0.2870293266001097,5.597071868702139
0,22,59.75,1374.35,0,1,1,0,1,0,0,0,0,0,1,0,0,0,0,0,0,0,1,0,0,1,0,1,0,0,0,0.28700942063215495,17.14881288277126
0,60,99.65,5941.05,0,0,0,0,1,0,0,1,0,0,0,0,1,0,1,0,0,0,1,0,1,0,1,1,0,1,0,0.2869764492349633,28.597203166264094
0,52,91.25,4738.3,0,1,0,0,1,0,0,1,0,0,1,0,0,0,1,0,0,0,1,0,0,1,0,0,0,1,0,0.28692272166023736,26.18169835149666
0,38,68.15,2656.3,0,0,0,0,1,0,1,0,0,0,0,0,1,0,0,0,1,0,0,0,1,0,0,0,1,0,0,0.2868624911646717,19.54967877287238
0,35,72.25,2568.55,1,0,1,1,1,0,1,0,0,0,1,0,0,0,1,0,1,0,1,0,0,0,0,0,0,1,0,0.2865349595183784,20.70215082520284
0,67,88.4,5798.3,0,1,1,0,1,0,1,1,0,0,0,0,1,0,0,0,0,0,1,0,0,1,0,1,0,0,0,0.28643183914165216,25.320574580122052
0,64,104.4,6721.6,0,0,1,1,1,0,1,1,0,0,1,0,0,0,0,0,1,0,1,0,1,1,0,1,0,0,0,0.2863460830914652,29.89453107474897
1,34,90.15,3128.8,0,1,1,0,1,0,0,1,0,0,1,0,0,0,0,0,1,0,1,0,0,1,0,0,0,0,1,0.28618553984631817,25.799626417145586
0,71,100.55,7113.75,0,1,1,1,1,0,1,1,0,0,0,0,1,0,0,0,0,0,1,0,1,1,0,0,0,0,0,0.285429055437374,28.699891524227954
0,64,102.45,6654.1,0,1,1,0,1,0,0,1,0,0,0,0,1,0,1,0,1,0,1,0,1,1,0,1,1,0,0,0.2851213979105712,29.210687215938016
0,72,103.65,7634.8,0,1,0,0,1,0,1,1,0,0,0,0,1,0,1,0,0,0,1,0,1,0,1,1,0,1,0,0.28497934649211465,29.538109263907685
0,11,25.2,245.15,0,0,0,0,1,0,1,0,1,1,0,1,0,1,0,1,0,1,0,1,0,1,0,0,0,1,0,0.2848949134863624,7.179351819856333
0,24,74.8,1821.2,0,1,1,1,1,0,1,0,0,0,1,0,0,0,0,0,0,0,1,0,1,1,0,0,0,0,1,0.2845970680076838,21.28786068697475
1,50,105.05,5163.3,0,1,1,0,1,0,1,1,0,0,1,0,0,0,1,0,0,0,1,0,1,0,1,1,1,0,0,0.2844928989747909,29.885979037301784
1,40,98.15,4116.8,0,1,1,0,1,0,0,1,0,0,1,0,1,0,1,0,1,0,1,0,0,1,0,1,1,0,0,0.2844735564406393,27.92107956464875
0,12,20.45,255.35,0,1,0,0,1,0,0,0,1,1,0,1,0,1,0,1,0,1,0,1,0,0,0,0,0,0,1,0.2838596482858454,5.804929807445538
0,27,19.4,529.8,0,1,0,0,1,0,0,0,1,1,0,1,0,1,0,1,0,1,0,1,0,0,0,1,0,1,0,0.2837540584824675,5.504828734559869
0,25,99.3,2513.5,0,1,0,0,1,0,0,1,0,0,0,0,0,0,1,0,1,0,1,0,1,0,1,0,0,0,0,0.28375236912092106,28.17661025370746
1,71,105.75,7382.85,0,1,0,0,1,0,1,1,0,0,0,0,1,0,0,0,1,0,1,0,1,1,0,0,0,0,0,0.2833458190118709,29.96382036050535
0,23,86.8,1940.8,0,1,1,1,1,0,0,1,0,0,0,0,1,0,1,0,1,0,0,0,0,1,0,0,0,0,1,0.2831402166502777,24.576570805244106
0,62,92.05,5755.8,0,0,0,0,1,0,1,1,0,0,1,0,1,0,1,0,0,0,0,0,0,1,0,1,0,1,0,0.2828340046600807,26.034870128960428
0,9,20.4,184.1,0,1,0,1,1,0,0,0,1,1,0,1,0,1,0,1,0,1,0,1,0,0,0,0,0,0,1,0.28282240842840123,5.769577131939385
0,11,20.95,267.35,0,1,1,1,1,0,0,0,1,1,0,1,0,1,0,1,0,1,0,1,0,0,0,0,0,0,0,0.2827443246136999,5.923493600657013
0,60,104.7,6333.8,0,0,0,0,1,0,1,1,0,0,0,0,1,0,1,0,0,0,1,0,1,0,1,0,0,1,0,0.28272247769375974,29.601043414536647
0,57,87.55,4884.85,0,0,0,0,1,0,1,1,0,0,1,0,1,0,0,0,1,0,0,0,0,0,0,1,0,0,0,0.282703248559567,24.750669411390092
0,39,30.1,1131.3,1,0,0,1,0,1,0,0,0,0,0,0,0,0,1,0,0,0,0,0,0,0,0,0,1,0,0,0.28261828613420664,8.50681041263962
0,13,19.95,253.8,0,1,0,0,1,0,0,0,1,1,0,1,0,1,0,1,0,1,0,1,0,1,0,1,0,1,0,0.28261605099804243,5.638190217410946
0,53,94.45,5042.75,0,0,0,0,1,0,0,1,0,0,0,0,1,0,1,0,1,0,0,0,1,1,0,1,1,0,0,0.28223346976512775,26.656951219316316
0,26,49.15,1237.3,0,1,0,0,1,0,0,0,0,0,0,0,0,0,0,0,1,0,0,0,0,0,0,0,0,0,0,0.28211758415669175,13.8660792613014
0,40,50.15,2058.5,0,1,1,0,1,0,0,0,0,0,0,0,1,0,0,0,0,0,0,0,0,0,0,1,0,0,1,0.2813486080632634,14.109632694372658
0,6,63.4,348.8,0,0,0,0,0,1,0,0,0,0,1,0,1,0,1,0,1,0,1,0,1,0,1,1,0,0,1,0.28123888212475684,17.830545126709584
0,24,55.15,1319.85,0,0,1,1,1,0,0,0,0,0,1,0,0,0,0,0,1,0,0,0,0,0,0,0,0,1,0,0.28064650115133044,15.477654538495873
1,71,99.2,7213.75,0,0,1,0,1,0,0,1,0,0,0,0,1,0,1,0,0,0,1,0,1,0,1,1,0,1,0,0.2805868249306284,27.83421303311834
0,41,86.2,3339.05,0,0,1,0,1,0,0,1,0,0,0,0,1,0,1,0,1,0,0,0,0,1,0,1,0,0,0,0.2800339921458374,24.138930122971185
0,18,20.25,401.95,0,0,1,1,1,0,0,0,1,1,0,1,0,1,0,1,0,1,0,1,0,0,0,1,0,0,1,0.28001529734931074,5.670309771323542
0,54,97.2,5129.45,0,0,0,0,1,0,1,1,0,0,0,0,1,0,0,0,0,0,1,0,1,0,1,1,0,0,0,0.279888298436304,27.205142608008746
0,69,105.0,7297.75,0,1,1,1,1,0,1,1,0,0,0,0,1,0,1,0,0,0,1,0,1,0,1,1,0,1,0,0.2792546997125552,29.321743469818294
0,61,79.8,4914.8,0,1,1,0,1,0,1,0,0,0,0,0,1,0,1,0,0,0,1,0,1,1,0,1,0,1,0,0.2792535978331878,22.284437107088387
0,14,51.45,727.85,0,0,0,0,1,0,0,0,0,0,0,0,1,0,0,0,0,0,0,0,0,1,0,0,1,0,0,0.2792439808837374,14.367102816468291
0,10,49.55,475.7,0,1,1,1,1,0,0,0,0,0,0,0,1,0,0,0,0,0,0,0,0,1,0,0,0,0,1,0.27901781852688773,13.825332908007287
0,40,56.6,2379.1,0,0,1,0,1,0,1,0,0,0,0,0,1,0,0,0,0,0,0,0,0,0,0,0,1,0,0,0.27898574734945775,15.790593299979308
0,12,20.05,265.45,0,1,0,0,1,0,0,0,1,1,0,1,0,1,0,1,0,1,0,1,0,0,0,0,1,0,0,0.27889847572084375,5.591914438202918
0,42,69.4,3058.3,0,1,1,1,1,0,1,0,0,0,1,0,1,0,0,0,0,0,1,0,0,0,0,1,0,0,0,0.27811730828691056,19.301341195111593
0,35,56.85,1861.1,0,0,1,0,1,0,0,0,0,0,0,0,1,0,0,0,1,0,0,0,0,0,0,0,0,1,0,0.2780886974419852,15.80934244957686
0,30,55.3,1530.6,0,0,0,0,1,0,0,0,0,0,1,0,1,0,0,0,0,0,0,0,0,0,0,1,0,0,0,0.277914480854269,15.368670791241076
1,66,110.6,7210.85,0,0,1,1,1,0,1,1,0,0,1,0,1,0,0,0,1,0,1,0,1,1,0,1,1,0,0,0.27768653311442726,30.712130562455652
0,64,100.3,6603.8,0,1,0,0,1,0,0,1,0,0,1,0,1,0,0,0,0,0,1,0,1,1,0,1,1,0,0,0.2776226545687564,27.845552253246264
0,64,105.25,6823.4,0,1,1,0,1,0,1,1,0,0,0,0,1,0,0,0,1,0,1,0,1,0,1,1,0,1,0,0.277591989886172,29.216556935519606
1,71,52.3,3765.05,0,1,1,0,0,1,0,0,0,0,0,0,1,0,1,0,0,0,1,0,1,0,0,1,0,0,0,0.27722338975132016,14.498783283994044
0,46,90.95,4236.6,0,0,1,1,1,0,0,1,0,0,0,0,0,0,1,0,1,0,0,0,1,1,0,0,0,0,0,0.2765638962849534,25.153486367116514
0,53,60.45,3184.25,1,1,1,0,0,1,0,0,0,0,0,0,1,0,1,0,1,0,1,0,1,1,0,1,0,1,0,0.2764794970139534,16.713185594493485
1,71,106.8,7623.2,0,1,0,0,1,0,1,1,0,0,0,0,1,0,0,0,1,0,1,0,1,0,1,1,0,1,0,0.2764019812677971,29.51973159940073
0,38,66.15,2522.4,0,0,0,0,1,0,1,0,0,0,1,0,1,0,1,0,0,0,0,0,0,0,0,1,0,0,0,0.27639519027215653,18.283541836503158
0,34,60.85,2003.6,0,0,1,0,1,0,1,0,0,0,1,0,0,0,0,0,1,0,0,0,0,0,0,1,0,0,0,0.27604285082057667,16.797207472432092
0,24,84.8,1990.5,0,1,1,1,1,0,1,0,0,0,1,0,0,0,1,0,1,0,1,0,1,1,0,1,0,0,1,0.2752706701768315,23.34295283099531
1,51,29.45,1459.35,0,1,1,0,0,1,0,0,0,0,0,0,1,0,0,0,0,0,0,0,0,0,0,1,1,0,0,0.27522134273716775,8.10526854360959
0,69,104.05,7262.0,1,1,0,0,1,0,0,1,0,0,0,0,1,0,1,0,1,0,1,0,1,1,0,1,0,0,0,0.2752069863197127,28.635286926566103
1,72,112.4,8046.85,0,0,1,0,1,0,1,1,0,0,1,0,1,0,1,0,0,0,1,0,1,0,1,1,0,1,0,0.2751644466461339,30.92848380302545
0,68,117.2,8035.95,0,1,0,0,1,0,1,1,0,0,1,0,1,0,1,0,1,0,1,0,1,1,0,1,1,0,0,0.27495187369077484,32.22435959655881
0,19,24.7,465.85,0,0,0,0,1,0,1,0,1,1,0,1,0,1,0,1,0,1,0,1,0,0,0,0,0,0,0,0.27449057407610994,6.779917179679916
0,45,99.7,4634.35,0,1,0,1,1,0,1,1,0,0,0,0,0,0,1,0,0,0,1,0,1,0,1,0,0,0,0,0.2739537207677336,27.31318596054304
0,20,20.0,417.65,0,0,1,1,1,0,0,0,1,1,0,1,0,1,0,1,0,1,0,1,0,0,0,0,0,1,0,0.2736635217758276,5.473270435516552
0,63,90.45,5825.5,0,1,0,0,1,0,1,1,0,0,0,0,1,0,0,0,0,0,0,0,1,1,0,0,1,0,0,0.2731619315533887,24.70749670900401
0,5,20.55,99.45,0,1,1,1,1,0,0,0,1,1,0,1,0,1,0,1,0,1,0,1,0,1,0,0,0,1,0,0.27313418697741526,5.612907542385884
0,3,20.55,57.4,0,0,0,1,1,0,0,0,1,1,0,1,0,1,0,1,0,1,0,1,0,1,0,1,1,0,0,0.2730912415924212,5.612025014724256
1,24,20.3,459.95,0,0,0,0,1,0,0,0,1,1,0,1,0,1,0,1,0,1,0,1,0,0,0,1,0,0,1,0.27292085608463235,5.540293378518037
0,13,19.45,232.1,0,0,0,0,1,0,0,0,1,1,0,1,0,1,0,1,0,1,0,1,0,0,0,0,1,0,0,0.2728115630409148,5.306184901145793
0,12,19.4,198.1,0,0,1,1,1,0,0,0,1,1,0,1,0,1,0,1,0,1,0,1,0,0,0,0,0,0,0,0.2725934184378208,5.288312317693723
1,43,33.45,1500.25,0,0,0,0,0,1,0,0,0,0,1,0,1,0,0,0,0,0,0,0,0,0,0,1,1,0,0,0.2725296719313419,9.116117526103388
0,60,95.4,5812.0,0,1,1,1,1,0,1,1,0,0,1,0,0,0,1,0,0,0,1,0,0,1,0,1,0,0,0,0.2723154716417844,25.97889599462623
0,60,90.95,5453.4,1,1,1,1,1,0,0,1,0,0,0,0,1,0,1,0,0,0,1,0,0,1,0,0,0,1,0,0.2717800581183902,24.718396285867588
0,51,56.4,2928.5,0,0,0,0,0,1,0,0,0,0,0,0,1,0,1,0,0,0,1,0,1,1,0,1,1,0,0,0.27164409597418443,15.320727012944001
0,9,65.0,663.05,1,0,1,1,1,0,0,0,0,0,1,0,1,0,1,0,1,0,0,0,0,0,0,0,0,0,1,0.2715032016571018,17.647708107711615
0,22,20.45,471.55,0,1,1,0,1,0,0,0,1,1,0,1,0,1,0,1,0,1,0,1,0,0,0,1,0,0,0,0.2710416165915924,5.542801059298065
1,50,70.35,3454.6,0,1,0,0,1,0,1,0,0,0,1,0,1,0,0,0,0,0,1,0,0,0,0,1,0,0,0,0.2709613062473258,19.06212789449937
0,52,84.05,4326.8,0,0,1,1,1,0,0,1,0,0,1,0,0,0,1,0,1,0,0,0,0,0,0,1,0,0,0,0.27030709550468096,22.719311377168435
0,62,104.05,6590.5,0,1,0,1,1,0,1,1,0,0,0,0,0,0,1,0,1,0,1,0,1,0,1,1,0,1,0,0.27026068543661746,28.120624319680047
0,20,18.9,347.65,0,0,0,0,1,0,0,0,1,1,0,1,0,1,0,1,0,1,0,1,0,0,0,1,1,0,0,0.2696386528211955,5.096170538320594
0,46,108.65,4903.2,0,1,0,0,1,0,1,1,0,0,0,0,1,0,1,0,1,0,1,0,1,0,1,0,0,1,0,0.269561301797091,29.287835440253936
0,71,116.3,8309.55,0,1,0,0,1,0,1,1,0,0,1,0,1,0,1,0,1,0,1,0,1,1,0,1,0,0,0,0.2693747174577238,31.328279640333275
0,61,101.05,5971.25,0,0,1,0,1,0,1,1,0,0,0,0,1,0,0,0,0,0,1,0,1,0,1,1,0,0,0,0.26920871243726135,27.20354039178526
0,49,51.8,2541.25,1,1,1,1,0,1,0,0,0,0,0,0,1,0,0,0,0,0,1,0,1,1,0,1,0,0,0,0.2691816513392349,13.943609539372366
0,47,94.8,4535.85,0,1,0,0,1,0,1,1,0,0,1,0,1,0,0,0,0,0,1,0,0,1,0,0,0,0,0,0.2691412434484933,25.51458987891716
0,24,58.35,1346.9,0,1,1,0,1,0,1,0,0,0,1,0,0,0,0,0,1,0,0,0,0,1,0,1,0,1,0,0.26906903235918467,15.700178038158425
0,52,109.3,5731.4,0,1,0,0,1,0,1,1,0,0,1,0,0,0,1,0,1,0,1,0,1,0,1,1,0,1,0,0.2688847546001396,29.38910367779526
0,15,19.75,297.3,1,0,0,0,1,0,0,0,1,1,0,1,0,1,0,1,0,1,0,1,0,0,0,0,0,0,0,0.2685878515025754,5.304610067175864
0,64,113.35,7222.75,0,0,1,1,1,0,1,1,0,0,1,0,1,0,1,0,1,0,1,0,1,1,0,0,0,1,0,0.26853626941590836,30.43858613829321
0,4,20.4,84.75,0,0,0,1,1,0,0,0,1,1,0,1,0,1,0,1,0,1,0,1,0,1,0,1,0,0,1,0.26851007694168794,5.477605569610433
0,53,85.7,4616.1,0,1,1,1,1,0,1,0,0,0,1,0,0,0,1,0,1,0,1,0,1,0,0,0,0,1,0,0.26826331572055123,22.99016615725124
0,26,90.1,2312.55,0,0,1,0,1,0,1,0,0,0,1,0,1,0,1,0,1,0,1,0,1,1,0,1,1,0,0,0.26782349390372306,24.130896800725445
0,15,19.4,289.3,1,0,0,0,1,0,0,0,1,1,0,1,0,1,0,1,0,1,0,1,0,0,0,0,0,0,0,0.2674191730110116,5.187931956413625
0,57,107.95,5969.85,0,1,1,0,1,0,1,1,0,0,0,0,0,0,1,0,1,0,1,0,1,0,1,0,0,1,0,0.2670358922362883,28.826524566907324
0,50,114.35,5791.1,0,1,0,0,1,0,1,1,0,0,1,0,1,0,1,0,1,0,1,0,1,1,0,0,1,0,0,0.2670147373402305,30.533135214855356
0,15,20.45,330.8,0,0,1,0,1,0,0,0,1,1,0,1,0,1,0,1,0,1,0,1,0,0,0,0,1,0,0,0.2668832690621311,5.457762852320581
0,11,20.1,221.35,1,0,0,1,1,0,0,0,1,1,0,1,0,1,0,1,0,1,0,1,0,0,0,0,1,0,0,0.26629179413948734,5.352465062203696
0,11,53.8,651.55,0,0,0,0,1,0,0,0,0,0,0,0,0,0,1,0,1,0,0,0,0,1,0,0,0,0,0,0.2662167834449535,14.322462949338496
0,27,54.75,1510.3,0,1,1,1,1,0,0,0,0,0,1,0,1,0,0,0,0,0,0,0,0,0,0,1,1,0,0,0.2661759060372552,14.573130855539723
0,12,19.0,233.55,1,0,1,1,1,0,0,0,1,1,0,1,0,1,0,1,0,1,0,1,0,0,0,0,0,0,1,0.26607407220125195,5.0554073718237875
0,66,114.3,7383.7,0,1,0,0,1,0,1,1,0,0,1,0,1,0,1,0,1,0,1,0,1,1,0,1,0,0,0,0.2657258025825025,30.372459235180035
0,52,85.8,4433.3,0,0,1,1,1,0,0,1,0,0,0,0,1,0,1,0,1,0,0,0,0,0,0,0,0,0,0,0.2656777896787343,22.7951543544354
0,8,20.2,140.95,0,0,0,0,1,0,0,0,1,1,0,1,0,1,0,1,0,1,0,1,0,1,0,1,0,0,0,0.2655086710844333,5.363275155905553
0,50,109.65,5551.15,1,0,0,0,1,0,1,1,0,0,1,0,1,0,0,0,1,0,1,0,1,0,1,1,0,1,0,0.2651844962913697,29.077480018348687
0,11,19.7,216.2,0,0,0,1,1,0,0,0,1,1,0,1,0,1,0,1,0,1,0,1,0,0,0,0,1,0,0,0.2651815553165447,5.22407663973593
0,64,73.55,4764.0,0,1,1,0,1,0,0,1,0,0,1,0,0,0,0,0,0,0,0,0,0,0,0,1,0,0,1,0.2647559764637906,19.4728020689118
0,45,50.25,2221.55,0,0,1,0,1,0,0,0,0,0,0,0,0,0,1,0,0,0,0,0,0,0,0,1,1,0,0,0.2642612948301759,13.27913006521634
0,20,19.6,356.15,0,1,0,0,1,0,0,0,1,1,0,1,0,1,0,1,0,1,0,1,0,0,0,1,1,0,0,0.26419724906518466,5.17826608167762
0,51,95.15,5000.05,0,0,1,1,1,0,1,1,0,0,1,0,0,0,0,0,1,0,1,0,0,1,0,1,0,0,1,0.26415798296836557,25.134632079439985
0,22,65.25,1441.8,0,0,0,0,1,0,0,0,0,0,0,0,1,0,1,0,0,0,1,0,0,1,0,0,0,0,0,0.26413835575313765,17.235027712892233
0,18,40.2,711.95,0,0,0,0,0,1,0,0,0,0,1,0,1,0,0,0,1,0,0,0,0,1,0,1,0,0,1,0.2639926135434355,10.612503064446107
0,37,28.6,973.55,1,0,0,0,0,1,0,0,0,0,0,0,0,0,0,0,1,0,0,0,0,0,0,0,1,0,0,0.26369475274579907,7.541669928529854
0,29,70.9,1964.6,0,1,0,0,1,0,1,0,0,0,0,0,1,0,1,0,0,0,0,0,1,1,0,0,1,0,0,0.2636450122846153,18.692431370979225
0,48,45.55,2108.35,0,0,0,1,0,1,0,0,0,0,0,0,1,0,1,0,0,0,0,0,1,0,0,0,1,0,0,0.2635056758868683,12.00268353664685
0,14,19.9,283.75,0,1,0,0,1,0,0,0,1,1,0,1,0,1,0,1,0,1,0,1,0,0,0,0,0,0,1,0.2634622118589781,5.2428980159936645
0,46,108.9,4854.3,0,0,1,0,1,0,1,1,0,0,0,0,1,0,1,0,1,0,1,0,1,0,1,1,1,0,0,0.2634207943595659,28.686524505756726
0,42,99.0,4135.0,0,0,1,0,1,0,0,1,0,0,0,0,0,0,1,0,1,0,1,0,1,0,1,1,1,0,0,0.26322407452904417,26.059183378375373
0,12,20.5,255.5,0,1,1,1,1,0,0,0,1,1,0,1,0,1,0,1,0,1,0,1,0,0,0,0,0,0,1,0.26304910130018294,5.3925065766537505
0,26,54.55,1362.85,0,1,0,0,0,1,0,0,0,0,1,0,0,0,0,0,1,0,1,0,1,1,0,0,1,0,0,0.262996998555812,14.346486271219543
0,35,59.45,2136.9,0,0,1,1,1,0,1,0,0,0,1,0,1,0,0,0,0,0,0,0,0,0,0,1,1,0,0,0.26297718399799697,15.633993588680921
0,22,20.05,470.2,0,0,0,0,1,0,0,0,1,1,0,1,0,1,0,1,0,1,0,1,0,0,0,1,0,0,1,0.2627792367864353,5.268723697568028
0,15,19.9,320.45,0,0,0,0,1,0,0,0,1,1,0,1,0,1,0,1,0,1,0,1,0,0,0,0,0,0,1,0.2625934153488308,5.225608965441732
0,21,19.95,416.4,0,1,0,0,1,0,0,0,1,1,0,1,0,1,0,1,0,1,0,1,0,0,0,1,0,0,1,0.262514082603246,5.237155947934757
0,17,24.1,409.9,1,0,1,1,1,0,1,0,1,1,0,1,0,1,0,1,0,1,0,1,0,0,0,0,0,0,1,0.2624258775362902,6.324463648624595
0,67,100.9,6733.15,0,1,1,0,1,0,0,1,0,0,1,0,1,0,0,0,0,0,1,0,1,1,0,1,1,0,0,0.26222780425321635,26.45878544914953
0,62,92.3,5731.45,0,1,0,0,1,0,1,1,0,0,1,0,1,0,0,0,0,0,0,0,1,1,0,1,0,0,0,0.2621827952091779,24.199471997807123
0,29,45.0,1242.45,0,1,0,1,0,1,0,0,0,0,1,0,1,0,1,0,1,0,0,0,0,0,0,1,0,0,1,0.2621201658467853,11.79540746310534
0,53,46.3,2546.85,0,1,0,0,0,1,0,0,0,0,1,0,1,0,0,0,0,0,0,0,1,0,0,1,0,0,0,0.2620354554539085,12.132241587515962
0,35,25.6,901.25,0,1,0,0,1,0,1,0,1,1,0,1,0,1,0,1,0,1,0,1,0,0,0,1,0,1,0,0.26201737199463004,6.707644723062529
1,59,94.05,5483.9,0,0,1,0,1,0,1,1,0,0,1,0,1,0,1,0,1,0,0,0,0,1,0,1,0,1,0,0.26154167491596547,24.597994525846552
0,70,110.5,7752.05,0,0,1,0,1,0,1,1,0,0,0,0,1,0,1,0,1,0,1,0,1,0,1,1,0,1,0,0.26146061397761267,28.8913978445262
0,58,66.8,3970.4,0,0,1,1,1,0,1,0,0,0,0,0,1,0,0,0,0,0,1,0,0,0,0,1,0,0,0,0.26139061207485387,17.460892886600238
0,35,53.15,1930.9,0,1,1,0,0,1,0,0,0,0,1,0,0,0,1,0,0,0,1,0,1,1,0,0,1,0,0,0.2612488283020701,13.885375224255025
0,41,74.55,3023.55,0,1,1,1,1,0,1,0,0,0,1,0,1,0,1,0,0,0,1,0,0,0,0,1,1,0,0,0.26124346622921896,19.475700407388274
0,23,20.85,473.9,0,1,0,0,1,0,0,0,1,1,0,1,0,1,0,1,0,1,0,1,0,0,0,0,0,1,0,0.2610049815001643,5.441953864278426
0,15,19.6,299.4,0,0,0,0,1,0,0,0,1,1,0,1,0,1,0,1,0,1,0,1,0,0,0,0,0,0,1,0.2608387462836278,5.112439427159106
0,36,55.8,1941.5,0,0,0,0,1,0,1,0,0,0,0,0,0,0,1,0,0,0,0,0,0,1,0,0,0,1,0,0.2607842820709868,14.551762939561064
0,23,20.3,470.6,0,0,0,0,1,0,0,0,1,1,0,1,0,1,0,1,0,1,0,1,0,0,0,1,0,0,0,0.26069098516678835,5.292026998885803
0,39,48.95,1880.85,1,1,0,0,0,1,0,0,0,0,1,0,1,0,0,0,1,0,1,0,0,0,0,1,1,0,0,0.26058908850804674,12.755835882468888
0,62,90.7,5586.45,0,1,0,0,1,0,1,1,0,0,1,0,1,0,1,0,0,0,0,0,0,0,0,0,0,0,0,0.2605661631262661,23.633350995552338
0,62,107.6,6912.7,0,1,1,0,1,0,1,1,0,0,0,0,0,0,1,0,1,0,1,0,1,0,1,1,0,0,0,0.26042236035384636,28.021445974073867
0,54,70.15,3715.65,1,0,1,0,1,0,1,0,0,0,0,0,0,0,0,0,0,0,1,0,1,1,0,1,1,0,0,0.2603879490177977,18.26621462359851
1,56,94.8,5264.3,0,1,0,1,1,0,0,1,0,0,1,0,0,0,0,0,0,0,1,0,1,1,0,0,1,0,0,0.2603183722534206,24.67818168962427
0,36,89.65,3348.1,0,0,0,0,1,0,1,0,0,0,1,0,0,0,1,0,1,0,1,0,1,1,0,1,1,0,0,0.260174404814604,23.32463539162925
0,25,54.3,1296.8,0,1,1,1,1,0,0,0,0,0,1,0,0,0,0,0,1,0,0,0,0,0,0,0,0,1,0,0.2598504127411194,14.109877411842783
0,27,50.35,1411.35,0,1,0,0,1,0,0,0,0,0,1,0,0,0,0,0,0,0,0,0,0,0,0,0,0,0,1,0.25950402844301634,13.066027832105874
0,14,19.6,300.4,0,1,0,0,1,0,0,0,1,1,0,1,0,1,0,1,0,1,0,1,0,0,0,0,1,0,0,0.25928461693100063,5.081978491847613
1,53,96.75,5206.55,0,0,0,0,1,0,0,1,0,0,1,0,1,0,0,0,1,0,0,0,1,1,0,1,0,0,1,0.25923945338496185,25.08141711499506
0,54,105.4,5643.4,1,1,0,0,1,0,0,1,0,0,1,0,1,0,0,0,1,0,1,0,1,1,0,1,1,0,0,0.25919646775663696,27.319307701549537
0,64,86.8,5327.25,0,0,1,1,1,0,1,1,0,0,1,0,0,0,0,0,1,0,0,0,0,0,0,1,0,0,0,0.2589260213150583,22.474778650147062
0,60,89.55,5231.2,0,1,0,0,1,0,1,1,0,0,0,0,0,0,1,0,0,0,1,0,0,0,1,1,0,1,0,0.2589135543965938,23.185708796214975
1,49,103.0,5166.2,0,0,0,0,1,0,1,1,0,0,1,0,1,0,1,0,1,0,0,0,1,1,0,0,0,0,0,0.25881695244501235,26.658146101836273
0,16,19.6,314.45,0,0,1,0,1,0,0,0,1,1,0,1,0,1,0,1,0,1,0,1,0,0,0,0,0,0,1,0.2585792669396648,5.068153632017431
0,71,111.25,7984.15,0,0,0,0,1,0,1,1,0,0,0,0,1,0,1,0,1,0,1,0,1,0,1,1,0,1,0,0.2584149930840001,28.748667980595012
0,37,78.9,2976.95,0,0,0,0,1,0,1,0,0,0,1,0,1,0,1,0,1,0,1,0,0,0,0,1,1,0,0,0.25793286882318667,20.35090335014943
0,47,54.25,2538.2,0,1,1,1,1,0,1,0,0,0,0,0,1,0,0,0,0,0,0,0,0,0,0,0,0,1,0,0.25779681059227627,13.985476974630988
1,38,57.15,2250.65,1,0,0,0,1,0,0,0,0,0,1,0,1,0,0,0,0,0,0,0,0,0,0,1,1,0,0,0.25772704775170296,14.729100779009825
0,27,81.7,2212.55,0,1,0,0,1,0,0,0,0,0,1,0,0,0,1,0,1,0,1,0,1,1,0,0,0,1,0,0.2575239607520203,21.039707593440056
0,8,19.2,161.95,0,0,0,0,1,0,0,0,1,1,0,1,0,1,0,1,0,1,0,1,0,1,0,1,0,0,1,0.25710343621474147,4.936385975323036
1,64,43.85,2751.0,0,0,0,0,0,1,0,0,0,0,0,0,1,0,0,0,1,0,1,0,0,0,0,1,0,1,0,0.2568580290937417,11.263224575760574
1,72,104.15,7689.95,1,1,1,0,1,0,1,1,0,0,0,0,1,0,1,0,0,0,1,0,1,0,1,1,0,0,0,0.25680906423547206,26.74666404012442
1,67,83.85,5588.8,0,1,1,0,1,0,1,1,0,0,1,0,1,0,0,0,0,0,0,0,0,0,0,0,0,0,0,0.2567744983325622,21.53054168518534
0,61,100.7,6018.65,0,0,1,1,1,0,1,1,0,0,1,0,1,0,1,0,0,0,0,0,1,1,0,1,1,0,0,0.2566595451095317,25.845616192529842
0,45,95.2,4285.8,0,0,1,0,1,0,0,1,0,0,0,0,0,0,0,0,1,0,1,0,1,0,1,1,1,0,0,0.25665281949929375,24.433348416332766
0,13,18.8,251.25,0,0,1,1,1,0,0,0,1,1,0,1,0,1,0,1,0,1,0,1,0,0,0,0,0,0,1,0.256510724661606,4.822401623638194
1,32,54.65,1830.1,0,0,0,0,1,0,0,0,0,0,0,0,1,0,0,0,1,0,0,0,0,0,0,0,0,0,0,0.25632293669495587,14.008048490379338
0,59,95.8,5655.45,0,0,0,0,1,0,0,1,0,0,0,0,0,0,1,0,0,0,1,0,1,0,1,0,0,1,0,0.255959771334366,24.52094609383226
0,59,99.5,5861.75,0,1,1,1,1,0,1,1,0,0,0,0,0,0,1,0,0,0,1,0,1,0,1,1,1,0,0,0.2558229240854682,25.454380946504084
0,29,25.15,702.0,0,0,0,0,1,0,1,0,1,1,0,1,0,1,0,1,0,1,0,1,0,0,0,0,0,1,0,0.25573060948758686,6.431624828612809
0,32,74.75,2282.95,0,0,0,0,1,0,1,0,0,0,1,0,0,0,0,0,0,0,1,0,1,1,0,0,0,0,1,0.2555797540715809,19.10458661685067
0,26,56.05,1553.2,0,0,0,0,1,0,0,0,0,0,0,0,1,0,1,0,0,0,0,0,0,1,0,1,0,0,1,0.25527041376941434,14.307906691775672
0,45,109.75,4900.65,0,1,1,1,1,0,1,1,0,0,0,0,1,0,1,0,1,0,1,0,1,0,1,1,0,0,0,0.25514772875038594,28.002463230354856
0,31,99.45,3109.9,0,1,0,0,1,0,0,1,0,0,0,0,0,0,1,0,1,0,1,0,1,0,1,0,0,0,0,0.255098617641984,25.36955752449531
0,34,62.65,2274.9,1,0,1,0,1,0,1,0,0,0,1,0,1,0,0,0,1,0,0,0,0,0,0,0,0,1,0,0.25497882234517083,15.974423219924953
0,15,19.75,311.6,0,1,0,0,1,0,0,0,1,1,0,1,0,1,0,1,0,1,0,1,0,0,0,0,0,0,1,0.2545999743163791,5.028349492748487
0,25,25.4,546.85,0,1,1,1,1,0,1,0,1,1,0,1,0,1,0,1,0,1,0,1,0,0,0,1,0,0,0,0.2544517318816294,6.463073989793386
0,66,103.15,7031.3,0,1,1,1,1,0,0,1,0,0,1,0,1,0,1,0,0,0,1,0,1,1,0,1,0,0,0,0.25433985904806883,26.2351564608083
0,67,109.9,7332.4,0,1,1,0,1,0,1,1,0,0,1,0,1,0,1,0,0,0,1,0,1,1,0,0,1,0,0,0.2541435705913578,27.930378407990222
0,6,25.1,171.0,0,1,1,0,1,0,1,0,1,1,0,1,0,1,0,1,0,1,0,1,0,1,0,0,0,0,1,0.25410521614876774,6.378040925334071
0,31,64.0,1910.75,0,0,1,0,1,0,0,0,0,0,1,0,0,0,0,0,1,0,0,0,1,1,0,1,0,1,0,0.25406764914660845,16.26032954538294
0,12,33.15,444.75,0,0,1,1,0,1,0,0,0,0,1,0,0,0,0,0,1,0,0,0,0,1,0,0,1,0,0,0.25394863974814286,8.418397407650936
0,72,110.15,7998.8,0,0,1,0,1,0,1,1,0,0,0,0,1,0,1,0,1,0,1,0,1,0,1,1,0,1,0,0.253928566183025,27.970231565060207
0,16,20.25,327.45,1,1,0,0,1,0,0,0,1,1,0,1,0,1,0,1,0,1,0,1,0,0,0,0,0,0,0,0.2538746981506573,5.1409626375508095
0,62,102.0,6529.25,1,1,0,0,1,0,1,1,0,0,1,0,1,0,0,0,1,0,0,0,1,1,0,0,0,1,0,0.2537699816222186,25.884538125466296
0,64,90.25,5629.15,0,1,1,1,1,0,1,1,0,0,0,0,0,0,1,0,0,0,0,0,1,1,0,0,1,0,0,0.25370205144260766,22.89661014269534
0,42,45.1,2049.05,0,1,1,1,0,1,0,0,0,0,0,0,1,0,1,0,0,0,0,0,1,1,0,1,1,0,0,0.2535958089561416,11.437170983921986
1,61,85.55,5251.75,0,1,1,0,1,0,1,1,0,0,0,0,1,0,0,0,1,0,0,0,0,1,0,1,0,0,0,0.2528650423195163,21.632604370434617
0,58,94.7,5430.35,0,1,1,1,1,0,1,1,0,0,0,0,1,0,0,0,1,0,1,0,0,1,0,1,1,0,0,0.25273908787632676,23.934391621888146
1,47,67.45,3252.0,0,0,1,0,1,0,1,0,0,0,1,0,1,0,1,0,0,0,0,0,0,0,0,1,1,0,0,0.2526492032021998,17.041188755988376
0,48,65.65,3094.65,0,0,1,0,1,0,0,0,0,0,0,0,1,0,1,0,0,0,0,0,1,1,0,1,0,1,0,0.25263878904499376,16.585736500803844
0,53,95.95,5036.9,0,1,0,1,1,0,0,1,0,0,1,0,1,0,1,0,0,0,0,0,1,1,0,0,0,1,0,0.2518134405291743,24.161499618774275
1,65,110.35,7246.15,0,1,0,0,1,0,1,1,0,0,1,0,0,0,1,0,1,0,1,0,1,0,1,1,0,1,0,0.2517705323796157,27.782878248090594
0,8,19.8,160.05,0,0,1,1,1,0,0,0,1,1,0,1,0,1,0,1,0,1,0,1,0,1,0,0,0,1,0,0.2517502851842663,4.984655646648473
0,12,21.05,235.8,0,1,0,1,1,0,0,0,1,1,0,1,0,1,0,1,0,1,0,1,0,0,0,0,1,0,0,0.251733004366517,5.298979741915184
0,23,19.5,470.2,0,0,0,0,1,0,0,0,1,1,0,1,0,1,0,1,0,1,0,1,0,0,0,1,0,0,1,0.2516564073732604,4.907299943778578
0,33,73.9,2405.05,1,1,1,1,1,0,0,0,0,0,0,0,0,0,1,0,1,0,1,0,1,1,0,1,0,0,1,0.25142861321352816,18.580574516479732
0,2,20.45,34.8,0,0,0,0,1,0,0,0,1,1,0,1,0,1,0,1,0,1,0,1,0,1,0,0,0,0,1,0.25101142834123125,5.133183709578179
0,22,61.15,1422.05,1,0,1,1,1,0,0,0,0,0,1,0,1,0,1,0,0,0,0,0,0,0,0,0,0,0,1,0.2509732332057257,15.347013210530125
0,40,54.55,2236.2,0,0,0,0,0,1,0,0,0,0,1,0,0,0,0,0,1,0,1,0,1,1,0,1,0,0,0,0.25057232613492963,13.668720390660411
0,72,109.15,7789.6,0,0,1,0,1,0,1,1,0,0,0,0,1,0,1,0,1,0,1,0,1,1,0,0,1,0,0,0.25049282593853106,27.341291951190666
0,11,54.6,617.85,0,0,0,0,1,0,0,0,0,0,1,0,0,0,0,0,1,0,0,0,0,1,0,1,0,0,1,0.250456864693801,13.674944812281536
0,35,85.95,3110.1,1,0,0,0,1,0,1,0,0,0,1,0,0,0,1,0,1,0,1,0,1,1,0,1,1,0,0,0.24999750766515078,21.48728578381971
0,51,30.05,1529.45,0,1,1,0,0,1,0,0,0,0,0,0,1,0,0,0,0,0,0,0,0,0,0,1,1,0,0,0.2499292523215633,7.510374032262977
0,28,54.65,1517.5,0,0,0,0,1,0,0,0,0,0,0,0,1,0,0,0,1,0,0,0,0,0,0,0,0,0,0,0.24976126848215763,13.649453322549913
0,63,104.75,6536.5,0,1,0,0,1,0,1,1,0,0,0,0,1,0,1,0,0,0,1,0,1,0,1,1,0,0,0,0.249560342262799,26.141445852028195
0,72,103.4,7372.65,1,1,1,1,1,0,1,1,0,0,0,0,1,0,1,0,0,0,1,0,1,0,1,1,0,1,0,0.24949139226571046,25.797409960274464
0,25,55.1,1466.1,0,1,1,1,1,0,1,0,0,0,0,0,0,0,0,0,1,0,0,0,0,1,0,1,0,0,1,0.2493086028819798,13.736904018797087
0,72,105.5,7544.0,0,0,1,0,1,0,1,1,0,0,1,0,0,0,1,0,0,0,1,0,1,0,1,1,0,1,0,0.24903913989581009,26.273629259007965
0,35,72.1,2495.15,0,1,0,1,1,0,0,0,0,0,0,0,0,0,0,0,1,0,1,0,1,1,0,1,0,0,1,0.24881117105882866,17.939285433341546
0,34,50.2,1815.3,0,0,1,0,1,0,0,0,0,0,0,0,0,0,0,0,1,0,0,0,0,0,0,0,0,0,0,0.24862050914701037,12.480749559179921
0,21,60.25,1258.35,0,0,0,0,1,0,0,0,0,0,1,0,0,0,1,0,1,0,0,0,0,1,0,1,0,1,0,0.24855523434794088,14.975452869463439
0,35,25.75,882.55,0,0,1,1,1,0,1,0,1,1,0,1,0,1,0,1,0,1,0,1,0,0,0,1,0,1,0,0.24845156753517728,6.397627864030815
0,4,20.5,79.05,0,0,1,0,1,0,0,0,1,1,0,1,0,1,0,1,0,1,0,1,0,1,0,0,0,0,0,0.24790025261462717,5.081955178599857
0,20,64.15,1274.45,0,1,1,0,1,0,0,0,0,0,1,0,0,0,0,0,1,0,0,0,1,1,0,1,0,0,1,0.2477850732962251,15.895412451952842
1,70,45.25,3264.45,1,1,0,0,0,1,0,0,0,0,0,0,0,0,0,0,0,0,1,0,1,1,0,1,0,1,0,0.24758233458681675,11.203100640053458
0,17,44.6,681.4,0,1,0,1,1,0,0,0,0,0,0,0,0,0,0,0,0,0,0,0,0,1,0,0,0,0,1,0.24754348359827272,11.040439368482964
0,46,53.1,2459.8,0,0,1,0,1,0,1,0,0,0,1,0,0,0,0,0,0,0,0,0,0,0,0,0,0,1,0,0.24750872621756664,13.142713362152788
0,64,104.4,6692.65,0,1,0,0,1,0,1,1,0,0,0,0,1,0,1,0,0,0,1,0,1,0,1,1,0,0,0,0.24725126307027262,25.813031864536462
0,50,75.7,3876.2,0,0,1,0,1,0,1,0,0,0,0,0,0,0,1,0,0,0,1,0,1,1,0,0,0,0,0,0.24716084325610338,18.710075834487025
0,14,59.45,780.85,0,0,1,1,1,0,0,0,0,0,1,0,1,0,0,0,1,0,0,0,0,0,0,0,0,0,0,0.24694852083277177,14.681089563508282
0,59,107.0,6152.3,0,0,1,0,1,0,1,1,0,0,1,0,1,0,1,0,1,0,0,0,1,1,0,1,1,0,0,0.24686305878921536,26.41434729044604
0,41,98.8,3959.15,0,0,0,0,1,0,0,1,0,0,0,0,1,0,0,0,1,0,1,0,1,0,1,1,0,0,0,0.24651451246655512,24.355633831695645
0,52,89.45,4577.75,0,1,0,0,1,0,1,1,0,0,0,0,0,0,1,0,0,0,0,0,1,0,1,1,1,0,0,0.24647911262170738,22.047556624011726
0,10,73.55,693.3,0,0,0,1,1,0,1,0,0,0,1,0,0,0,1,0,1,0,0,0,1,1,0,0,1,0,0,0.24622226942864509,18.109647916476845
0,39,41.1,1597.05,0,0,0,0,0,1,0,0,0,0,0,0,1,0,1,0,1,0,0,0,0,0,0,0,0,0,0,0.2461817845535017,10.11807134514892
0,51,110.05,5686.4,0,1,1,1,1,0,1,1,0,0,1,0,1,0,0,0,1,0,1,0,1,1,0,0,1,0,0,0.24574444223837894,27.0441758683336
0,72,109.55,8165.1,0,0,1,0,1,0,1,1,0,0,1,0,1,0,1,0,0,0,1,0,1,0,1,1,0,1,0,0.24556161630455192,26.901275066163663
1,64,102.1,6538.45,0,1,1,0,1,0,1,1,0,0,0,0,0,0,1,0,1,0,1,0,1,0,1,0,0,1,0,0.24553438438999053,25.06906064621803
0,8,44.55,343.45,0,1,0,1,0,1,0,0,0,0,1,0,0,0,0,0,1,0,0,0,1,0,1,1,0,0,1,0.24549050630401958,10.936602055844071
0,45,112.2,5031.85,0,1,0,0,1,0,0,1,0,0,1,0,1,0,1,0,1,0,1,0,1,1,0,0,1,0,0,0.2454584760074318,27.54044100803385
0,35,60.55,1982.6,0,0,0,0,1,0,0,0,0,0,1,0,1,0,1,0,0,0,0,0,0,0,0,0,0,1,0,0.2454496607457321,14.861976958154077
0,46,45.2,2065.15,0,1,0,0,1,0,0,0,0,0,0,0,0,0,0,0,0,0,0,0,0,0,0,1,1,0,0,0.2447741890118551,11.06379334333585
0,17,64.8,1175.6,0,1,1,0,1,0,0,0,0,0,1,0,1,0,0,0,0,0,0,0,1,1,0,0,0,0,1,0.24398367134488264,15.810141903148395
0,66,115.8,7942.15,0,1,1,0,1,0,1,1,0,0,1,0,1,0,1,0,1,0,1,0,1,1,0,0,0,0,0,0.24383248872725302,28.2358021946159
0,18,54.4,957.1,0,0,1,1,1,0,0,0,0,0,0,0,0,0,1,0,1,0,0,0,0,1,0,1,1,0,0,0.24382647411596822,13.26416019190867
0,54,30.4,1621.35,0,1,1,0,0,1,0,0,0,0,0,0,1,0,0,0,0,0,0,0,0,0,0,0,0,1,0,0.2437420102108364,7.409757110409426
0,2,19.95,47.7,0,1,0,0,1,0,0,0,1,1,0,1,0,1,0,1,0,1,0,1,0,1,0,0,0,0,1,0.2436916653702623,4.8616487241367325
0,16,20.0,275.7,0,1,0,0,1,0,0,0,1,1,0,1,0,1,0,1,0,1,0,1,0,0,0,0,0,0,1,0.2434216498514182,4.868432997028364
0,41,99.65,4220.35,0,1,0,0,1,0,0,1,0,0,0,0,1,0,0,0,1,0,1,0,1,0,1,1,1,0,0,0.2433023272152136,24.245076906996037
0,44,85.25,3704.15,0,1,0,0,1,0,1,0,0,0,0,0,1,0,1,0,1,0,1,0,1,1,0,1,0,0,0,0.2432889122571463,20.740379769921724
0,9,48.6,422.3,0,0,1,1,1,0,0,0,0,0,1,0,0,0,0,0,0,0,0,0,0,1,0,0,0,0,1,0.24296734500524497,11.808212967254907
0,3,20.25,71.2,0,0,0,0,1,0,0,0,1,1,0,1,0,1,0,1,0,1,0,1,0,1,0,0,0,0,1,0.2427725869943793,4.916144886636181
0,36,70.7,2511.95,0,0,0,0,1,0,1,0,0,0,0,0,1,0,0,0,1,0,0,0,1,1,0,1,0,0,1,0.24240403178554862,17.13796504723829
0,9,20.15,163.7,0,1,0,0,1,0,0,0,1,1,0,1,0,1,0,1,0,1,0,1,0,1,0,1,0,0,1,0.24222722886332862,4.880878661596071
0,26,47.85,1190.5,0,0,1,0,0,1,0,0,0,0,1,0,1,0,1,0,0,0,1,0,0,1,0,0,0,0,0,0.2421661980978643,11.587652578982807
1,65,109.05,7108.2,0,1,0,0,1,0,1,1,0,0,1,0,0,0,1,0,1,0,1,0,1,0,1,1,0,1,0,0.24202085699002945,26.39237445476271
0,43,44.15,1931.3,0,1,0,0,0,1,0,0,0,0,0,0,0,0,1,0,1,0,0,0,1,1,0,0,0,1,0,0.24187134022357198,10.678619670870702
0,67,93.15,6368.2,0,1,1,0,1,0,1,1,0,0,0,0,1,0,1,0,0,0,0,0,1,0,1,1,0,1,0,0.24173432026104208,22.51755193231607
0,64,96.9,6314.35,0,0,1,0,1,0,0,1,0,0,1,0,0,0,0,0,1,0,1,0,1,1,0,1,0,0,1,0.24167070810040678,23.417891614929417
0,64,81.05,5135.35,0,1,1,1,1,0,0,1,0,0,1,0,1,0,0,0,0,0,0,0,0,0,0,0,0,1,0,0.24161166411637872,19.582625376632492
1,65,70.95,4555.2,0,1,1,0,1,0,0,1,0,0,0,0,0,0,0,0,0,0,0,0,0,1,0,1,0,0,0,0.24156282010676103,17.138882086574696
0,15,20.05,284.3,0,0,1,1,1,0,0,0,1,1,0,1,0,1,0,1,0,1,0,1,0,0,0,0,0,0,1,0.24114333598375823,4.8349238864743525
0,59,80.1,4693.2,0,0,1,0,1,0,1,0,0,0,0,0,1,0,0,0,1,0,1,0,1,1,0,1,0,1,0,0.24114230900084138,19.315498950967392
0,23,68.75,1689.45,0,0,1,0,1,0,0,0,0,0,1,0,0,0,1,0,1,0,0,0,1,1,0,1,0,0,0,0.24099879186372816,16.56866694063131
1,67,105.4,7035.6,0,0,1,0,1,0,1,1,0,0,1,0,1,0,1,0,1,0,0,0,1,1,0,1,1,0,0,0.24096663114689978,25.397882922883237
0,50,39.45,2021.35,0,1,1,1,0,1,0,0,0,0,1,0,0,0,0,0,0,0,1,0,0,0,0,1,1,0,0,0.2409463989575944,9.5053354388771
0,10,19.8,198.25,0,0,0,0,1,0,0,0,1,1,0,1,0,1,0,1,0,1,0,1,0,1,0,1,0,0,1,0.2406154826661481,4.764186556789732
0,49,40.65,2070.75,0,0,1,0,0,1,0,0,0,0,1,0,0,0,0,0,0,0,1,0,0,0,0,0,0,0,0,0.24024715690970505,9.76604692837951
0,30,66.3,1923.5,0,0,1,1,1,0,0,0,0,0,1,0,0,0,0,0,1,0,0,0,1,0,0,0,0,0,0,0.2401930600843651,15.924799883593407
0,53,84.6,4449.75,0,0,0,1,1,0,1,0,0,0,0,0,1,0,1,0,1,0,1,0,1,1,0,1,0,1,0,0.24015681108528705,20.317266217815284
0,15,19.8,272.95,0,0,1,1,1,0,0,0,1,1,0,1,0,1,0,1,0,1,0,1,0,0,0,0,0,0,1,0.240077445396444,4.7535334188495915
0,15,64.85,950.75,0,1,0,1,1,0,0,0,0,0,1,0,0,0,1,0,0,0,0,0,1,1,0,0,0,0,1,0.24006999120009803,15.568538929326357
0,49,107.95,5293.2,1,0,1,1,1,0,1,1,0,0,0,0,1,0,1,0,1,0,1,0,1,0,1,1,0,0,0,0.24004571117704165,25.91293452156165
0,16,19.75,294.9,0,1,0,0,1,0,0,0,1,1,0,1,0,1,0,1,0,1,0,1,0,0,0,0,1,0,0,0.2396853507714766,4.7337856777366625
0,10,40.25,411.45,0,0,0,1,0,1,0,0,0,0,1,0,1,0,0,0,1,0,0,0,0,1,0,0,0,0,1,0.23943767390840484,9.637366374813295
0,55,84.25,4589.85,0,0,0,0,1,0,1,1,0,0,1,0,0,0,1,0,0,0,0,0,0,1,0,1,1,0,0,0.23939079637185048,20.168674594328404
0,26,38.85,1025.15,0,0,1,1,0,1,0,0,0,0,1,0,1,0,0,0,1,0,0,0,0,0,0,0,1,0,0,0.23938139977569087,9.29996738128559
0,31,72.45,2156.25,0,1,0,0,1,0,0,0,0,0,1,0,1,0,1,0,1,0,1,0,0,0,0,1,0,0,0,0.2393791189661111,17.34301716909475
0,71,105.15,7555.0,0,0,1,0,1,0,1,1,0,0,0,0,1,0,1,0,0,0,1,0,1,0,1,1,0,0,0,0.23930526038299568,25.162948129271996
0,17,19.7,340.35,0,0,0,0,1,0,0,0,1,1,0,1,0,1,0,1,0,1,0,1,0,0,0,0,1,0,0,0.2392187190867383,4.712608766008745
0,10,19.3,185.2,0,0,0,0,1,0,0,0,1,1,0,1,0,1,0,1,0,1,0,1,0,1,0,1,0,0,1,0.23898130784400035,4.612339241389207
0,53,61.1,3357.9,0,1,0,0,1,0,0,0,0,0,0,0,0,0,1,0,0,0,0,0,1,1,0,1,0,1,0,0.23875885544404815,14.588166067631342
0,38,94.9,3616.25,0,1,1,1,1,0,1,1,0,0,0,0,0,0,1,0,1,0,1,0,0,0,1,1,0,0,0,0.23875765173686173,22.65810114982818
0,43,91.25,4013.8,0,1,1,1,1,0,1,1,0,0,1,0,0,0,1,0,1,0,0,0,0,1,0,1,1,0,0,0.2386166065119115,21.773765344211924
0,12,20.15,260.7,0,0,0,0,1,0,0,0,1,1,0,1,0,1,0,1,0,1,0,1,0,1,0,0,0,1,0,0.23838181075647727,4.803393486743016
0,58,99.15,5720.95,0,1,0,0,1,0,0,1,0,0,1,0,1,0,0,0,0,0,1,0,1,1,0,0,0,0,0,0.2380067671591421,23.59837096382894
0,22,57.95,1271.8,0,1,1,1,1,0,0,0,0,0,1,0,1,0,0,0,1,0,0,0,0,0,0,1,0,0,1,0.23780094403604973,13.780564706889082
0,8,19.75,145.0,1,0,1,1,1,0,0,0,1,1,0,1,0,1,0,1,0,1,0,1,0,1,0,1,0,0,1,0.2376979289416443,4.694534096597475
0,17,21.1,385.55,0,1,0,0,1,0,0,0,1,1,0,1,0,1,0,1,0,1,0,1,0,0,0,0,1,0,0,0.2373858833990557,5.008842139720076
0,2,19.3,28.3,1,1,0,0,1,0,0,0,1,1,0,1,0,1,0,1,0,1,0,1,0,1,0,0,1,0,0,0.23721703687048412,4.578288811600344
0,27,80.85,2204.35,0,1,1,0,1,0,1,0,0,0,1,0,0,0,0,0,1,0,1,0,1,1,0,0,0,0,1,0.23713015442572521,19.171972985319883
0,23,60.0,1347.15,0,0,1,0,1,0,0,0,0,0,0,0,0,0,0,0,1,0,1,0,0,1,0,0,0,0,0,0.23704865076713952,14.222919046028371
0,63,90.05,5817.0,0,0,0,0,1,0,0,1,0,0,0,0,0,0,1,0,1,0,1,0,0,1,0,1,1,0,0,0.23700647045890685,21.34243266482456
0,49,56.3,2780.6,0,0,1,0,0,1,0,0,0,0,0,0,1,0,0,0,1,0,1,0,1,1,0,1,1,0,0,0.2369687849538413,13.341342592901265
0,57,112.95,6465.0,1,0,0,0,1,0,1,1,0,0,1,0,1,0,1,0,0,0,1,0,1,0,1,1,0,0,0,0.23690488960733624,26.758407281148628
0,33,88.95,3027.65,0,1,0,0,1,0,0,1,0,0,1,0,0,0,0,0,1,0,1,0,0,0,1,1,0,1,0,0.23687310670082162,21.069862841038084
0,3,21.2,52.05,0,1,0,0,1,0,0,0,1,1,0,1,0,1,0,1,0,1,0,1,0,1,0,0,0,0,1,0.2367760024615824,5.019651252185547
0,35,113.2,3914.05,0,0,0,0,1,0,1,1,0,0,1,0,1,0,1,0,1,0,1,0,1,0,1,1,0,0,1,0.2367181149157085,26.796490608458203
0,18,19.65,391.7,0,0,0,0,1,0,0,0,1,1,0,1,0,1,0,1,0,1,0,1,0,0,0,0,0,0,1,0.2364243234337331,4.645737955472855
0,14,19.95,268.4,0,1,0,1,1,0,0,0,1,1,0,1,0,1,0,1,0,1,0,1,0,0,0,0,0,0,1,0.23620622760166823,4.712314240653281
0,67,53.4,3579.15,0,0,0,0,0,1,0,0,0,0,0,0,0,0,1,0,1,0,1,0,1,0,0,1,1,0,0,0.23617047447817544,12.611503337134568
0,46,30.3,1380.1,1,1,0,0,0,1,0,0,0,0,0,0,1,0,0,0,0,0,0,0,0,0,0,0,0,0,0,0.23598000231009522,7.1501940699958855
0,4,24.1,73.1,0,1,1,1,1,0,1,0,1,1,0,1,0,1,0,1,0,1,0,1,0,1,0,0,1,0,0,0.23595294223559096,5.686465907877743
0,67,87.4,5918.8,1,1,1,1,1,0,1,1,0,0,0,0,1,0,1,0,0,0,0,0,0,1,0,0,0,1,0,0.23587231723854582,20.615240526648908
1,71,104.05,7413.55,0,0,0,0,1,0,1,1,0,0,0,0,0,0,1,0,0,0,1,0,1,0,1,0,0,0,0,0.23577661582190354,24.532556876269062
0,46,104.4,4904.2,0,0,0,0,1,0,0,1,0,0,0,0,1,0,1,0,1,0,1,0,1,0,1,1,0,0,0,0.235741236574541,24.61138509838208
0,39,80.45,3201.55,1,0,0,0,1,0,0,1,0,0,0,0,0,0,1,0,1,0,0,0,0,0,1,1,0,1,0,0.23560940272899922,18.95477644954799
0,69,99.35,6856.45,0,1,1,1,1,0,1,1,0,0,0,0,0,0,0,0,1,0,1,0,1,0,1,1,0,1,0,0.23543225521525515,23.3901945556356
0,53,98.6,5311.85,0,0,0,0,1,0,1,1,0,0,1,0,1,0,1,0,0,0,1,0,0,1,0,0,0,0,1,0.23543051090089992,23.21344837482873
0,22,56.75,1304.85,0,1,0,0,0,1,0,0,0,0,0,0,0,0,1,0,1,0,1,0,1,0,1,0,0,0,0,0.23525598491975383,13.35077714419603
0,39,100.55,3895.35,0,1,0,1,1,0,1,1,0,0,0,0,0,0,0,0,1,0,1,0,1,0,1,0,0,0,1,0.23525376951741445,23.654766524976022
0,31,20.65,702.05,0,1,1,1,1,0,0,0,1,1,0,1,0,1,0,1,0,1,0,1,0,0,0,1,0,1,0,0.23517938264849464,4.856454251691414
0,31,35.4,1077.5,1,1,1,1,0,1,0,0,0,0,1,0,0,0,0,0,1,0,0,0,0,0,0,0,0,0,0,0.23504785412461374,8.320694036011325
0,72,108.2,7840.6,0,1,1,0,1,0,1,1,0,0,0,0,1,0,1,0,1,0,1,0,1,0,1,1,0,1,0,0.23497920964432711,25.424750483516195
0,19,48.95,955.6,0,1,1,1,1,0,0,0,0,0,1,0,0,0,0,0,0,0,0,0,0,1,0,1,0,0,0,0.23470338019052234,11.48873046032607
0,22,55.1,1253.15,0,1,0,0,1,0,0,0,0,0,1,0,0,0,0,0,1,0,0,0,0,0,0,0,0,0,1,0.23444545609233738,12.91794463068779
0,59,64.65,3735.45,0,1,0,0,1,0,0,0,0,0,0,0,0,0,1,0,1,0,1,0,0,0,0,1,0,1,0,0.23444229018764223,15.156694060631072
0,3,19.6,61.35,0,1,0,0,1,0,0,0,1,1,0,1,0,1,0,1,0,1,0,1,0,1,0,0,0,0,1,0.23418611105176254,4.590047776614546
0,58,45.0,2689.35,0,1,1,0,0,1,0,0,0,0,0,0,0,0,0,0,0,0,1,0,1,1,0,1,1,0,0,0.23406864022657442,10.53308881019585
0,30,67.6,2000.2,0,1,1,1,1,0,1,0,0,0,1,0,1,0,1,0,1,0,0,0,0,0,0,0,0,1,0,0.23369324324600305,15.797663243429804
0,1,20.4,20.4,0,1,1,1,1,0,0,0,1,1,0,1,0,1,0,1,0,1,0,1,0,1,0,0,0,0,1,0.23354771772367308,4.76437344156293
0,63,104.8,6597.25,0,1,1,1,1,0,1,1,0,0,0,0,1,0,1,0,0,0,1,0,1,0,1,1,0,0,0,0.2334788728212035,24.468585871662125
1,23,20.75,485.2,0,1,1,0,1,0,0,0,1,1,0,1,0,1,0,1,0,1,0,1,0,1,0,1,0,1,0,0.23344899449777376,4.844066635828805
0,39,54.85,2191.7,0,1,0,1,0,1,0,0,0,0,0,0,0,0,1,0,1,0,1,0,1,1,0,0,0,0,0,0.23337854438481823,12.80081315950728
1,56,95.65,5471.75,0,0,1,0,1,0,1,1,0,0,1,0,1,0,1,0,1,0,0,0,0,1,0,0,0,1,0,0.23301847112097218,22.28821676272099
0,14,24.8,321.7,0,1,0,0,1,0,1,0,1,1,0,1,0,1,0,1,0,1,0,1,0,1,0,1,1,0,0,0.23284665123159998,5.774596950543679
0,71,93.7,6585.35,1,0,1,0,1,0,1,1,0,0,0,0,0,0,0,0,0,0,1,0,1,0,1,1,0,0,0,0.2327406372930314,21.807797714357044
0,2,20.5,38.25,0,0,0,1,1,0,0,0,1,1,0,1,0,1,0,1,0,1,0,1,0,1,0,0,0,0,0,0.2324208248184258,4.764626908777728
0,1,19.65,19.65,0,1,1,1,1,0,0,0,1,1,0,1,0,1,0,1,0,1,0,1,0,1,0,0,0,0,1,0.2320876582875491,4.560522485350339
0,66,74.25,4859.25,0,0,1,1,1,0,1,1,0,0,0,0,0,0,0,0,0,0,0,0,0,1,0,1,0,0,0,0.23190903785585187,17.219246060797
0,26,61.55,1581.95,0,1,0,0,1,0,1,0,0,0,1,0,1,0,0,0,0,0,0,0,0,1,0,0,0,1,0,0.23190339535621987,14.273653984175333
0,40,42.35,1716.45,1,1,1,0,0,1,0,0,0,0,1,0,1,0,1,0,0,0,0,0,0,1,0,1,0,1,0,0.23189765124572878,9.820865530256615
0,11,20.55,184.95,0,1,1,0,1,0,0,0,1,1,0,1,0,1,0,1,0,1,0,1,0,1,0,1,0,0,1,0.2317137960928949,4.761718509708991
0,17,62.1,1096.65,0,1,1,1,1,0,1,0,0,0,1,0,0,0,0,0,1,0,0,0,0,1,0,1,0,0,1,0.23145500593603213,14.373355868627597
0,70,110.2,7689.8,0,0,1,1,1,0,1,1,0,0,0,0,1,0,1,0,1,0,1,0,1,0,1,1,0,1,0,0.23133566125409244,25.493189870200986
0,2,20.3,31.9,0,0,1,1,1,0,0,0,1,1,0,1,0,1,0,1,0,1,0,1,0,1,0,0,0,0,1,0.23129957417402533,4.695381355732715
1,28,25.7,734.6,0,0,1,0,1,0,1,0,1,1,0,1,0,1,0,1,0,1,0,1,0,0,0,0,0,0,1,0.23090386695837523,5.934229380830243
0,25,19.2,532.1,0,0,0,0,1,0,0,0,1,1,0,1,0,1,0,1,0,1,0,1,0,0,0,1,1,0,0,0.23084754737214083,4.4322729095451034
1,55,51.65,2838.55,0,0,1,0,1,0,1,0,0,0,0,0,0,0,0,0,0,0,0,0,0,0,0,0,0,0,0,0.2306094127157841,11.910976166770249
0,1,18.8,18.8,0,1,1,1,1,0,0,0,1,1,0,1,0,1,0,1,0,1,0,1,0,1,0,0,0,0,1,0.23044063869724532,4.332284007508212
0,25,20.15,536.35,0,1,0,0,1,0,0,0,1,1,0,1,0,1,0,1,0,1,0,1,0,0,0,1,0,0,1,0.23027488279191025,4.640038888256991
0,67,104.0,7039.05,0,0,0,1,1,0,1,1,0,0,0,0,1,0,0,0,1,0,1,0,1,0,1,1,0,1,0,0.23022634591074082,23.943539974717044
0,16,19.35,275.9,0,0,1,1,1,0,0,0,1,1,0,1,0,1,0,1,0,1,0,1,0,0,0,0,0,0,1,0.22995040618119864,4.4495403596061935
0,20,19.25,375.25,0,0,1,0,1,0,0,0,1,1,0,1,0,1,0,1,0,1,0,1,0,0,0,0,0,0,0,0.22956305330244814,4.419088776072127
0,38,78.95,2862.55,0,1,1,1,1,0,1,0,0,0,0,0,1,0,1,0,0,0,1,0,1,1,0,0,1,0,0,0.22942704143224382,18.11326492107565
0,72,108.4,7719.5,0,1,1,0,1,0,1,1,0,0,0,0,1,0,1,0,1,0,1,0,1,0,1,1,0,1,0,0.229312297634189,24.85745306354609
0,53,48.7,2495.2,0,0,1,1,0,1,0,0,0,0,1,0,1,0,1,0,0,0,0,0,1,0,0,1,0,0,0,0.22912850395226936,11.158558142475519
0,21,80.9,1714.95,0,0,1,0,1,0,0,0,0,0,1,0,0,0,1,0,1,0,1,0,1,1,0,0,0,0,1,0.2290289375026948,18.52844104396801
0,26,35.4,978.6,0,0,1,0,0,1,0,0,0,0,1,0,0,0,1,0,0,0,0,0,0,1,0,0,1,0,0,0.22897969411421304,8.10588117164314
0,12,19.35,219.35,0,0,0,0,1,0,0,0,1,1,0,1,0,1,0,1,0,1,0,1,0,1,0,1,0,0,0,0.22897020884505492,4.430573541151813
0,18,20.05,358.5,0,1,0,0,1,0,0,0,1,1,0,1,0,1,0,1,0,1,0,1,0,0,0,0,0,0,1,0.22880730233698096,4.587586411856469
0,68,39.9,2796.35,0,1,0,0,0,1,0,0,0,0,0,0,0,0,1,0,0,0,0,0,1,0,0,1,0,0,0,0.22846758815569043,9.115856767412048
0,1,19.85,19.85,0,1,1,1,1,0,0,0,1,1,0,1,0,1,0,1,0,1,0,1,0,1,0,0,1,0,0,0.2283771459149818,4.533286346412389
0,32,36.25,1151.05,0,1,1,1,0,1,0,0,0,0,0,0,0,0,1,0,1,0,0,0,0,1,0,1,0,0,1,0.22822407600071992,8.273122755026098
0,65,93.55,6069.25,0,1,0,0,1,0,1,1,0,0,1,0,0,0,0,0,1,0,0,0,1,1,0,0,0,1,0,0.22816877948419165,21.34518932074613
0,4,19.7,117.8,0,1,0,0,1,0,0,0,1,1,0,1,0,1,0,1,0,1,0,1,0,1,0,0,0,0,1,0.2278774798121535,4.4891863522994235
0,42,54.75,2348.45,0,0,0,0,0,1,0,0,0,0,1,0,1,0,1,0,1,0,0,0,1,1,0,1,0,1,0,0.2275288761556616,12.457205969522473
0,13,19.65,244.8,0,0,0,0,1,0,0,0,1,1,0,1,0,1,0,1,0,1,0,1,0,1,0,0,0,1,0,0.2272827657944157,4.4661063478602685
1,46,69.1,3255.35,0,0,0,0,1,0,1,0,0,0,0,0,0,0,1,0,1,0,0,0,1,1,0,1,1,0,0,0.22722389329388523,15.701171026607469
0,24,56.35,1381.2,0,0,0,0,1,0,0,0,0,0,1,0,0,0,0,0,1,0,0,0,0,0,0,0,1,0,0,0.2271451535518551,12.799629402647035
0,72,110.75,7751.7,0,0,1,0,1,0,1,1,0,0,1,0,1,0,1,0,0,0,1,0,1,0,1,1,0,1,0,0.22697649680736595,25.13764702141578
0,60,101.15,6067.4,0,1,1,0,1,0,1,1,0,0,0,0,0,0,1,0,0,0,1,0,1,0,1,0,1,0,0,0.22663694216225364,22.924326699711955
0,19,19.9,367.55,0,0,0,0,1,0,0,0,1,1,0,1,0,1,0,1,0,1,0,1,0,0,0,0,0,0,1,0.22637807249307726,4.504923642612237
0,37,79.25,2911.8,0,1,1,0,1,0,1,0,0,0,1,0,0,0,1,0,0,0,1,0,1,1,0,0,0,0,1,0.22628653937196133,17.933208245227934
0,18,19.25,331.35,0,1,0,0,1,0,0,0,1,1,0,1,0,1,0,1,0,1,0,1,0,0,0,0,0,0,1,0.22597893787152432,4.350094554026843
0,72,106.3,7565.35,0,1,1,0,1,0,1,1,0,0,0,0,1,0,1,0,0,0,1,0,1,0,1,1,0,0,0,0.22593845850970307,24.017258139581436
0,4,19.95,68.2,0,1,0,0,1,0,0,0,1,1,0,1,0,1,0,1,0,1,0,1,0,1,0,0,0,0,1,0.2259064550496016,4.506833778239552
1,66,102.4,6471.85,0,0,0,0,1,0,1,1,0,0,1,0,0,0,0,0,0,0,1,0,1,0,1,1,0,0,0,0.22481227092033387,23.02077654224219
0,72,109.65,7880.25,0,1,1,0,1,0,1,1,0,0,1,0,1,0,1,0,0,0,1,0,1,0,1,1,0,1,0,0.2246510811868984,24.63299105214341
0,2,20.2,34.75,0,1,1,1,1,0,0,0,1,1,0,1,0,1,0,1,0,1,0,1,0,1,0,0,0,0,1,0.22463191220837445,4.537564626609163
0,27,78.2,2078.95,0,0,0,0,1,0,0,0,0,0,0,0,1,0,1,0,1,0,1,0,1,1,0,0,0,0,1,0.22458481856722187,17.56253281195675
0,43,29.3,1224.05,0,1,1,1,0,1,0,0,0,0,0,0,1,0,0,0,0,0,0,0,0,0,0,0,1,0,0,0.2245572984006356,6.579528843138623
0,60,110.8,6640.7,0,0,1,0,1,0,1,1,0,0,0,0,1,0,1,0,1,0,1,0,1,0,1,1,1,0,0,0.22423627138167918,24.84537886909005
0,2,19.85,35.9,1,1,1,1,1,0,0,0,1,1,0,1,0,1,0,1,0,1,0,1,0,1,0,0,0,0,1,0.22404121435515964,4.447218104949919
0,34,116.15,3946.9,0,0,0,1,1,0,1,1,0,0,1,0,1,0,1,0,1,0,1,0,1,0,1,1,1,0,0,0.22395984961478152,26.012936532756875
0,62,80.4,4981.15,0,1,0,0,1,0,0,0,0,0,0,0,1,0,1,0,1,0,1,0,1,0,0,1,0,0,0,0.22381307759043964,17.994571438271347
1,64,97.0,6430.9,0,0,1,0,1,0,0,1,0,0,1,0,1,0,1,0,0,0,0,0,1,1,0,0,0,0,0,0.22309775439452062,21.6404821762685
0,48,29.5,1423.05,0,0,1,1,0,1,0,0,0,0,0,0,0,0,0,0,1,0,0,0,0,0,0,1,1,0,0,0.22289562451311448,6.575420923136877
0,71,104.65,7288.4,0,1,1,1,1,0,0,1,0,0,1,0,1,0,1,0,0,0,1,0,1,1,0,1,0,0,0,0.22277223413708613,23.313114302446063
0,24,53.6,1315.35,0,1,1,0,1,0,0,0,0,0,1,0,0,0,0,0,1,0,0,0,0,0,0,0,0,0,1,0.22265909085580657,11.934527269871232
0,16,55.85,857.8,0,1,1,1,1,0,0,0,0,0,1,0,1,0,0,0,0,0,0,0,0,1,0,1,0,0,1,0.22211937960765848,12.405367351087726
1,61,65.2,3965.05,0,0,1,1,1,0,1,0,0,0,0,0,0,0,1,0,0,0,1,0,0,1,0,1,0,1,0,0.22199447028042066,14.474039462283427
0,62,101.15,6638.35,0,0,1,1,1,0,1,1,0,0,1,0,0,0,0,0,0,0,1,0,1,0,1,1,0,0,0,0.2214895224274909,22.403665193540707
0,58,99.25,5846.65,0,0,1,1,1,0,0,1,0,0,1,0,1,0,0,0,0,0,1,0,1,1,0,0,1,0,0,0.22148511723961917,21.982397886032203
0,48,70.55,3420.5,0,1,1,0,1,0,1,0,0,0,0,0,1,0,1,0,0,0,0,0,1,1,0,1,1,0,0,0.22134637503828963,15.615986758951333
0,39,25.25,947.75,0,1,1,1,0,1,0,0,0,0,0,0,0,0,0,0,0,0,0,0,0,1,0,1,1,0,0,0.22133103141869312,5.588608543322001
0,15,45.9,693.45,0,0,0,0,0,1,0,0,0,0,1,0,1,0,1,0,1,0,0,0,0,1,0,0,0,0,1,0.22131109966669424,10.158179474701265
0,63,81.2,4965.1,0,0,1,0,1,0,1,1,0,0,0,0,0,0,0,0,1,0,0,0,0,1,0,1,1,0,0,0.22097407110319192,17.943094573579184
0,43,64.85,2908.2,0,0,1,0,1,0,1,0,0,0,0,0,0,0,0,0,1,0,1,0,0,1,0,1,0,0,0,0.22025478669040385,14.28352291687269
0,41,111.15,4507.15,0,1,0,1,1,0,0,1,0,0,1,0,1,0,1,0,1,0,1,0,1,0,1,1,0,1,0,0.22023196550077614,24.47878296541127
0,23,55.8,1327.85,0,0,0,0,1,0,0,0,0,0,0,0,1,0,1,0,0,0,0,0,0,1,0,0,0,0,0,0.2201799850140628,12.286043163784704
0,61,103.9,6449.15,0,1,1,1,1,0,0,1,0,0,0,0,1,0,1,0,1,0,1,0,1,1,0,0,1,0,0,0.219268279731585,22.781974264111682
0,60,110.6,6586.85,0,1,1,1,1,0,1,1,0,0,1,0,0,0,1,0,1,0,1,0,1,0,1,1,0,1,0,0.2190301597646261,24.224735669967643
0,72,104.8,7470.1,0,1,1,0,1,0,1,1,0,0,0,0,1,0,1,0,0,0,1,0,1,0,1,1,0,0,0,0.2185743149038042,22.90658820191868
0,62,94.95,5791.85,0,1,1,1,1,0,1,1,0,0,1,0,1,0,0,0,0,0,1,0,0,1,0,1,1,0,0,0.2184786909969247,20.744551710158003
0,8,54.25,447.75,0,0,0,0,1,0,0,0,0,0,1,0,0,0,0,0,1,0,0,0,0,1,0,0,0,0,0,0.2182855650810241,11.841991905645557
0,34,24.7,780.2,0,0,1,0,1,0,1,0,1,1,0,1,0,1,0,1,0,1,0,1,0,0,0,0,0,1,0,0.21811955483145729,5.387553004336994
0,18,20.45,357.0,0,0,1,1,1,0,0,0,1,1,0,1,0,1,0,1,0,1,0,1,0,0,0,0,0,0,1,0.21772656013789965,4.452508154820047
0,71,106.0,7723.7,1,1,1,1,1,0,1,1,0,0,0,0,1,0,1,0,0,0,1,0,1,0,1,1,0,0,0,0.21761565653424864,23.067259592630357
0,68,110.2,7467.5,0,1,1,1,1,0,1,1,0,0,1,0,1,0,1,0,0,0,1,0,1,0,1,1,0,1,0,0.2174207543653074,23.959767131056875
1,72,111.65,7943.45,0,0,0,0,1,0,1,1,0,0,0,0,1,0,1,0,1,0,1,0,1,0,1,0,0,1,0,0.2173514489651852,24.26728927696293
0,17,79.85,1387.35,0,0,0,0,1,0,0,0,0,0,1,0,1,0,0,0,1,0,1,0,1,1,0,0,1,0,0,0.2173405892214529,17.354646049333013
0,51,44.45,2181.55,0,1,0,0,0,1,0,0,0,0,1,0,0,0,0,0,1,0,0,0,1,0,0,1,1,0,0,0.2172487017898747,9.656704794559932
0,64,105.4,6794.75,0,0,1,0,1,0,1,1,0,0,0,0,1,0,0,0,1,0,1,0,1,0,1,1,0,0,0,0.21723615627770015,22.8966908716696
0,10,19.95,219.5,0,1,0,1,1,0,0,0,1,1,0,1,0,1,0,1,0,1,0,1,0,1,0,1,0,0,0,0.217150271203845,4.332147910516707
0,66,90.55,6130.95,0,0,1,0,1,0,1,1,0,0,0,0,1,0,1,0,1,0,0,0,0,1,0,1,0,0,0,0.21650236701995798,19.604289333657196
0,31,54.35,1647.0,0,1,1,1,1,0,0,0,0,0,0,0,0,0,1,0,1,0,0,0,0,0,0,0,0,0,1,0.21564738430194746,11.720435336810844
0,38,69.95,2657.55,0,1,0,0,1,0,1,0,0,0,1,0,1,0,1,0,1,0,0,0,0,0,0,0,0,1,0,0.21547577467666415,15.072530438632658
0,35,62.15,2215.45,0,0,1,0,1,0,0,0,0,0,1,0,0,0,0,0,0,0,1,0,0,1,0,1,0,0,0,0.21546907537727605,13.391403034697706
1,9,19.85,183.15,0,1,1,0,1,0,0,0,1,1,0,1,0,1,0,1,0,1,0,1,0,1,0,0,1,0,0,0.21545427408115814,4.27676734051099
1,72,111.65,8022.85,0,1,1,0,1,0,1,1,0,0,0,0,1,0,1,0,1,0,1,0,1,0,1,1,0,0,0,0.21540887602823391,24.050401008552317
0,37,40.2,1448.8,1,1,1,1,0,1,0,0,0,0,1,0,1,0,1,0,0,0,0,0,0,0,0,0,0,0,0,0.21530616533646846,8.655307846526032
0,41,45.2,1841.9,0,0,0,1,1,0,0,0,0,0,0,0,0,0,0,0,0,0,0,0,0,0,0,0,0,0,0,0.2152401062015513,9.728852800310118
1,70,104.45,7349.35,0,0,1,0,1,0,1,1,0,0,0,0,1,0,0,0,1,0,1,0,1,0,1,1,0,0,0,0.21514137306165074,22.47151641628942
0,21,24.7,467.15,0,1,0,1,1,0,1,0,1,1,0,1,0,1,0,1,0,1,0,1,0,0,0,0,0,0,1,0.21508062972799702,5.312491554281526
0,69,116.0,8182.85,0,0,1,0,1,0,1,1,0,0,1,0,1,0,1,0,1,0,1,0,1,0,1,1,0,1,0,0.21505963489222263,24.946917647497823
0,34,79.95,2727.3,0,0,0,0,1,0,0,0,0,0,1,0,0,0,1,0,1,0,1,0,1,1,0,1,0,0,0,0.21503352259662692,17.191930131600323
0,29,55.35,1636.95,0,1,1,1,0,1,0,0,0,0,1,0,1,0,1,0,1,0,0,0,1,1,0,1,1,0,0,0.21488412105838425,11.893836100581568
0,37,90.6,3358.65,0,1,0,0,1,0,1,0,0,0,1,0,1,0,1,0,1,0,1,0,1,1,0,1,0,0,0,0.2148828123218921,19.46838279636342
0,63,109.25,6841.4,0,0,1,0,1,0,1,1,0,0,0,0,1,0,1,0,1,0,1,0,1,0,1,1,0,0,0,0.2147339914607325,23.459688567085024
0,24,54.6,1242.25,0,1,0,0,1,0,1,0,0,0,0,0,0,0,0,0,1,0,0,0,0,1,0,0,0,0,0,0.21452398493404756,11.713009577398998
0,65,100.15,6643.5,0,0,1,0,1,0,1,1,0,0,1,0,1,0,0,0,1,0,1,0,0,1,0,1,0,0,0,0.2142450235706188,21.456639110597475
0,67,100.25,6689.0,0,0,1,1,1,0,1,1,0,0,1,0,0,0,1,0,1,0,0,0,1,1,0,1,0,0,0,0.21415530947106184,21.46906977447395
0,41,65.0,2531.8,0,1,0,0,1,0,1,0,0,0,0,0,0,0,1,0,0,0,0,0,1,1,0,0,0,0,1,0.21403775642636844,13.912454167713948
0,69,106.4,7251.9,0,0,1,0,1,0,0,1,0,0,1,0,1,0,0,0,1,0,1,0,1,1,0,1,1,0,0,0.21403746540016924,22.77358631857801
0,38,54.5,2076.05,0,0,1,1,1,0,0,0,0,0,1,0,1,0,0,0,0,0,0,0,0,0,0,0,0,1,0,0.21374403241483317,11.649049766608409
0,43,84.25,3539.25,0,1,1,0,1,0,0,1,0,0,1,0,0,0,1,0,1,0,0,0,0,1,0,1,0,0,0,0.2135890144273258,17.9948744655022
0,11,20.0,196.35,0,0,1,1,1,0,0,0,1,1,0,1,0,1,0,1,0,1,0,1,0,1,0,1,0,0,1,0.21324795280289982,4.264959056057997
0,53,71.85,3827.9,0,1,1,1,1,0,1,0,0,0,1,0,0,0,0,0,1,0,0,0,1,0,0,0,0,1,0,0.2132294826896604,15.320538331252099
0,31,65.25,1994.3,1,0,0,0,1,0,1,0,0,0,1,0,0,0,1,0,1,0,0,0,0,0,0,0,1,0,0,0.2130779804541305,13.903338224632016
0,42,73.15,3088.25,0,1,1,1,1,0,0,0,0,0,0,0,0,0,1,0,1,0,1,0,1,1,0,0,0,1,0,0.21285742157191717,15.570520387985741
0,40,26.2,1077.5,0,0,1,1,1,0,1,0,1,1,0,1,0,1,0,1,0,1,0,1,0,0,0,1,0,1,0,0.21258238525153075,5.569658493590105
0,50,100.2,5038.45,0,0,0,0,1,0,0,1,0,0,0,0,1,0,0,0,1,0,1,0,1,0,1,1,0,0,1,0.21241840233622444,21.28432391408969
0,20,19.4,415.4,0,1,0,0,1,0,0,0,1,1,0,1,0,1,0,1,0,1,0,1,0,0,0,0,0,0,1,0.21235427535566276,4.119672941899857
0,43,56.35,2391.15,0,1,1,0,1,0,0,0,0,0,0,0,0,0,0,0,0,0,1,0,0,1,0,1,0,0,1,0.21208355415013885,11.950908276360325
0,58,109.45,6144.55,1,0,1,0,1,0,1,1,0,0,1,0,1,0,1,0,0,0,1,0,1,0,1,1,0,0,0,0.21205106258532475,23.208988799963794
0,40,71.35,2847.2,0,0,1,1,1,0,0,0,0,0,1,0,1,0,0,0,1,0,0,0,1,0,0,1,0,0,1,0.21190660009005868,15.119535916425686
0,22,55.15,1193.05,1,1,0,0,1,0,0,0,0,0,0,0,1,0,0,0,1,0,0,0,0,1,0,1,1,0,0,0.21180154078207067,11.680854974131197
0,6,20.6,116.6,0,1,0,0,1,0,0,0,1,1,0,1,0,1,0,1,0,1,0,1,0,1,0,0,0,0,1,0.21150428582331576,4.356988287960305
0,51,86.35,4267.15,0,1,0,0,1,0,0,1,0,0,1,0,0,0,0,0,0,0,1,0,0,1,0,0,0,0,1,0.21143748161728768,18.25762653765279
0,40,62.05,2511.55,0,1,0,0,0,1,0,0,0,0,1,0,1,0,1,0,0,0,1,0,1,1,0,0,1,0,0,0.21142922148653875,13.11918319323973
0,24,74.4,1712.9,0,1,1,0,1,0,0,0,0,0,1,0,0,0,0,0,1,0,1,0,1,1,0,0,0,0,0,0.21110843684268946,15.706467701096097
0,67,111.3,7567.2,0,1,1,0,1,0,1,1,0,0,0,0,1,0,1,0,1,0,1,0,1,0,1,1,0,0,0,0.21102824614240198,23.48744379564934
0,66,63.85,4264.6,0,1,1,0,1,0,1,0,0,0,0,0,0,0,0,0,1,0,0,0,1,0,0,0,0,1,0,0.21087033343149772,13.464070789601129
0,72,103.75,7346.2,0,1,1,0,1,0,1,1,0,0,0,0,1,0,1,0,0,0,1,0,1,0,1,1,0,0,0,0.2108441536353715,21.875080939669793
1,48,58.95,2789.7,0,0,1,0,1,0,0,0,0,0,0,0,1,0,0,0,0,0,0,0,1,1,0,1,0,0,0,0.21082975636440868,12.428414137681893
0,31,81.15,2545.75,0,0,1,1,1,0,0,0,0,0,1,0,0,0,1,0,1,0,1,0,1,1,0,1,0,0,1,0.21082393783610714,17.108362555400095
0,6,80.25,493.4,0,1,0,0,1,0,0,0,0,0,1,0,0,0,1,0,1,0,1,0,1,0,1,1,0,0,1,0.2107144886445018,16.90983771372127
0,21,64.85,1336.8,0,0,0,1,1,0,0,0,0,0,1,0,0,0,1,0,0,0,0,0,1,1,0,0,0,0,1,0.21067603901078108,13.662341129849151
0,8,24.4,203.95,0,1,1,1,1,0,1,0,1,1,0,1,0,1,0,1,0,1,0,1,0,1,0,0,0,0,1,0.21055505972535157,5.1375434572985785
0,7,19.9,173.15,0,0,0,0,1,0,0,0,1,1,0,1,0,1,0,1,0,1,0,1,0,1,0,0,0,0,1,0.21044623930757186,4.187880162220679
0,29,67.45,1801.1,0,0,0,0,1,0,1,0,0,0,1,0,1,0,0,0,1,0,0,0,0,0,0,0,0,0,1,0.2101760842040056,14.176376879560179
0,46,44.95,2168.9,0,0,0,0,1,0,0,0,0,0,0,0,0,0,0,0,0,0,0,0,0,0,0,0,0,0,0,0.21001391247735895,9.440125365857286
0,71,118.65,8477.6,0,0,0,0,1,0,1,1,0,0,1,0,1,0,1,0,1,0,1,0,1,0,1,1,0,1,0,0.20995680630393798,24.911375067962243
0,13,19.95,257.0,0,1,0,0,1,0,0,0,1,1,0,1,0,1,0,1,0,1,0,1,0,1,0,1,0,0,1,0.20981576952311984,4.185824601986241
0,19,20.2,382.2,0,0,1,1,1,0,0,0,1,1,0,1,0,1,0,1,0,1,0,1,0,0,0,0,0,0,1,0.2096650934949081,4.235234888597144
0,71,116.25,8564.75,0,1,1,0,1,0,1,1,0,0,1,0,1,0,1,0,1,0,1,0,1,0,1,1,0,1,0,0.20957805555744174,24.363448958552603
0,6,19.15,124.4,0,1,0,0,1,0,0,0,1,1,0,1,0,1,0,1,0,1,0,1,0,1,0,0,0,0,1,0.209309108727047,4.00826943212295
0,54,95.1,5064.85,0,0,0,0,1,0,1,1,0,0,0,0,0,0,1,0,1,0,0,0,1,0,1,1,0,0,0,0.20929825769016788,19.904264306334966
0,7,20.25,129.15,0,0,0,0,1,0,0,0,1,1,0,1,0,1,0,1,0,1,0,1,0,1,0,0,0,0,1,0.2090197916438357,4.232650780787672
0,44,70.95,3250.45,0,1,1,0,1,0,0,0,0,0,0,0,1,0,1,0,1,0,1,0,0,1,0,1,0,1,0,0.20861150543782964,14.800986310814013
0,39,59.3,2209.15,0,0,0,0,1,0,0,0,0,0,0,0,0,0,0,0,1,0,0,0,1,1,0,0,0,1,0,0.20829579708080434,12.351940766891698
0,69,106.5,7348.8,1,1,0,0,1,0,1,1,0,0,0,0,0,0,1,0,1,0,1,0,1,0,1,1,0,0,0,0.20809916454206961,22.162561023730415
0,70,109.5,7534.65,1,1,1,0,1,0,0,1,0,0,1,0,1,0,1,0,1,0,1,0,1,1,0,1,0,0,0,0.207865633389547,22.761286856155397
1,72,109.75,7932.5,0,1,1,0,1,0,1,1,0,0,0,0,1,0,1,0,1,0,1,0,1,0,1,1,0,0,0,0.20782180818590174,22.808443448402716
0,26,73.5,1905.7,0,0,1,0,1,0,0,0,0,0,0,0,1,0,1,0,0,0,1,0,1,0,1,1,1,0,0,0.20775189746540948,15.269764463707597
0,25,19.15,477.6,0,1,1,1,1,0,0,0,1,1,0,1,0,1,0,1,0,1,0,1,0,0,0,1,0,0,1,0.20764326553830467,3.9763685350585343
1,70,113.65,7714.65,0,0,1,0,1,0,1,1,0,0,1,0,1,0,1,0,1,0,1,0,1,0,1,1,0,1,0,0.20645037388914292,23.463084992501095
0,69,107.2,7317.1,0,1,1,0,1,0,1,1,0,0,1,0,1,0,1,0,1,0,0,0,1,1,0,1,1,0,0,0.20611113045977028,22.095113185287374
0,38,84.1,3187.65,0,0,0,0,1,0,1,0,0,0,1,0,1,0,1,0,0,0,1,0,1,1,0,0,0,0,0,0.2060916312462188,17.332306187807
0,40,60.3,2448.5,0,1,1,1,0,1,0,0,0,0,0,0,1,0,1,0,1,0,1,0,1,1,0,0,0,0,1,0.20587807487015936,12.414447914670609
0,32,83.7,2633.3,0,1,0,1,1,0,1,0,0,0,0,0,1,0,1,0,1,0,1,0,1,1,0,0,1,0,0,0.20581963374559534,17.22710334450633
0,40,63.9,2635.0,0,0,1,0,1,0,1,0,0,0,0,0,1,0,0,0,0,0,1,0,0,1,0,0,0,0,0,0.2057879679637366,13.14985115288277
0,65,107.65,7082.85,0,0,1,0,1,0,1,1,0,0,0,0,1,0,1,0,1,0,1,0,1,0,1,1,0,0,0,0.20574640876495875,22.148600903547813
0,19,20.6,414.95,0,1,1,1,1,0,0,0,1,1,0,1,0,1,0,1,0,1,0,1,0,0,0,0,0,0,1,0.20568261276466118,4.237061822952021
0,32,72.8,2333.05,0,1,1,0,1,0,1,0,0,0,1,0,0,0,0,0,1,0,1,0,0,1,0,1,1,0,0,0.2055577690455821,14.964605586518376
0,70,115.55,8127.6,1,0,0,0,1,0,1,1,0,0,1,0,1,0,1,0,1,0,1,0,1,1,0,0,1,0,0,0.20542064840811508,23.736355923557696
0,47,55.3,2654.05,0,1,0,1,1,0,0,0,0,0,1,0,1,0,0,0,0,0,0,0,0,0,0,1,0,1,0,0.2052971500152975,11.35293239584595
0,72,100.9,7459.05,0,1,0,0,1,0,1,1,0,0,0,0,1,0,1,0,0,0,1,0,1,0,1,1,0,0,0,0.20506716547772522,20.691276996702477
0,57,49.9,2782.4,0,0,1,0,0,1,0,0,0,0,1,0,0,0,1,0,1,0,0,0,1,0,0,1,0,0,0,0.20504362692391523,10.23167698350337
0,21,20.0,417.7,0,1,0,0,1,0,0,0,1,1,0,1,0,1,0,1,0,1,0,1,0,0,0,0,0,0,1,0.20486500929018142,4.097300185803628
0,26,20.25,493.95,0,0,1,1,1,0,0,0,1,1,0,1,0,1,0,1,0,1,0,1,0,0,0,1,1,0,0,0.20410912500128964,4.133209781276115
0,20,20.35,442.6,0,0,1,1,1,0,0,0,1,1,0,1,0,1,0,1,0,1,0,1,0,0,0,0,0,0,1,0.20410703189348517,4.153578099032424
0,0,80.85,0.0,0,0,1,1,1,0,0,0,0,0,1,0,1,0,1,0,0,0,1,0,1,0,1,0,0,0,1,0.20379542093831168,16.476859782862498
0,36,106.05,3834.4,0,0,1,0,1,0,1,1,0,0,1,0,1,0,1,0,1,0,0,0,1,0,1,1,1,0,0,0.20367594621028137,21.59983409560034
0,27,19.4,460.25,0,1,0,0,1,0,0,0,1,1,0,1,0,1,0,1,0,1,0,1,0,0,0,1,1,0,0,0.20360362573760077,3.949910339309455
1,72,110.8,7882.25,0,0,1,0,1,0,1,1,0,0,0,0,1,0,1,0,1,0,1,0,1,0,1,1,1,0,0,0.20337507416563438,22.53395821755229
0,43,60.4,2640.55,0,0,1,1,0,1,0,0,0,0,1,0,0,0,1,0,1,0,1,0,1,1,0,1,1,0,0,0.2033090653820387,12.279867549075137
0,72,107.5,7853.7,0,0,0,0,1,0,1,1,0,0,0,0,0,0,1,0,1,0,1,0,1,0,1,1,1,0,0,0.20329104332314255,21.853787157237825
1,69,108.4,7318.2,1,1,1,0,1,0,1,1,0,0,0,0,1,0,1,0,1,0,1,0,1,0,1,1,0,0,0,0.20305066409364506,22.010691987751127
0,34,61.25,1993.2,0,0,1,1,0,1,0,0,0,0,1,0,0,0,1,0,1,0,1,0,1,1,0,0,0,0,1,0.2030148125955559,12.434657271477798
0,65,89.85,5844.65,0,0,0,0,1,0,1,1,0,0,1,0,1,0,0,0,1,0,0,0,0,1,0,1,0,1,0,0.2029673331061415,18.236614879586813
0,51,78.65,3950.85,0,0,1,0,1,0,1,0,0,0,0,0,1,0,0,0,1,0,1,0,1,1,0,1,1,0,0,0.202750744290888,15.946346038478342
0,64,110.5,7069.25,0,0,0,0,1,0,1,1,0,0,0,0,1,0,1,0,1,0,1,0,1,0,1,1,1,0,0,0.2025774782060745,22.384811341771233
0,48,69.55,3435.6,0,0,1,0,1,0,1,0,0,0,0,0,0,0,1,0,1,0,0,0,1,1,0,1,0,0,1,0.20250190951290648,14.084007806622644
0,56,54.05,2959.8,0,1,1,0,0,1,0,0,0,0,0,0,0,0,1,0,1,0,1,0,1,1,0,1,0,0,0,0.20246993396143353,10.943499930615483
0,35,40.9,1383.6,0,0,1,1,0,1,0,0,0,0,0,0,0,0,0,0,1,0,1,0,0,1,0,0,0,0,1,0.20246001182912166,8.280614483811075
0,32,76.3,2404.15,0,0,1,1,1,0,0,0,0,0,1,0,1,0,1,0,1,0,0,0,1,0,0,0,0,0,0,0.20224329247530645,15.431163215865881
0,68,105.75,7322.5,0,1,1,1,1,0,0,1,0,0,0,0,1,0,1,0,1,0,1,0,1,1,0,0,1,0,0,0.20223566922009586,21.386422020025137
0,68,110.0,7611.85,1,1,1,0,1,0,1,1,0,0,0,0,1,0,1,0,1,0,1,0,1,0,1,1,0,0,0,0.20222877595360764,22.24516535489684
0,45,78.75,3600.65,0,1,1,1,1,0,1,0,0,0,0,0,1,0,1,0,0,0,1,0,1,1,0,0,1,0,0,0.20203210508268735,15.910028275261629
0,45,50.9,2298.55,0,1,0,0,1,0,0,0,0,0,1,0,0,0,0,0,0,0,0,0,0,0,0,1,0,0,0,0.20193935718235678,10.27871328058196
0,20,20.05,406.05,0,0,1,1,1,0,0,0,1,1,0,1,0,1,0,1,0,1,0,1,0,0,0,0,0,0,1,0.20193528115682674,4.048802387194376
0,50,69.65,3442.15,0,1,1,1,1,0,1,0,0,0,0,0,0,0,1,0,1,0,1,0,0,1,0,1,0,1,0,0.20193231422479505,14.064585685756976
1,60,116.05,6925.9,0,0,1,0,1,0,1,1,0,0,1,0,1,0,1,0,1,0,1,0,1,0,1,1,0,0,0,0.20187188665146782,23.427232445902842
0,71,97.2,6910.3,0,1,1,1,1,0,1,1,0,0,1,0,0,0,0,0,0,0,1,0,1,0,1,1,0,1,0,0.20177039117365064,19.612082022078845
0,24,60.45,1440.75,0,1,0,0,1,0,0,0,0,0,1,0,1,0,0,0,1,0,0,0,0,0,0,0,0,0,0,0.20171299805957735,12.193550732701452
0,52,96.25,4990.25,1,1,1,1,1,0,1,1,0,0,0,0,0,0,1,0,1,0,0,0,1,0,1,1,0,0,0,0.2016434042761833,19.40817766158264
0,55,90.15,4916.95,0,0,1,0,1,0,1,0,0,0,1,0,1,0,1,0,1,0,1,0,1,1,0,1,0,1,0,0.20159466875991594,18.173759388706422
0,7,19.5,128.6,0,1,0,0,1,0,0,0,1,1,0,1,0,1,0,1,0,1,0,1,0,1,0,0,0,0,1,0.20155788864090327,3.9303788284976138
0,36,65.4,2498.4,1,1,0,0,1,0,0,0,0,0,0,0,1,0,0,0,1,0,0,0,1,1,0,1,0,0,1,0.20151517387366077,13.179092371337417
0,21,20.5,402.85,0,1,0,0,1,0,0,0,1,1,0,1,0,1,0,1,0,1,0,1,0,0,0,0,1,0,0,0.2013099887040795,4.12685476843363
0,37,94.3,3460.95,0,1,1,0,1,0,1,1,0,0,0,0,0,0,1,0,1,0,1,0,0,0,1,0,0,0,1,0.2013087824674137,18.983418186677113
0,69,104.0,7028.5,0,0,0,0,1,0,1,1,0,0,0,0,0,0,1,0,1,0,1,0,1,0,1,0,0,1,0,0.20059742782472267,20.862132493771156
0,5,20.1,85.1,0,1,1,1,1,0,0,0,1,1,0,1,0,1,0,1,0,1,0,1,0,1,0,0,0,0,1,0.2005297278554734,4.030647529895016
0,70,104.3,7188.5,0,0,1,0,1,0,1,1,0,0,0,0,0,0,1,0,1,0,1,0,1,0,1,1,0,0,0,0.20052402382172604,20.914655684606025
0,39,58.6,2224.5,0,0,0,0,1,0,0,0,0,0,0,0,1,0,0,0,0,0,1,0,0,1,0,1,1,0,0,0.20049445331023272,11.748974963979638
0,34,64.35,2053.05,0,0,0,0,1,0,0,0,0,0,1,0,1,0,0,0,0,0,0,0,1,1,0,0,0,1,0,0.20038293190683945,12.894641668205118
0,40,65.1,2586.0,0,0,0,0,1,0,0,0,0,0,1,0,1,0,0,0,0,0,1,0,0,0,0,0,0,0,1,0.19996065888320144,13.017438893296413
0,6,40.55,217.5,0,0,1,1,0,1,0,0,0,0,0,0,1,0,1,0,1,0,0,0,0,0,1,0,0,0,1,0.19973612061943793,8.099299691118208
0,69,95.75,6511.25,0,1,1,1,1,0,1,1,0,0,0,0,1,0,1,0,0,0,1,0,0,1,0,0,1,0,0,0.19960851291798265,19.11251511189684
0,67,90.6,6056.15,1,1,1,0,1,0,0,1,0,0,1,0,1,0,0,0,0,0,0,0,1,1,0,1,1,0,0,0.19959857780986281,18.08363114957357
0,41,56.3,2364.0,0,0,0,0,1,0,1,0,0,0,0,0,1,0,0,0,0,0,0,0,0,1,0,1,1,0,0,0.1995479407941248,11.234549066709226
0,56,103.2,5744.35,0,0,1,0,1,0,1,1,0,0,0,0,0,0,1,0,1,0,1,0,1,0,1,0,0,0,0,0.19942317462285403,20.580471621078537
0,15,55.2,864.55,0,1,0,1,1,0,0,0,0,0,0,0,0,0,1,0,1,0,0,0,0,1,0,0,1,0,0,0.1993693023073985,11.005185487368397
0,44,100.1,4378.35,0,1,0,0,1,0,0,1,0,0,0,0,0,0,1,0,1,0,1,0,1,0,1,0,0,0,0,0.19933803311226,19.953737114537226
0,0,73.35,0.0,0,0,1,1,1,0,1,0,0,0,0,0,1,0,1,0,1,0,1,0,0,0,1,0,0,0,1,0.1992501438924194,14.614998054508963
0,54,55.0,3092.65,1,1,0,1,1,0,1,0,0,0,0,0,1,0,0,0,0,0,0,0,0,0,0,1,1,0,0,0.19913318565957153,10.952325211276435
1,49,43.8,2106.05,0,0,0,0,1,0,0,0,0,0,0,0,0,0,0,0,0,0,0,0,0,0,0,0,0,0,1,0.19878362046528703,8.70672257637957
0,28,19.55,543.8,0,0,1,1,1,0,0,0,1,1,0,1,0,1,0,1,0,1,0,1,0,0,0,1,0,0,0,0.1982734819515471,3.8762465721527457
0,60,94.15,5811.8,0,0,1,1,1,0,1,1,0,0,1,0,1,0,0,0,0,0,1,0,0,1,0,0,0,0,0,0.1982516931881534,18.665396913664644
0,66,106.05,6981.35,1,1,1,0,1,0,1,1,0,0,1,0,0,0,1,0,0,0,1,0,1,0,1,1,1,0,0,0.19823997959153192,21.02334983568196
0,70,115.65,7968.85,1,1,1,0,1,0,1,1,0,0,1,0,1,0,1,0,1,0,1,0,1,1,0,0,1,0,0,0.19823556323074296,22.925942887635426
0,26,75.0,1908.35,0,1,0,0,1,0,0,0,0,0,1,0,0,0,0,0,1,0,1,0,1,1,0,0,0,0,0,0.19808117978239073,14.856088483679304
1,72,108.1,7774.05,0,0,0,0,1,0,1,1,0,0,0,0,1,0,1,0,1,0,1,0,1,0,1,1,0,0,0,0.19800708650060506,21.404566050715406
0,6,19.7,94.45,0,0,1,1,1,0,0,0,1,1,0,1,0,1,0,1,0,1,0,1,0,1,0,0,0,0,1,0.19791509958519948,3.8989274618284298
1,56,99.9,5706.3,0,0,0,0,1,0,1,1,0,0,0,0,1,0,1,0,1,0,1,0,0,0,1,1,0,0,0,0.19782942817178067,19.76315987436089
0,72,118.2,8547.15,0,1,0,0,1,0,1,1,0,0,1,0,1,0,1,0,1,0,1,0,1,0,1,1,0,1,0,0.1977378972460189,23.372619454479434
0,67,94.35,6341.45,1,0,1,1,1,0,1,1,0,0,1,0,0,0,0,0,1,0,0,0,1,1,0,1,1,0,0,0.19767873169839792,18.650988335743843
1,44,74.85,3268.05,0,0,0,0,1,0,0,0,0,0,0,0,0,0,1,0,1,0,1,0,1,1,0,0,0,0,0,0.1976475842740463,14.793921682912364
0,13,35.4,450.4,0,0,0,0,0,1,0,0,0,0,0,0,0,0,1,0,1,0,0,0,0,0,1,0,0,0,1,0.19732548803430164,6.985322276414277
0,27,53.45,1461.45,0,1,0,0,1,0,0,0,0,0,1,0,0,0,0,0,1,0,0,0,0,0,0,0,0,0,1,0.1971061271145346,10.535322494271874
0,24,56.25,1454.25,0,1,1,1,1,0,0,0,0,0,1,0,0,0,1,0,0,0,0,0,0,1,0,1,1,0,0,0.19627813970679933,11.040645358507462
1,71,99.65,7181.25,0,0,0,0,1,0,1,1,0,0,1,0,1,0,0,0,1,0,1,0,0,1,0,1,1,0,0,0.1962071100178382,19.552038513277576
0,72,114.9,8496.7,0,0,0,0,1,0,1,1,0,0,1,0,1,0,1,0,1,0,1,0,1,0,1,1,0,1,0,0.19591214453433817,22.510305406995457
1,71,92.0,6585.2,0,1,1,0,1,0,1,1,0,0,1,0,1,0,1,0,1,0,0,0,0,1,0,1,0,1,0,0.1950489491213823,17.944503319167172
0,42,66.4,2727.8,0,0,1,0,1,0,1,0,0,0,1,0,1,0,0,0,1,0,0,0,0,0,0,1,1,0,0,0.19481018923355134,12.93539656510781
0,72,97.7,6869.7,0,0,1,0,1,0,1,1,0,0,0,0,1,0,0,0,0,0,1,0,1,0,1,1,1,0,0,0.19454605248242718,19.007149327533135
0,48,83.45,3887.85,0,0,0,0,1,0,1,0,0,0,1,0,1,0,1,0,0,0,1,0,1,1,0,1,1,0,0,0.19448952862751845,16.230151163966415
0,12,24.95,280.4,0,1,0,0,1,0,1,0,1,1,0,1,0,1,0,1,0,1,0,1,0,1,0,0,1,0,0,0.19440676673545335,4.850448830049561
0,61,94.1,5638.3,1,1,1,0,1,0,1,1,0,0,0,0,1,0,0,0,1,0,1,0,0,0,1,1,0,1,0,0.19424313714642985,18.27827920547905
0,26,59.45,1507.0,0,1,0,0,1,0,0,0,0,0,0,0,0,0,0,0,1,0,1,0,0,1,0,0,1,0,0,0.19417309947807015,11.543590763971272
0,63,97.45,6253.0,0,0,0,0,1,0,1,1,0,0,0,0,1,0,0,0,0,0,1,0,1,0,1,0,0,0,0,0.1941512752314121,18.920041771301108
0,37,72.1,2658.4,0,0,1,0,1,0,1,0,0,0,0,0,1,0,0,0,1,0,0,0,1,1,0,0,0,0,1,0.1940755974529055,13.992850576354487
0,50,35.0,1782.4,0,1,0,0,0,1,0,0,0,0,1,0,1,0,0,0,0,0,0,0,0,0,0,1,0,0,1,0.19399748583322662,6.7899120041629315
0,66,104.55,6779.05,0,0,0,0,1,0,1,1,0,0,1,0,1,0,1,0,1,0,1,0,0,1,0,1,0,0,0,0.19391849678512016,20.27417883888431
0,0,56.05,0.0,0,0,1,1,0,1,0,0,0,0,1,0,1,0,1,0,1,0,1,0,0,0,1,0,1,0,0,0.19381326401493948,10.863233448037358
0,37,40.2,1525.35,0,1,1,1,0,1,0,0,0,0,1,0,0,0,1,0,1,0,0,0,0,1,0,1,0,1,0,0.19374703657426254,7.788630870285354
0,72,115.55,8425.3,0,1,1,0,1,0,1,1,0,0,1,0,1,0,1,0,1,0,1,0,1,0,1,1,0,1,0,0.19366905186336747,22.37845894281211
0,6,19.0,105.5,0,0,1,1,1,0,0,0,1,1,0,1,0,1,0,1,0,1,0,1,0,1,0,0,1,0,0,0.1935927976756659,3.678263155837652
0,30,70.25,2198.9,0,0,1,0,1,0,0,0,0,0,0,0,1,0,1,0,1,0,0,0,1,1,0,0,0,0,0,0.1935199753467503,13.59477826810921
0,68,110.8,7553.6,0,0,1,0,1,0,1,1,0,0,1,0,1,0,1,0,0,0,1,0,1,0,1,1,0,0,0,0.19349183488210156,21.438895304936853
1,72,109.55,7920.7,0,1,1,0,1,0,1,1,0,0,1,0,1,0,1,0,0,0,1,0,1,0,1,1,0,0,0,0.19334885412237438,21.18136696910611
0,68,101.35,7110.75,0,1,0,0,1,0,1,1,0,0,1,0,1,0,1,0,0,0,1,0,0,1,0,0,0,0,0,0.19318423433974818,19.57922215033348
0,7,20.65,134.05,0,0,1,1,1,0,0,0,1,1,0,1,0,1,0,1,0,1,0,1,0,1,0,0,0,0,1,0.19300813089788563,3.985617903041338
0,49,59.75,2934.3,1,0,0,0,1,0,1,0,0,0,1,0,1,0,0,0,0,0,0,0,0,0,0,1,1,0,0,0.19277849798935157,11.518515254863756
0,65,89.75,5769.6,1,1,1,0,1,0,1,1,0,0,1,0,1,0,1,0,0,0,0,0,0,1,0,0,0,1,0,0.19255732631613562,17.28202003687317
0,6,19.45,113.5,0,1,1,1,1,0,0,0,1,1,0,1,0,1,0,1,0,1,0,1,0,1,0,0,0,0,1,0.1924265900039941,3.742697175577685
1,60,71.75,4374.55,0,1,0,0,1,0,1,0,0,0,1,0,1,0,0,0,0,0,0,0,1,1,0,1,0,1,0,0.1924260616804296,13.806569925570825
0,72,110.45,7982.5,0,0,1,0,1,0,1,1,0,0,0,0,1,0,1,0,1,0,1,0,1,0,1,1,0,0,0,0.19220460315832208,21.228998418836674
0,22,19.05,454.05,0,0,1,1,1,0,0,0,1,1,0,1,0,1,0,1,0,1,0,1,0,0,0,0,0,0,0,0.19195199692681905,3.656685541455903
0,26,50.35,1285.8,0,1,1,1,1,0,0,0,0,0,0,0,0,0,1,0,0,0,0,0,0,1,0,0,0,0,1,0.19192176707975958,9.663260972465896
0,10,20.1,184.4,0,0,1,0,1,0,0,0,1,1,0,1,0,1,0,1,0,1,0,1,0,1,0,0,0,0,1,0.1919020604388809,3.857231414821506
0,33,51.45,1758.9,0,0,1,0,1,0,0,0,0,0,0,0,0,0,0,0,1,0,0,0,0,1,0,1,0,0,1,0.19180257307214624,9.868242384561924
0,65,104.1,6700.05,0,1,1,1,1,0,1,1,0,0,0,0,0,0,1,0,1,0,1,0,1,0,1,1,0,0,0,0.19163462600915557,19.949164567553094
0,52,106.3,5487.0,0,1,1,0,1,0,0,1,0,0,1,0,1,0,1,0,1,0,1,0,1,0,1,1,0,1,0,0.19163437683603976,20.370734257671025
0,38,62.3,2354.8,1,1,0,0,1,0,0,0,0,0,0,0,0,0,1,0,1,0,0,0,1,1,0,1,0,0,1,0.19151046674694128,11.93110207833444
0,40,64.1,2460.35,0,0,0,1,1,0,0,0,0,0,1,0,0,0,0,0,1,0,1,0,0,0,0,1,1,0,0,0.19148803728825747,12.274383190177304
0,10,19.6,189.45,0,1,1,0,1,0,0,0,1,1,0,1,0,1,0,1,0,1,0,1,0,1,0,0,0,0,0,0.19148235133906913,3.753054086245755
0,71,109.25,7707.7,0,0,1,0,1,0,1,1,0,0,0,0,1,0,1,0,1,0,1,0,1,0,1,0,0,1,0,0.1914550768116783,20.916467141675856
0,21,20.75,452.2,0,0,0,1,1,0,0,0,1,1,0,1,0,1,0,1,0,1,0,1,0,0,0,0,0,0,1,0.1911300076066301,3.9659476578375745
0,43,85.1,3662.25,0,0,0,0,1,0,1,0,0,0,0,0,1,0,1,0,1,0,1,0,1,1,0,0,1,0,0,0.19091240019304806,16.24664525642839
0,71,79.05,5552.5,0,1,0,0,1,0,1,1,0,0,0,0,1,0,0,0,0,0,0,0,0,1,0,1,1,0,0,0.1908979248882346,15.090480962414944
0,46,55.0,2473.95,0,0,1,0,1,0,1,0,0,0,1,0,0,0,0,0,0,0,0,0,0,0,0,0,0,0,0,0.19086416368472953,10.497529002660125
0,22,67.5,1544.05,1,1,1,1,1,0,0,0,0,0,1,0,0,0,1,0,1,0,1,0,0,1,0,1,0,0,0,0.19063438489542905,12.867820980441461
0,44,61.9,2924.05,0,1,1,1,1,0,0,0,0,0,0,0,1,0,1,0,1,0,0,0,0,0,0,1,0,0,1,0.19063407762162524,11.800249404778603
0,14,19.5,272.0,0,0,1,1,1,0,0,0,1,1,0,1,0,1,0,1,0,1,0,1,0,1,0,1,0,0,1,0.1905050888560958,3.714849232693868
0,34,40.55,1325.85,0,1,1,1,0,1,0,0,0,0,0,0,0,0,0,0,1,0,1,0,0,0,1,1,0,1,0,0.1899663419223266,7.703135164950343
0,72,111.6,8012.75,0,0,0,0,1,0,1,1,0,0,0,0,1,0,1,0,1,0,1,0,1,0,1,1,0,0,0,0.18977376667538182,21.17875236097261
0,38,69.0,2669.45,0,1,1,0,1,0,1,0,0,0,0,0,0,0,1,0,1,0,0,0,1,1,0,0,1,0,0,0.18966935656122902,13.087185602724801
1,34,64.2,2106.3,0,0,1,0,1,0,0,0,0,0,0,0,0,0,1,0,1,0,1,0,0,1,0,0,0,0,0,0.18964121546287993,12.174966032716892
0,71,105.25,7291.75,0,1,1,0,1,0,0,1,0,0,0,0,1,0,1,0,1,0,1,0,1,0,1,1,0,1,0,0.18959080881076798,19.95443262733333
0,7,49.65,305.55,0,1,1,1,0,1,0,0,0,0,1,0,0,0,1,0,1,0,0,0,1,0,1,0,1,0,0,0.1886500705350644,9.366476002065948
0,50,84.15,4164.4,0,0,1,1,1,0,1,0,0,0,0,0,1,0,1,0,1,0,1,0,1,1,0,1,1,0,0,0.1882417775216693,15.840545578448472
0,69,110.5,7455.45,0,0,0,0,1,0,1,1,0,0,0,0,1,0,1,0,1,0,1,0,1,0,1,1,0,0,0,0.1881475052939699,20.790299334983672
0,51,84.2,4299.75,0,1,1,1,1,0,1,1,0,0,0,0,1,0,0,0,1,0,0,0,0,1,0,0,0,0,0,0.1879932328294537,15.829030204240002
0,8,58.2,469.25,0,0,0,0,1,0,0,0,0,0,1,0,1,0,0,0,1,0,0,0,0,1,0,0,0,0,0,0.1879541851943496,10.938933578311147
0,7,20.65,150.0,0,1,1,1,1,0,0,0,1,1,0,1,0,1,0,1,0,1,0,1,0,1,0,0,0,0,1,0.1878963324876864,3.880059265870724
0,70,90.25,6385.95,0,0,0,0,1,0,1,1,0,0,0,0,1,0,1,0,1,0,0,0,0,1,0,1,0,0,0,0.1878735444837317,16.955587389656785
0,44,54.9,2549.1,0,1,1,1,1,0,0,0,0,0,0,0,1,0,0,0,1,0,0,0,0,0,0,1,0,0,0,0.18765470880672533,10.30224351348922
1,67,54.9,3725.5,0,0,0,0,1,0,1,0,0,0,0,0,1,0,0,0,0,0,0,0,0,0,0,0,0,1,0,0.18754873942924152,10.296425794665359
0,51,59.3,3014.65,1,1,1,1,0,1,0,0,0,0,1,0,1,0,1,0,0,0,1,0,1,1,0,0,0,1,0,0.18729479743459396,11.106581487871422
0,59,100.05,6034.85,0,0,1,0,1,0,0,1,0,0,0,0,1,0,0,0,1,0,1,0,1,0,1,1,0,0,1,0.18724982747784216,18.73434523915811
0,31,75.25,2344.5,0,1,1,1,1,0,1,0,0,0,1,0,1,0,0,0,1,0,0,0,1,1,0,1,0,0,0,0.187228482174083,14.088943283599745
0,41,79.9,3326.2,1,0,1,1,1,0,1,0,0,0,1,0,1,0,1,0,1,0,0,0,1,0,0,0,1,0,0,0.18699720297403113,14.941076517625088
0,36,60.7,2234.55,0,1,1,1,0,1,0,0,0,0,1,0,0,0,1,0,1,0,1,0,1,1,0,0,1,0,0,0.18674339295269704,11.33532395222871
0,67,111.2,7530.8,0,1,1,1,1,0,1,1,0,0,0,0,1,0,1,0,1,0,1,0,1,0,1,1,0,0,0,0.18667391390695373,20.758139226453256
0,48,78.75,3682.45,0,1,0,1,1,0,1,0,0,0,1,0,0,0,1,0,0,0,1,0,1,1,0,1,1,0,0,0.18659464918909136,14.694328623640944
0,68,54.4,3723.65,0,0,1,0,0,1,0,0,0,0,1,0,0,0,1,0,0,0,1,0,1,1,0,1,0,1,0,0.1865591540295003,10.148817979204816
0,43,90.65,3882.3,0,1,0,0,1,0,0,1,0,0,1,0,1,0,1,0,1,0,0,0,0,1,0,1,1,0,0,0.1864310076282673,16.899970841502434
0,35,61.0,2130.45,0,1,1,0,1,0,0,0,0,0,1,0,1,0,1,0,0,0,0,0,0,0,0,0,0,0,1,0.18641716270157827,11.371446924796274
0,17,19.65,351.55,0,1,0,0,1,0,0,0,1,1,0,1,0,1,0,1,0,1,0,1,0,1,0,1,0,0,0,0.1864162014169739,3.663078357843537
0,65,110.8,7245.9,0,0,1,1,1,0,1,1,0,0,0,0,1,0,1,0,1,0,1,0,1,0,1,1,1,0,0,0.18613177486399574,20.623400654930727
0,4,25.3,116.95,0,0,0,0,1,0,1,0,1,1,0,1,0,1,0,1,0,1,0,1,0,0,1,1,1,0,0,0.18595484578724267,4.704657598417239
0,12,26.4,314.95,0,1,1,1,1,0,1,0,1,1,0,1,0,1,0,1,0,1,0,1,0,1,0,0,0,0,1,0.18560987672680634,4.900100745587687
0,28,59.9,1654.7,0,0,0,0,1,0,0,0,0,0,1,0,1,0,0,0,1,0,0,0,0,1,0,1,0,1,0,0.18538780169590874,11.104729321584934
0,39,47.85,1886.4,0,0,0,0,1,0,0,0,0,0,1,0,0,0,0,0,0,0,0,0,0,1,0,1,0,1,0,0.1852718104252509,8.865256128848255
0,22,19.9,400.3,0,0,1,1,1,0,0,0,1,1,0,1,0,1,0,1,0,1,0,1,0,0,0,0,0,0,1,0.18509332308803275,3.6833571294518515
1,57,71.1,4140.1,0,1,1,0,1,0,1,0,0,0,0,0,1,0,1,0,0,0,1,0,0,1,0,1,1,0,0,0.1849922084961052,13.15294602407308
0,29,20.65,654.85,0,1,1,1,1,0,0,0,1,1,0,1,0,1,0,1,0,1,0,1,0,0,0,1,0,0,1,0.1849513774899757,3.819245945167998
0,12,49.85,552.1,0,0,0,0,0,1,0,0,0,0,1,0,0,0,1,0,1,0,0,0,1,0,1,0,0,0,1,0.18490647425869838,9.217587741796114
0,7,20.05,96.8,0,0,0,1,1,0,0,0,1,1,0,1,0,1,0,1,0,1,0,1,0,1,0,0,0,0,1,0.1848538493378092,3.706319679223075
0,13,55.15,742.9,0,0,0,0,1,0,0,0,0,0,1,0,0,0,0,0,1,0,0,0,0,1,0,0,0,0,1,0.18479459100095671,10.191421693702763
0,67,105.65,6717.9,0,0,1,1,1,0,1,1,0,0,0,0,0,0,1,0,1,0,1,0,1,0,1,1,0,0,0,0.18465697825327929,19.509009752458958
0,28,60.9,1785.65,0,1,1,0,1,0,0,0,0,0,1,0,1,0,0,0,1,0,0,0,0,0,0,0,0,0,1,0.1844962447132618,11.235821303037643
0,59,81.25,4639.45,0,0,1,0,1,0,0,1,0,0,1,0,0,0,1,0,0,0,0,0,0,1,0,1,1,0,0,0.1844153940368607,14.983750765494932
0,49,84.35,4059.35,1,1,1,0,1,0,1,0,0,0,1,0,0,0,1,0,1,0,1,0,1,1,0,0,0,1,0,0.18393247945316346,15.514704641874337
0,22,56.25,1292.2,0,1,1,0,1,0,0,0,0,0,1,0,0,0,0,0,1,0,0,0,0,1,0,1,1,0,0,0.18387103727693116,10.342745846827377
0,36,51.05,1815.0,0,0,1,1,1,0,0,0,0,0,1,0,0,0,0,0,0,0,0,0,0,0,0,0,1,0,0,0.18386611758992163,9.3863653029655
0,32,30.15,927.65,0,0,0,0,0,1,0,0,0,0,1,0,0,0,0,0,0,0,0,0,0,1,0,0,0,0,1,0.1838324270789515,5.542547676430388
0,43,50.2,2169.4,0,0,1,1,1,0,0,0,0,0,0,0,1,0,0,0,0,0,0,0,0,0,0,0,0,0,1,0.18368067505728622,9.220769887875768
0,41,79.85,3320.75,0,0,0,0,1,0,0,0,0,0,1,0,0,0,1,0,1,0,1,0,1,1,0,1,0,0,0,0.1829646299380396,14.609725700552461
0,17,56.1,946.95,0,1,0,0,1,0,0,0,0,0,1,0,1,0,0,0,0,0,0,0,0,1,0,0,0,0,1,0.18289203769129825,10.260243314481832
0,40,50.25,2023.55,0,0,0,0,1,0,0,0,0,0,0,0,0,0,1,0,0,0,0,0,0,1,0,1,0,0,1,0.18268030925996695,9.17968554031334
0,17,20.5,365.8,0,1,0,0,1,0,0,0,1,1,0,1,0,1,0,1,0,1,0,1,0,1,0,1,0,0,1,0.18253595132695807,3.7419870022026407
0,33,74.75,2453.3,0,1,1,1,1,0,0,0,0,0,1,0,0,0,1,0,0,0,1,0,1,1,0,0,1,0,0,0.1823421060716257,13.630072428854021
0,13,24.5,343.6,0,1,1,1,1,0,1,0,1,1,0,1,0,1,0,1,0,1,0,1,0,1,0,0,0,0,0,0.18175251553227031,4.452936630540623
0,71,108.05,7532.15,1,1,0,0,1,0,1,1,0,0,1,0,0,0,1,0,1,0,1,0,1,0,1,1,0,1,0,0.1817519537274453,19.63829860025046
0,10,19.5,225.85,0,1,0,0,1,0,0,0,1,1,0,1,0,1,0,1,0,1,0,1,0,1,0,0,0,0,1,0.18145795209959284,3.53843006594206
0,10,20.35,176.3,0,1,0,0,1,0,0,0,1,1,0,1,0,1,0,1,0,1,0,1,0,1,0,0,0,0,1,0.18073852670997237,3.678029018547938
1,59,82.95,4903.15,0,1,1,0,1,0,0,1,0,0,1,0,1,0,1,0,0,0,0,0,0,1,0,1,1,0,0,0.18073610930964723,14.992060267235239
0,72,105.0,7589.8,0,0,1,0,1,0,1,1,0,0,1,0,0,0,1,0,0,0,1,0,1,0,1,1,1,0,0,0.18023541460793685,18.92471853383337
1,65,105.85,6725.5,0,0,1,0,1,0,0,1,0,0,0,0,1,0,1,0,1,0,1,0,1,0,1,1,1,0,0,0.18023060711213784,19.07740976281979
0,14,55.7,795.15,0,0,0,0,1,0,0,0,0,0,1,0,0,0,0,0,1,0,0,0,0,1,0,0,0,0,1,0.18003579580555706,10.02799382636953
0,7,19.45,136.75,0,1,0,1,1,0,0,0,1,1,0,1,0,1,0,1,0,1,0,1,0,1,0,0,0,0,1,0.1799615358688017,3.500251872648193
0,60,44.45,2773.9,0,0,0,0,0,1,0,0,0,0,1,0,0,0,1,0,0,0,0,0,1,1,0,1,0,1,0,0.17991462151489077,7.997204926336895
0,53,78.75,3942.45,0,1,1,1,1,0,1,0,0,0,0,0,0,0,1,0,1,0,1,0,1,1,0,1,0,0,1,0.17990402739383926,14.167442157264842
0,49,100.65,4917.75,0,0,0,0,1,0,0,1,0,0,0,0,0,0,1,0,1,0,1,0,1,0,1,0,1,0,0,0.17949831706568897,18.066505612661597
0,11,20.0,211.95,0,0,0,0,1,0,0,0,1,1,0,1,0,1,0,1,0,1,0,1,0,1,0,0,0,0,1,0.17948440057999457,3.5896880115998915
1,14,19.65,228.65,0,1,1,0,1,0,0,0,1,1,0,1,0,1,0,1,0,1,0,1,0,1,0,0,0,0,1,0.1793821100692469,3.5248584628607014
0,68,86.45,5762.95,0,0,1,0,1,0,1,1,0,0,0,0,1,0,1,0,0,0,0,0,0,1,0,0,1,0,0,0.17935917825307013,15.505600959977913
0,43,34.0,1505.35,0,0,1,0,0,1,0,0,0,0,1,0,0,0,0,0,1,0,0,0,0,0,0,0,0,0,0,0.17883317417973785,6.080327922111087
0,25,20.6,541.5,0,1,0,0,1,0,0,0,1,1,0,1,0,1,0,1,0,1,0,1,0,0,0,0,0,0,1,0.17877748660813333,3.682816224127547
1,67,105.05,7171.7,0,1,0,0,1,0,0,1,0,0,1,0,1,0,0,0,1,0,1,0,1,0,1,1,0,1,0,0.17869266215362448,18.771664159238252
0,60,97.2,5611.75,0,0,1,0,1,0,0,1,0,0,1,0,0,0,0,0,1,0,1,0,1,0,1,1,0,1,0,0.17860624995631508,17.360527495753825
0,25,19.05,461.3,0,0,0,0,1,0,0,0,1,1,0,1,0,1,0,1,0,1,0,1,0,0,0,0,0,0,1,0.17858703452511537,3.402083007703448
0,16,19.3,360.35,0,0,0,1,1,0,0,0,1,1,0,1,0,1,0,1,0,1,0,1,0,1,0,1,0,0,0,0.1785084390448242,3.445212873565107
1,64,111.6,7099.0,0,1,1,1,1,0,1,1,0,0,1,0,0,0,1,0,1,0,1,0,1,0,1,1,0,0,0,0.17847647694910737,19.917974827520382
0,40,55.25,2139.2,1,1,0,1,1,0,0,0,0,0,1,0,1,0,0,0,0,0,0,0,0,0,0,1,0,0,1,0.17843928569493908,9.858770534645384
0,17,20.1,279.5,0,1,0,0,1,0,0,0,1,1,0,1,0,1,0,1,0,1,0,1,0,1,0,1,0,0,1,0.17833377250753338,3.584508827401421
0,9,20.25,172.35,0,0,1,1,1,0,0,0,1,1,0,1,0,1,0,1,0,1,0,1,0,1,0,0,0,0,1,0.1781590685047832,3.60772113722186
0,50,89.7,4304.5,0,0,0,0,1,0,0,1,0,0,0,0,0,0,1,0,1,0,0,0,1,0,1,1,0,0,0,0.17806311716103596,15.972261609344926
0,68,44.95,3085.35,0,0,0,0,0,1,0,0,0,0,0,0,1,0,0,0,1,0,0,0,1,0,0,0,0,1,0,0.17803447657935728,8.00264972224211
0,72,115.5,8425.15,0,0,1,1,1,0,1,1,0,0,1,0,1,0,1,0,1,0,1,0,1,0,1,1,0,1,0,0.17783764103650163,20.54024753971594
0,63,81.15,5224.5,0,0,1,0,1,0,0,1,0,0,1,0,0,0,1,0,0,0,0,0,0,1,0,1,1,0,0,0.17748833390982124,14.403178296781995
0,72,99.15,7422.1,0,1,1,0,1,0,1,1,0,0,1,0,1,0,1,0,0,0,0,0,1,0,1,1,0,1,0,0.17741222458554384,17.59042206765667
0,25,26.8,733.55,0,0,1,0,1,0,1,0,1,1,0,1,0,1,0,1,0,1,0,1,0,1,0,1,0,0,1,0.17729424733563015,4.751485828594888
0,25,61.6,1611.0,0,1,1,1,1,0,0,0,0,0,1,0,1,0,1,0,0,0,0,0,0,1,0,1,0,0,0,0.17724803730779018,10.918479098159874
0,11,20.05,237.7,0,0,0,0,1,0,0,0,1,1,0,1,0,1,0,1,0,1,0,1,0,1,0,0,1,0,0,0.1772313974531291,3.5534895189352387
1,38,70.15,2497.35,1,1,0,0,1,0,0,0,0,0,0,0,1,0,1,0,1,0,1,0,0,1,0,1,1,0,0,0.1770202260875619,12.41796886004247
0,72,110.6,7962.2,0,1,1,0,1,0,1,1,0,0,0,0,1,0,1,0,1,0,1,0,1,0,1,1,1,0,0,0.17662380706356903,19.534593061230733
0,65,104.3,6725.3,0,0,1,1,1,0,1,1,0,0,1,0,0,0,1,0,0,0,1,0,1,0,1,1,1,0,0,0.17662358619959928,18.421840040618203
0,12,19.8,202.25,0,1,1,0,1,0,0,0,1,1,0,1,0,1,0,1,0,1,0,1,0,1,0,0,0,0,0,0.17661293039481057,3.4969360218172496
1,72,98.35,6929.4,0,1,1,0,1,0,1,1,0,0,0,0,1,0,0,0,0,0,1,0,1,0,1,0,0,0,0,0.17650310216605172,17.359080098031185
0,68,89.95,5974.3,0,0,1,0,1,0,1,1,0,0,0,0,0,0,1,0,0,0,1,0,0,0,1,1,0,0,0,0.1764061987855627,15.867737580761366
0,68,113.15,7856.0,1,1,1,1,1,0,1,1,0,0,1,0,1,0,1,0,1,0,1,0,1,0,1,1,0,1,0,0.1760254920259499,19.91728442273623
0,56,85.85,4793.8,0,1,1,1,1,0,0,1,0,0,0,0,1,0,1,0,1,0,0,0,0,1,0,1,0,0,1,0.1758754546227849,15.098907779366082
0,28,50.8,1386.8,0,1,1,1,0,1,0,0,0,0,1,0,0,0,1,0,1,0,1,0,0,1,0,0,0,0,1,0.17584529721609066,8.932941098577405
0,61,111.6,6876.05,1,1,0,0,1,0,1,1,0,0,1,0,0,0,1,0,1,0,1,0,1,0,1,1,1,0,0,0.17577102741152661,19.61604665912637
1,58,89.85,5125.75,0,1,1,1,1,0,1,1,0,0,1,0,1,0,0,0,1,0,0,0,0,1,0,1,0,0,0,0.17575414895775385,15.791510283854182
0,15,19.5,239.75,0,1,1,1,1,0,0,0,1,1,0,1,0,1,0,1,0,1,0,1,0,1,0,1,0,0,1,0.1756978943134977,3.426108939113205
0,8,19.9,153.95,0,1,1,1,1,0,0,0,1,1,0,1,0,1,0,1,0,1,0,1,0,1,0,0,1,0,0,0.17565077409895136,3.495450404569132
0,24,24.6,592.65,0,1,0,0,1,0,1,0,1,1,0,1,0,1,0,1,0,1,0,1,0,1,0,0,0,1,0,0.17537956507338073,4.314337300805167
1,64,74.65,4869.35,0,0,0,0,1,0,1,0,0,0,0,0,1,0,1,0,1,0,0,0,1,0,0,0,1,0,0,0.17534232101027453,13.089304263416995
1,72,109.75,8075.35,0,0,1,0,1,0,1,1,0,0,1,0,0,0,1,0,1,0,1,0,1,0,1,1,0,0,1,0.17488587795031907,19.193725105047516
0,70,111.15,7737.55,0,0,0,0,1,0,1,1,0,0,1,0,1,0,1,0,0,0,1,0,1,0,1,1,0,0,1,0.17476331142276894,19.424942064640767
0,28,59.0,1654.45,0,0,0,0,1,0,1,0,0,0,1,0,0,0,1,0,0,0,0,0,0,1,0,0,0,0,1,0.1747409953758808,10.309718727176968
0,37,64.65,2347.85,0,0,0,0,1,0,1,0,0,0,1,0,0,0,0,0,0,0,1,0,0,1,0,0,0,0,0,0.17446171029204846,11.278949570380934
0,30,64.5,1929.95,0,1,0,1,1,0,0,0,0,0,0,0,1,0,1,0,0,0,1,0,0,1,0,0,1,0,0,0.17419070530678932,11.23530049228791
0,72,110.65,8065.65,0,0,1,0,1,0,1,1,0,0,1,0,1,0,1,0,0,0,1,0,1,0,1,1,1,0,0,0.17405959610864172,19.259694309421207
1,22,20.05,417.0,0,0,0,0,1,0,0,0,1,1,0,1,0,1,0,1,0,1,0,1,0,1,0,1,0,0,1,0.1740356352479022,3.489414486720439
0,11,19.5,226.8,0,1,0,0,1,0,0,0,1,1,0,1,0,1,0,1,0,1,0,1,0,1,0,0,0,0,1,0.1738449558152446,3.3899766383972696
1,57,93.75,5625.55,0,1,0,0,1,0,1,1,0,0,1,0,0,0,0,0,1,0,0,0,1,0,1,0,0,1,0,0.1738359118331822,16.29711673436083
0,25,54.75,1266.35,0,0,0,1,1,0,0,0,0,0,0,0,1,0,0,0,1,0,0,0,0,1,0,1,1,0,0,0.17377282639515496,9.514062245134733
0,31,19.55,658.95,1,0,1,1,1,0,0,0,1,1,0,1,0,1,0,1,0,1,0,1,0,0,0,1,0,0,1,0.1735273042743468,3.3924587985634798
0,65,105.1,6631.85,0,1,0,0,1,0,1,1,0,0,0,0,1,0,1,0,0,0,1,0,1,0,1,0,1,0,0,0.17345369765729646,18.229983623781855
0,12,19.7,260.9,0,0,0,0,1,0,0,0,1,1,0,1,0,1,0,1,0,1,0,1,0,1,0,0,0,0,1,0.17340214135050805,3.4160221846050085
0,71,95.65,6856.95,0,0,1,0,1,0,1,1,0,0,1,0,1,0,0,0,0,0,1,0,0,1,0,0,0,0,1,0.17337793533990448,16.583599515261863
0,14,81.95,1181.75,0,1,1,0,1,0,0,0,0,0,0,0,1,0,1,0,1,0,1,0,1,0,1,0,0,0,1,0.1730090002032769,14.178087566658542
0,25,53.65,1355.45,0,1,1,1,1,0,0,0,0,0,0,0,1,0,1,0,0,0,0,0,0,1,0,0,0,0,1,0.1727477110793553,9.267914699407411
1,71,56.45,3985.35,0,1,0,0,0,1,0,0,0,0,1,0,1,0,0,0,0,0,1,0,1,1,0,1,0,1,0,0.17271863166847304,9.749966757685304
0,7,38.55,280.0,0,1,1,1,0,1,0,0,0,0,1,0,1,0,1,0,0,0,0,0,0,0,1,0,0,0,1,0.17270920140712293,6.657939714244589
0,3,26.4,121.25,0,1,0,1,1,0,1,0,1,1,0,1,0,1,0,1,0,1,0,1,0,0,1,1,0,0,1,0.17256977681707988,4.555842107970909
0,22,20.15,432.5,0,1,0,1,1,0,0,0,1,1,0,1,0,1,0,1,0,1,0,1,0,0,0,0,1,0,0,0.17254489801364867,3.4767796949750203
1,22,25.6,548.8,0,0,1,0,1,0,1,0,1,1,0,1,0,1,0,1,0,1,0,1,0,1,0,0,0,0,0,0.17211348208958493,4.4061051414933745
0,29,58.75,1696.2,0,1,0,0,1,0,0,0,0,0,1,0,1,0,0,0,1,0,0,0,0,1,0,1,0,1,0,0.17209399551613327,10.11052223657283
0,13,54.15,701.05,0,0,1,1,1,0,0,0,0,0,1,0,0,0,0,0,1,0,0,0,0,1,0,0,0,0,0,0.17177738659412053,9.301745484071626
0,20,20.0,416.45,0,0,1,0,1,0,0,0,1,1,0,1,0,1,0,1,0,1,0,1,0,1,0,1,0,0,1,0.17171865253077329,3.4343730506154655
0,12,19.3,228.75,0,0,0,0,1,0,0,0,1,1,0,1,0,1,0,1,0,1,0,1,0,1,0,0,0,0,1,0.17151091393703805,3.3101606389848346
0,40,61.9,2647.1,0,1,0,0,1,0,0,0,0,0,1,0,1,0,0,0,1,0,0,0,0,0,0,1,0,0,1,0.1714759960877698,10.61436415783295
0,41,78.35,3211.2,0,0,1,1,1,0,1,0,0,0,1,0,1,0,1,0,0,0,1,0,0,1,0,1,1,0,0,0.17129079751225756,13.420633985085379
0,64,99.0,6375.8,0,0,1,0,1,0,0,1,0,0,1,0,0,0,1,0,0,0,1,0,1,0,1,1,0,0,0,0.17120934246206357,16.949724903744293
0,39,51.05,2066.0,0,0,1,1,1,0,0,0,0,0,1,0,0,0,0,0,0,0,0,0,0,0,0,0,1,0,0,0.17118884873521245,8.739190727932595
0,49,55.35,2633.95,0,1,1,0,1,0,1,0,0,0,1,0,0,0,0,0,0,0,0,0,0,1,0,1,0,1,0,0.17115547196787076,9.473455373421647
0,72,112.25,8041.65,0,1,1,1,1,0,1,1,0,0,0,0,1,0,1,0,1,0,1,0,1,0,1,1,0,0,0,0.17087124760527367,19.18029754369197
0,26,20.9,518.3,0,1,0,0,1,0,0,0,1,1,0,1,0,1,0,1,0,1,0,1,0,0,0,0,0,0,1,0.17074622088900518,3.568596016580208
0,36,63.7,2188.5,0,1,1,1,1,0,0,0,0,0,1,0,0,0,1,0,0,0,0,0,1,1,0,1,1,0,0,0.17072447654445433,10.875149155881742
0,64,84.3,5289.05,0,1,0,0,1,0,1,1,0,0,1,0,1,0,0,0,0,0,0,0,0,1,0,1,1,0,0,0.17033190072608245,14.35897923120875
0,65,99.35,6347.55,0,1,1,0,1,0,1,1,0,0,1,0,1,0,1,0,0,0,1,0,0,0,1,1,0,1,0,0.17025962887029394,16.915294128263703
0,71,108.6,7690.9,1,1,1,0,1,0,1,1,0,0,0,0,1,0,1,0,1,0,1,0,1,0,1,1,1,0,0,0.17019751196344285,18.48344979922989
0,8,76.15,645.8,0,1,1,1,1,0,1,0,0,0,1,0,1,0,0,0,1,0,0,0,1,0,1,1,1,0,0,0.17008202845106862,12.951746466548876
0,57,90.45,5229.8,0,1,0,0,1,0,1,1,0,0,0,0,0,0,0,0,1,0,1,0,0,0,1,1,1,0,0,0.17000279233376714,15.376752566589238
0,58,109.1,6393.65,0,0,1,0,1,0,1,1,0,0,1,0,1,0,0,0,1,0,1,0,1,0,1,1,1,0,0,0.16934754124592338,18.47581674993024
0,41,66.5,2728.6,1,0,1,1,1,0,0,0,0,0,0,0,1,0,0,0,1,0,0,0,1,1,0,1,0,0,0,0.16916709407199323,11.24961175578755
0,71,105.55,7405.5,0,1,1,1,1,0,1,1,0,0,1,0,0,0,1,0,0,0,1,0,1,0,1,0,0,1,0,0.16894415106066704,17.832055144453406
0,12,20.05,264.55,0,0,1,0,1,0,0,0,1,1,0,1,0,1,0,1,0,1,0,1,0,0,1,1,0,1,0,0.1687294950414077,3.3830263755802243
0,54,70.7,3770.0,0,1,1,1,1,0,1,0,0,0,0,0,1,0,0,0,1,0,1,0,0,1,0,1,0,1,0,0.16863156903415535,11.922251930714785
0,68,83.65,5733.4,0,0,1,1,1,0,1,1,0,0,0,0,1,0,0,0,1,0,0,0,0,1,0,1,0,0,0,0.16851167389005628,14.096001520903208
0,10,20.45,242.4,0,1,1,1,1,0,0,0,1,1,0,1,0,1,0,1,0,1,0,1,0,1,0,0,0,0,1,0.16838245449112318,3.443421194343469
0,41,68.5,2839.95,0,1,1,1,1,0,1,0,0,0,0,0,1,0,1,0,0,0,1,0,0,1,0,0,0,0,0,0.16838081380986422,11.5340857459757
0,18,61.5,1087.45,0,0,1,1,1,0,0,0,0,0,1,0,1,0,0,0,1,0,0,0,0,1,0,1,0,0,1,0.16811169994492228,10.33886954661272
0,9,20.1,190.25,0,1,0,1,1,0,0,0,1,1,0,1,0,1,0,1,0,1,0,1,0,1,0,0,0,0,1,0.16805294271496746,3.377864148570846
0,48,96.9,4473.45,0,1,1,0,1,0,1,1,0,0,1,0,1,0,1,0,0,0,1,0,0,0,1,1,0,0,0,0.16787594990277338,16.267179545578742
0,71,104.15,7365.3,0,1,1,0,1,0,1,1,0,0,0,0,1,0,0,0,1,0,1,0,1,0,1,1,1,0,0,0.16776309606142512,17.47252645479743
0,21,77.5,1625.0,1,1,1,1,1,0,1,0,0,0,1,0,1,0,0,0,1,0,1,0,0,1,0,0,0,0,1,0.16763338528476718,12.991587359569456
0,28,20.5,563.05,0,0,1,0,1,0,0,0,1,1,0,1,0,1,0,1,0,1,0,1,0,0,0,0,0,0,1,0.16759200739299543,3.4356361515564062
0,53,54.9,3045.75,0,1,0,0,0,1,0,0,0,0,0,0,0,0,1,0,1,0,1,0,1,1,0,0,1,0,0,0.1675438883796133,9.19815947204077
0,61,94.35,5703.0,0,0,1,0,1,0,1,1,0,0,0,0,1,0,0,0,1,0,0,0,1,0,1,1,0,0,0,0.16753473914497616,15.8069026383285
0,42,54.55,2455.05,0,0,0,0,1,0,0,0,0,0,1,0,0,0,1,0,0,0,0,0,0,0,0,0,1,0,0,0.16742315957102025,9.132933354599153
0,13,20.2,273.25,0,0,0,0,1,0,0,0,1,1,0,1,0,1,0,1,0,1,0,1,0,1,0,0,0,0,1,0.1672393361647313,3.378234590527572
0,72,109.75,7758.9,0,1,1,0,1,0,1,1,0,0,0,0,1,0,1,0,1,0,1,0,1,0,1,1,1,0,0,0.16723446866858518,18.353982936377225
0,72,108.05,7806.6,0,0,0,0,1,0,1,1,0,0,0,0,1,0,1,0,1,0,1,0,1,0,1,1,1,0,0,0.16674947980356086,18.01728129277475
0,72,104.9,7537.5,0,1,1,1,1,0,1,1,0,0,1,0,1,0,1,0,1,0,0,0,1,1,0,1,1,0,0,0.16656772131574762,17.472953966021926
0,59,113.75,6561.25,0,1,1,0,1,0,1,1,0,0,1,0,1,0,1,0,1,0,1,0,1,0,1,0,0,1,0,0.16649943328142003,18.93931053576153
0,46,35.05,1620.25,0,0,1,1,0,1,0,0,0,0,1,0,1,0,0,0,0,0,0,0,0,0,0,0,0,0,0,0.16622439824716193,5.826165158563025
0,11,20.6,233.9,0,0,1,1,1,0,0,0,1,1,0,1,0,1,0,1,0,1,0,1,0,1,0,0,0,0,1,0.16621646149579322,3.4240591068133406
0,33,59.4,1952.8,0,0,0,0,1,0,1,0,0,0,1,0,0,0,0,0,1,0,0,0,0,1,0,0,0,1,0,0.1661906804577834,9.871726419192333
1,63,108.5,6991.9,0,1,1,0,1,0,1,1,0,0,1,0,1,0,1,0,0,0,1,0,1,0,1,0,1,0,0,0.16599825999312973,18.010811209254577
0,48,102.5,4904.25,0,0,0,0,1,0,0,1,0,0,1,0,0,0,1,0,1,0,1,0,1,0,1,1,1,0,0,0.16587723231623583,17.002416312414173
0,69,105.1,7234.8,0,0,1,1,1,0,1,1,0,0,1,0,1,0,1,0,1,0,1,0,0,1,0,1,1,0,0,0.16579862095083195,17.425435061932436
1,67,102.9,6989.7,0,1,1,0,1,0,1,1,0,0,0,0,1,0,0,0,1,0,1,0,1,0,1,0,0,0,0,0.16576005715317063,17.05670988106126
0,12,20.05,267.0,0,1,0,0,1,0,0,0,1,1,0,1,0,1,0,1,0,1,0,1,0,1,0,0,1,0,0,0.1656162467594816,3.3206057475276065
0,54,84.4,4484.05,0,1,0,0,1,0,0,1,0,0,1,0,0,0,1,0,1,0,0,0,0,1,0,0,0,1,0,0.1655670189233354,13.973856397129508
0,64,109.2,6741.15,0,1,1,1,1,0,1,1,0,0,0,0,1,0,1,0,1,0,1,0,1,0,1,1,1,0,0,0.16535134353575026,18.05636671410393
1,67,116.1,7839.85,0,1,0,0,1,0,1,1,0,0,1,0,1,0,1,0,1,0,1,0,1,0,1,1,1,0,0,0.16509589952691095,19.16763393507436
0,50,82.5,4179.1,0,0,0,0,1,0,1,0,0,0,1,0,0,0,1,0,1,0,1,0,1,1,0,1,1,0,0,0.16498065071756407,13.610903684199036
0,46,55.65,2688.85,0,0,0,0,1,0,0,0,0,0,0,0,0,0,0,0,0,0,0,0,1,1,0,0,1,0,0,0.16493318800402956,9.178531912424244
0,65,109.3,7337.55,0,0,1,1,1,0,1,1,0,0,1,0,0,0,1,0,1,0,1,0,1,0,1,0,0,1,0,0.16475108390270685,18.00729347056586
1,72,114.65,8333.95,0,0,1,0,1,0,1,1,0,0,1,0,1,0,1,0,1,0,1,0,1,0,1,1,0,0,0,0.16468712514444883,18.88137889781106
0,31,75.5,2424.45,0,1,1,0,1,0,0,0,0,0,1,0,1,0,1,0,1,0,0,0,1,1,0,1,1,0,0,0.16466174582920118,12.431961810104688
1,72,114.85,8317.95,0,0,1,0,1,0,1,1,0,0,1,0,1,0,1,0,1,0,1,0,1,0,1,1,0,0,0,0.1643631040882014,18.87710250452993
1,72,116.05,8404.9,0,1,1,0,1,0,1,1,0,0,1,0,1,0,1,0,1,0,1,0,1,0,1,1,0,0,0,0.16429053011154193,19.06591601944444
0,69,105.35,7240.65,0,0,1,0,1,0,1,1,0,0,0,0,0,0,1,0,1,0,1,0,1,0,1,0,0,0,0,0.16396790759114963,17.27401906472761
0,19,19.7,386.5,0,1,0,0,1,0,0,0,1,1,0,1,0,1,0,1,0,1,0,1,0,1,0,1,1,0,0,0.16385196268859112,3.227883664965245
0,49,78.0,3824.2,0,0,1,1,1,0,0,0,0,0,0,0,1,0,1,0,0,0,1,0,1,1,0,0,1,0,0,0.16375969641422414,12.773256320309482
0,62,89.1,5411.65,0,1,1,1,1,0,1,1,0,0,0,0,0,0,1,0,0,0,1,0,0,0,1,1,1,0,0,0.16321268236627826,14.542249998835391
0,41,74.7,3187.65,0,0,1,1,1,0,0,0,0,0,1,0,0,0,0,0,1,0,1,0,1,1,0,1,1,0,0,0.16321073355671956,12.191841796686951
0,20,19.35,433.75,0,0,0,0,1,0,0,0,1,1,0,1,0,1,0,1,0,1,0,1,0,1,0,1,1,0,0,0.1631347877648754,3.156658143250339
0,48,73.85,3581.4,0,0,0,0,1,0,1,0,0,0,0,0,1,0,1,0,1,0,1,0,0,1,0,1,0,0,0,0.1631256257587996,12.04682746228735
0,12,19.8,229.6,1,0,1,1,1,0,0,0,1,1,0,1,0,1,0,1,0,1,0,1,0,1,0,0,0,0,0,0.16301601744721267,3.227717145454811
1,17,20.65,330.6,0,0,0,0,1,0,0,0,1,1,0,1,0,1,0,1,0,1,0,1,0,1,0,0,0,0,1,0.16283114987653619,3.362463244950472
0,49,71.8,3472.05,0,0,1,0,1,0,1,0,0,0,1,0,1,0,1,0,0,0,0,0,1,1,0,0,0,1,0,0.1627078506494454,11.68242367663018
0,72,105.55,7542.25,0,1,1,1,1,0,1,1,0,0,1,0,0,0,1,0,0,0,1,0,1,0,1,1,0,0,0,0.16250581265651168,17.152488525894807
0,43,115.05,4895.1,0,0,0,0,1,0,1,1,0,0,1,0,1,0,1,0,1,0,1,0,1,0,1,0,1,0,0,0.16210451141130036,18.650124037870107
0,30,85.35,2530.4,1,0,0,0,1,0,0,0,0,0,1,0,1,0,1,0,1,0,1,0,1,1,0,0,0,0,0,0.16207528559086287,13.833125625180145
1,18,20.35,369.6,0,0,0,0,1,0,0,0,1,1,0,1,0,1,0,1,0,1,0,1,0,1,0,0,0,0,0,0.16203702749727092,3.2974535095694635
1,72,115.75,8443.7,0,0,1,0,1,0,1,1,0,0,1,0,1,0,1,0,1,0,1,0,1,0,1,1,1,0,0,0.16202099522534044,18.753930197333155
0,54,108.0,5760.65,0,1,0,0,1,0,1,1,0,0,1,0,1,0,0,0,1,0,1,0,1,0,1,1,1,0,0,0.16195852441974862,17.49152063733285
0,68,103.75,7039.45,0,0,1,1,1,0,1,1,0,0,0,0,1,0,0,0,1,0,1,0,1,0,1,1,1,0,0,0.161911873399375,16.798356865185156
0,33,53.75,1857.3,0,0,1,0,1,0,0,0,0,0,0,0,1,0,0,0,1,0,0,0,0,1,0,1,1,0,0,0.1617703739124654,8.695157597795015
0,0,61.9,0.0,0,1,0,1,1,0,1,0,0,0,1,0,1,0,0,0,1,0,0,0,0,0,1,1,0,0,0,0.16168707178136477,10.008429743266479
0,52,49.75,2535.55,0,0,0,0,1,0,0,0,0,0,1,0,0,0,0,0,0,0,0,0,0,0,0,1,0,0,0,0.16122837086952138,8.021111450758688
1,60,110.0,6668.35,0,0,1,0,1,0,0,1,0,0,1,0,1,0,1,0,1,0,1,0,1,0,1,1,0,0,0,0.16102511445140433,17.712762589654474
0,20,19.7,415.9,0,1,0,0,1,0,0,0,1,1,0,1,0,1,0,1,0,1,0,1,0,1,0,1,0,0,1,0.1609906852998643,3.1715165004073267
0,13,19.45,270.2,0,1,0,0,1,0,0,0,1,1,0,1,0,1,0,1,0,1,0,1,0,1,0,0,0,0,1,0.160870904645717,3.128939095359195
0,30,19.65,655.85,1,0,1,0,1,0,0,0,1,1,0,1,0,1,0,1,0,1,0,1,0,0,0,0,0,0,0,0.1608679876420929,3.1610559571671253
0,58,65.25,3791.6,0,0,1,0,1,0,0,0,0,0,1,0,1,0,0,0,0,0,1,0,0,0,0,1,1,0,0,0.1607317502695296,10.487746705086806
0,42,80.45,3375.9,0,1,1,0,1,0,1,0,0,0,1,0,0,0,0,0,1,0,1,0,1,1,0,0,1,0,0,0.16063825324819406,12.923347473817213
0,14,20.4,275.7,0,1,0,0,1,0,0,0,1,1,0,1,0,1,0,1,0,1,0,1,0,1,0,0,0,0,0,0.16060846974347065,3.276412782766801
1,20,54.0,1055.9,0,1,0,0,1,0,0,0,0,0,1,0,0,0,0,0,1,0,0,0,0,1,0,0,0,0,1,0.16025215488170302,8.653616363611963
0,36,35.35,1317.95,0,1,1,0,0,1,0,0,0,0,1,0,0,0,1,0,0,0,0,0,0,1,0,0,0,0,1,0.1600418920648043,5.657480884490832
0,69,110.05,7430.75,0,1,0,0,1,0,1,1,0,0,1,0,1,0,1,0,0,0,1,0,1,0,1,1,1,0,0,0.16000374916555252,17.608412595669055
1,69,87.3,6055.55,0,0,1,0,1,0,0,1,0,0,1,0,1,0,0,0,0,0,0,0,1,1,0,0,1,0,0,0.15995393495959653,13.963978521972777
0,50,90.1,4549.45,0,1,0,0,1,0,0,1,0,0,1,0,1,0,1,0,1,0,0,0,0,1,0,1,1,0,0,0.15988962724659594,14.406055414918294
0,29,19.85,573.05,0,0,1,0,1,0,0,0,1,1,0,1,0,1,0,1,0,1,0,1,0,0,0,0,0,0,1,0.15985923040604344,3.1732057235599624
1,30,69.1,2093.9,0,1,0,0,1,0,1,0,0,0,0,0,0,0,1,0,1,0,1,0,0,0,1,1,1,0,0,0.1597450752551433,11.038384700130402
0,67,111.05,7321.05,0,1,1,0,1,0,0,1,0,0,1,0,1,0,1,0,1,0,1,0,1,0,1,1,0,1,0,0.1596166875726507,17.725433154942863
0,70,114.6,7882.5,0,1,0,1,1,0,1,1,0,0,1,0,1,0,1,0,1,0,1,0,1,0,1,1,0,1,0,0.15951039271127893,18.279891004712564
0,37,75.1,2658.8,0,0,1,1,1,0,0,0,0,0,1,0,1,0,0,0,0,0,1,0,1,1,0,0,0,0,0,0.15925189848500074,11.959817576223555
0,58,45.35,2540.1,0,0,1,0,0,1,0,0,0,0,1,0,1,0,0,0,0,0,1,0,0,1,0,1,0,1,0,0.1592434438066417,7.221690176631202
1,72,117.35,8436.25,0,0,0,0,1,0,1,1,0,0,1,0,1,0,1,0,1,0,1,0,1,0,1,1,1,0,0,0.15912144035691425,18.672901025883885
0,72,109.2,7711.45,0,0,1,1,1,0,1,1,0,0,0,0,1,0,1,0,1,0,1,0,1,0,1,1,0,0,0,0.15886348672193606,17.34789275003542
0,30,70.4,2044.75,0,1,0,0,1,0,0,0,0,0,1,0,1,0,0,0,1,0,1,0,0,1,0,0,0,1,0,0.15834086330337416,11.147196776557541
0,32,19.45,674.55,0,1,1,1,1,0,0,0,1,1,0,1,0,1,0,1,0,1,0,1,0,0,0,1,1,0,0,0.1583376754288124,3.0796677870904015
0,64,115.1,7334.05,0,0,0,0,1,0,1,1,0,0,1,0,1,0,1,0,1,0,1,0,1,0,1,1,0,0,0,0.15801536041976416,18.187567984314853
1,14,39.7,692.35,0,0,0,0,0,1,0,0,0,0,1,0,0,0,1,0,1,0,0,0,0,0,1,0,0,0,1,0.15801201373528542,6.273076945290832
0,55,64.2,3627.3,0,1,0,0,1,0,0,0,0,0,0,0,1,0,0,0,1,0,0,0,1,1,0,1,0,1,0,0.15798361849065196,10.142548307099856
0,29,35.6,1072.6,0,1,0,0,0,1,0,0,0,0,1,0,0,0,0,0,1,0,0,0,0,1,0,0,0,0,1,0.15769496711813916,5.613940829405754
0,25,20.05,471.7,0,0,0,1,1,0,0,0,1,1,0,1,0,1,0,1,0,1,0,1,0,0,0,0,1,0,0,0.1574521578851266,3.1569157655967883
0,72,114.0,8093.15,0,1,1,1,1,0,1,1,0,0,1,0,1,0,1,0,1,0,1,0,1,0,1,1,0,1,0,0.15741329700271514,17.945115858309528
1,72,116.75,8277.05,0,0,1,0,1,0,1,1,0,0,1,0,1,0,1,0,1,0,1,0,1,0,1,1,1,0,0,0.15718535419576568,18.351390102355644
0,13,19.3,259.65,0,1,0,0,1,0,0,0,1,1,0,1,0,1,0,1,0,1,0,1,0,1,0,0,1,0,0,0.1571713804662499,3.033407642998623
0,23,40.65,947.4,0,1,0,1,0,1,0,0,0,0,1,0,1,0,0,0,1,0,0,0,0,1,0,0,0,0,0,0.15693419234417863,6.3793749187908615
1,59,79.2,4590.35,0,0,0,0,1,0,1,1,0,0,0,0,1,0,0,0,0,0,0,0,0,0,1,1,1,0,0,0.1567302114914737,12.413032750124717
0,14,61.4,815.55,0,1,1,1,1,0,0,0,0,0,1,0,1,0,0,0,0,0,0,0,1,0,1,1,0,0,0,0.15666725655039523,9.619369552194268
0,41,25.25,996.45,0,1,0,0,1,0,1,0,1,1,0,1,0,1,0,1,0,1,0,1,0,0,0,1,0,0,0,0.15663685430215946,3.9550805711295265
0,52,61.35,3169.55,0,1,1,0,1,0,1,0,0,0,0,0,1,0,0,0,1,0,0,0,0,0,0,0,0,0,0,0.1564525553526129,9.598364270882803
0,18,23.75,424.5,0,1,0,0,1,0,1,0,1,1,0,1,0,1,0,1,0,1,0,1,0,1,0,0,0,0,1,0.15640842881386982,3.7147001843294083
0,25,20.8,460.2,0,1,0,1,1,0,0,0,1,1,0,1,0,1,0,1,0,1,0,1,0,0,0,0,0,0,1,0.15616132143768902,3.2481554859039314
0,28,54.4,1516.6,0,1,0,1,1,0,0,0,0,0,0,0,1,0,0,0,1,0,0,0,0,1,0,1,1,0,0,0.15610153053786877,8.49192326126006
1,66,70.85,4738.85,0,0,1,0,1,0,1,0,0,0,0,0,1,0,1,0,0,0,1,0,0,1,0,1,0,0,0,0.1558083994735033,11.039025102697709
0,14,19.35,324.8,0,1,0,0,1,0,0,0,1,1,0,1,0,1,0,1,0,1,0,1,0,1,0,0,0,0,1,0.1557868333238197,3.0144752248159117
1,71,115.05,8016.6,0,1,1,0,1,0,1,1,0,0,1,0,1,0,1,0,1,0,1,0,1,0,1,1,0,0,0,0.1552989932026412,17.86714916796387
0,34,30.4,938.65,0,1,1,1,0,1,0,0,0,0,1,0,0,0,0,0,0,0,0,0,0,1,0,0,0,0,0,0.15527701193207882,4.720421162735196
0,21,20.35,422.7,0,1,0,0,1,0,0,0,1,1,0,1,0,1,0,1,0,1,0,1,0,1,0,1,0,0,1,0.15519122247842498,3.158141377435949
1,70,113.0,7987.6,0,0,1,0,1,0,1,1,0,0,1,0,1,0,1,0,1,0,1,0,1,0,1,1,1,0,0,0.15506160209694791,17.521961036955116
0,45,81.3,3541.1,0,0,1,1,1,0,1,0,0,0,1,0,1,0,1,0,1,0,1,0,0,0,0,0,0,0,1,0.15463792836107643,12.572063575755513
0,40,70.75,2921.75,0,1,1,0,1,0,1,0,0,0,0,0,1,0,0,0,1,0,1,0,0,1,0,0,1,0,0,0.15448007824991233,10.929465536181297
0,42,59.65,2536.55,0,0,0,0,1,0,0,0,0,0,1,0,1,0,1,0,0,0,0,0,0,0,0,0,0,0,0,0.15436978589972777,9.208157728918762
0,66,89.0,5898.6,0,0,1,0,1,0,1,1,0,0,1,0,1,0,0,0,1,0,0,0,0,1,0,0,0,1,0,0.1542240715482661,13.725942367795682
1,72,114.5,8331.95,0,1,1,0,1,0,1,1,0,0,1,0,1,0,1,0,1,0,1,0,1,0,1,1,0,0,1,0.15415920931530533,17.65122946660246
0,48,70.95,3629.2,0,1,0,0,1,0,1,0,0,0,1,0,0,0,0,0,1,0,0,0,1,1,0,1,0,0,0,0.15400776680897102,10.926851055096494
0,72,110.3,7966.9,0,1,1,1,1,0,1,1,0,0,1,0,1,0,1,0,0,0,1,0,1,0,1,1,0,0,0,0.15368730977704953,16.95171026840856
0,68,85.5,5696.6,0,1,1,1,1,0,1,1,0,0,1,0,1,0,0,0,0,0,0,0,0,1,0,1,0,0,0,0.15324701137322952,13.102619472411124
0,72,110.9,8240.85,0,1,1,0,1,0,1,1,0,0,1,0,0,0,1,0,1,0,1,0,1,0,1,1,1,0,0,0.1531289171524826,16.981996912210324
0,33,24.25,838.5,0,0,1,1,1,0,1,0,1,1,0,1,0,1,0,1,0,1,0,1,0,0,0,0,0,0,0,0.1530211234182252,3.7107622428919615
0,16,20.1,318.6,0,0,0,0,1,0,0,0,1,1,0,1,0,1,0,1,0,1,0,1,0,1,0,0,0,0,0,0.15290152616575278,3.073320675931631
0,71,95.75,6849.4,0,0,1,1,1,0,1,1,0,0,0,0,1,0,1,0,0,0,0,0,1,0,1,1,1,0,0,0.1527712266572263,14.627844952429419
0,72,90.8,6511.8,0,1,1,1,1,0,1,1,0,0,0,0,0,0,1,0,0,0,0,0,1,0,1,1,1,0,0,0.1525793885785264,13.854208482930197
0,71,109.0,7661.8,0,0,1,1,1,0,1,1,0,0,1,0,1,0,1,0,0,0,1,0,1,0,1,1,0,0,0,0.15248849188861663,16.621245615859213
1,69,105.4,6998.95,0,0,1,0,1,0,1,1,0,0,0,0,1,0,0,0,1,0,1,0,1,0,1,0,1,0,0,0.15239842885131022,16.062794400928098
0,29,19.35,601.6,0,0,0,0,1,0,0,0,1,1,0,1,0,1,0,1,0,1,0,1,0,0,0,0,1,0,0,0.15237122646731657,2.948383232142576
0,27,48.7,1421.75,0,1,1,0,1,0,0,0,0,0,1,0,0,0,0,0,0,0,0,0,0,1,0,0,1,0,0,0.1522090411097122,7.412580302042985
0,52,75.4,3865.45,0,1,1,0,1,0,0,0,0,0,1,0,1,0,0,0,0,0,1,0,1,1,0,1,0,0,1,0.1520027476191422,11.461007170483324
0,15,18.8,294.95,0,1,1,0,1,0,0,0,1,1,0,1,0,1,0,1,0,1,0,1,0,1,0,0,0,0,1,0.1518603096182796,2.8549738208236564
0,56,75.75,4284.65,0,1,0,0,1,0,0,0,0,0,0,0,1,0,0,0,1,0,1,0,1,1,0,1,0,0,0,0.15185334163929262,11.502890629176417
0,71,99.0,6994.6,0,1,1,0,1,0,1,1,0,0,1,0,1,0,1,0,0,0,1,0,0,0,1,1,0,1,0,0.15179517683637536,15.02772250680116
0,43,35.2,1463.7,0,1,0,0,0,1,0,0,0,0,1,0,0,0,1,0,0,0,0,0,0,1,0,1,1,0,0,0.15176859798886005,5.342254649207875
0,43,66.25,2907.35,0,1,1,0,1,0,1,0,0,0,1,0,1,0,0,0,1,0,0,0,0,0,0,0,0,0,0,0.1515426330441671,10.03969943917607
1,72,102.65,7550.3,0,1,1,0,1,0,1,1,0,0,1,0,1,0,1,0,0,0,0,0,1,0,1,1,1,0,0,0.15151965812254217,15.553492906278954
0,22,19.25,412.55,0,0,0,0,1,0,0,0,1,1,0,1,0,1,0,1,0,1,0,1,0,1,0,1,0,0,1,0.1513905085229933,2.914267289067621
0,61,93.7,5860.7,0,0,1,0,1,0,0,1,0,0,1,0,1,0,0,0,1,0,0,0,1,1,0,0,0,0,0,0.15138643973167065,14.18490940285754
0,15,20.1,302.45,0,0,0,0,1,0,0,0,1,1,0,1,0,1,0,1,0,1,0,1,0,1,0,0,1,0,0,0.15108853688259702,3.0368795913402002
0,43,71.9,3173.35,0,1,1,1,1,0,1,0,0,0,1,0,0,0,0,0,1,0,0,0,1,1,0,1,1,0,0,0.1510418651540063,10.859910104573054
0,58,68.4,3972.25,0,0,1,0,1,0,1,0,0,0,1,0,0,0,0,0,1,0,0,0,1,1,0,1,0,1,0,0.1508811624561854,10.320271512003083
0,59,111.1,6555.2,0,1,1,1,1,0,1,1,0,0,1,0,1,0,0,0,1,0,1,0,1,0,1,1,0,0,1,0.15027582705802547,16.69564438614663
0,32,61.4,1864.65,0,0,1,1,1,0,0,0,0,0,1,0,1,0,0,0,1,0,0,0,0,0,0,0,0,0,0,0.15012539011217144,9.217698952887327
1,72,109.7,7898.45,0,1,1,0,1,0,1,1,0,0,0,0,1,0,1,0,1,0,1,0,1,0,1,0,1,0,0,0.15004950405663559,16.460430595012923
0,71,97.65,6687.85,0,1,0,0,1,0,1,1,0,0,1,0,0,0,0,0,1,0,0,0,1,1,0,0,1,0,0,0.1499845667453365,14.64599294268211
0,46,30.75,1489.3,0,1,0,0,0,1,0,0,0,0,1,0,0,0,0,0,0,0,0,0,0,1,0,1,0,0,0,0.14994946173574372,4.61094594837412
0,72,115.15,8349.7,0,0,1,0,1,0,1,1,0,0,1,0,1,0,1,0,1,0,1,0,1,0,1,0,0,1,0,0.1495348070931397,17.218933036775038
0,0,25.75,0.0,0,1,1,1,1,0,1,0,1,1,0,1,0,1,0,1,0,1,0,1,0,0,1,0,0,0,1,0.1494490139896515,3.848312110233526
0,45,51.0,2264.5,0,0,1,1,0,1,0,0,0,0,0,0,1,0,1,0,1,0,0,0,1,1,0,0,0,0,0,0.14916950132412207,7.607644567530226
0,0,25.35,0.0,0,1,1,1,1,0,1,0,1,1,0,1,0,1,0,1,0,1,0,1,0,0,1,0,0,0,1,0.1489098798820359,3.7748654550096106
0,15,19.8,304.6,0,1,0,0,1,0,0,0,1,1,0,1,0,1,0,1,0,1,0,1,0,1,0,0,0,0,1,0.14890958726751796,2.948409827896856
0,29,69.05,1958.45,0,1,1,1,1,0,1,0,0,0,1,0,0,0,0,0,1,0,1,0,0,1,0,0,0,0,0,0.14887430208009791,10.27977055863076
0,63,104.5,6590.8,0,1,0,0,1,0,1,1,0,0,1,0,1,0,1,0,1,0,1,0,0,1,0,0,1,0,0,0.1487406362068742,15.543396483618354
0,8,65.5,564.35,0,0,1,0,1,0,0,0,0,0,1,0,0,0,0,0,1,0,0,0,1,0,1,0,0,0,1,0.14848696689655713,9.725896331724492
0,59,61.35,3645.5,0,1,0,0,1,0,0,0,0,0,0,0,0,0,1,0,0,0,0,0,1,1,0,1,0,0,0,0.14840101963531704,9.1044025546267
0,72,111.9,8071.05,0,1,1,0,1,0,1,1,0,0,1,0,0,0,1,0,1,0,1,0,1,0,1,1,1,0,0,0.14840010609419513,16.605971871940437
0,10,53.7,521.0,0,1,1,1,0,1,0,0,0,0,1,0,1,0,1,0,1,0,0,0,1,0,1,0,1,0,0,0.14826815845206684,7.96200010887599
1,72,110.1,7746.7,0,0,0,0,1,0,1,1,0,0,1,0,1,0,0,0,1,0,1,0,1,0,1,1,0,0,0,0.14781357232000827,16.27427431243291
0,70,98.3,6859.5,1,1,1,1,1,0,1,1,0,0,0,0,1,0,0,0,0,0,1,0,1,0,1,0,0,0,0,0.147538552205602,14.503039681810677
0,71,116.1,8310.55,0,1,1,0,1,0,1,1,0,0,1,0,1,0,1,0,1,0,1,0,1,0,1,1,0,0,0,0.14718434692755156,17.088102678288735
0,16,20.1,296.15,0,0,0,0,1,0,0,0,1,1,0,1,0,1,0,1,0,1,0,1,0,1,0,0,0,0,1,0.1471513670271996,2.9577424772467125
0,16,19.05,326.65,0,0,0,0,1,0,0,0,1,1,0,1,0,1,0,1,0,1,0,1,0,1,0,0,0,0,1,0.14682436535056653,2.7970041599282927
0,69,99.15,6875.35,0,0,1,0,1,0,1,1,0,0,1,0,0,0,0,0,0,0,1,0,1,0,1,0,0,0,0,0.1466781652275742,14.543140082313984
0,72,117.15,8529.5,0,0,1,0,1,0,1,1,0,0,1,0,1,0,1,0,1,0,1,0,1,0,1,1,1,0,0,0.1466559162047583,17.180740583387436
0,64,89.45,5692.65,0,1,1,0,1,0,1,1,0,0,1,0,1,0,1,0,0,0,0,0,0,1,0,0,0,0,0,0.1464860203072288,13.103174516481616
0,68,102.1,7149.35,0,1,0,0,1,0,1,1,0,0,1,0,1,0,1,0,0,0,0,0,1,0,1,1,0,0,0,0.14647462433185773,14.955059144282673
0,32,19.4,641.15,0,0,1,0,1,0,0,0,1,1,0,1,0,1,0,1,0,1,0,1,0,0,0,0,0,0,0,0.14637458283020055,2.8396669069058906
0,14,19.55,294.5,0,0,1,1,1,0,0,0,1,1,0,1,0,1,0,1,0,1,0,1,0,1,0,0,0,0,1,0.14628851509972407,2.859940470199606
0,17,19.9,323.15,0,0,0,0,1,0,0,0,1,1,0,1,0,1,0,1,0,1,0,1,0,1,0,0,0,0,0,0.14613325309519803,2.9080517365944405
0,13,20.0,218.55,0,1,1,1,1,0,0,0,1,1,0,1,0,1,0,1,0,1,0,1,0,1,0,0,0,0,1,0.1460723256663149,2.921446513326298
0,39,35.55,1309.15,0,1,0,0,0,1,0,0,0,0,0,0,0,0,1,0,1,0,0,0,0,1,0,0,0,0,1,0.14592027034533173,5.187465610776543
0,72,84.5,6130.85,0,1,1,1,1,0,1,1,0,0,0,0,0,0,0,0,0,0,0,0,1,0,1,1,1,0,0,0.14591636038344327,12.329932452400957
0,68,109.05,7508.55,0,0,1,1,1,0,1,1,0,0,1,0,0,0,1,0,1,0,1,0,1,0,1,1,0,0,0,0.14582909145725098,15.902662423413219
0,25,20.2,507.9,0,0,1,0,1,0,0,0,1,1,0,1,0,1,0,1,0,1,0,1,0,1,0,1,0,0,0,0.1456830552423843,2.942797715896163
0,55,77.8,4323.35,0,1,0,0,1,0,1,0,0,0,0,0,0,0,1,0,0,0,1,0,1,0,1,1,0,0,0,0.14532377571806576,11.306189750865515
0,24,78.6,1846.65,0,0,1,1,1,0,1,0,0,0,1,0,0,0,1,0,0,0,1,0,1,0,1,0,1,0,0,0.14498027346062733,11.395449494005307
0,60,79.05,4663.4,0,1,1,1,1,0,0,0,0,0,1,0,1,0,0,0,1,0,1,0,1,0,0,1,1,0,0,0.14479019565974155,11.44566496690257
0,55,50.55,2832.75,0,0,0,0,1,0,0,0,0,0,1,0,0,0,0,0,0,0,0,0,0,0,0,1,1,0,0,0.14474037702598938,7.316626058663763
0,23,19.65,478.1,0,0,0,0,1,0,0,0,1,1,0,1,0,1,0,1,0,1,0,1,0,1,0,1,1,0,0,0.14471962607578323,2.8437406523891404
0,42,78.45,3373.4,0,0,0,0,1,0,1,0,0,0,0,0,0,0,1,0,1,0,1,0,1,0,1,1,1,0,0,0.1446612051683995,11.348671545460942
0,72,115.5,8312.75,0,0,1,0,1,0,1,1,0,0,1,0,1,0,1,0,1,0,1,0,1,0,1,1,0,0,0,0.1446277767803574,16.70450821813128
0,17,19.35,307.0,0,0,1,0,1,0,0,0,1,1,0,1,0,1,0,1,0,1,0,1,0,1,0,0,0,0,1,0.1445486341905236,2.797016071586632
0,47,86.95,4138.9,0,1,0,0,1,0,0,0,0,0,1,0,1,0,1,0,1,0,1,0,1,1,0,1,0,0,0,0.1443744545450652,12.55335882269342
0,53,53.6,2879.2,0,0,0,0,0,1,0,0,0,0,1,0,1,0,1,0,1,0,1,0,0,1,0,1,0,1,0,0.1443304959920588,7.736114585174352
0,72,115.8,8424.9,0,1,1,0,1,0,1,1,0,0,1,0,1,0,1,0,1,0,1,0,1,0,1,1,0,0,0,0.14425358256754886,16.704564861322158
0,72,110.15,7881.2,0,0,1,0,1,0,1,1,0,0,1,0,0,0,1,0,1,0,1,0,1,0,1,1,1,0,0,0.1441382623023541,15.876829592604306
0,43,60.0,2548.55,0,1,0,0,1,0,0,0,0,0,0,0,1,0,0,0,0,0,0,0,1,0,1,1,0,1,0,0.14403466890469238,8.642080134281542
0,72,116.95,8594.4,0,1,1,0,1,0,1,1,0,0,1,0,1,0,1,0,1,0,1,0,1,0,1,1,1,0,0,0.14397689482993925,16.838097850361397
0,72,118.75,8672.45,0,0,1,1,1,0,1,1,0,0,1,0,1,0,1,0,1,0,1,0,1,0,1,1,0,0,0,0.14382292821984843,17.078972726107
0,27,19.15,537.35,0,1,0,1,1,0,0,0,1,1,0,1,0,1,0,1,0,1,0,1,0,0,0,0,0,0,1,0.14334832993823163,2.7451205183171354
0,16,19.35,295.55,0,0,0,0,1,0,0,0,1,1,0,1,0,1,0,1,0,1,0,1,0,1,0,0,1,0,0,0.14327273022473977,2.7723273298487148
0,36,75.55,2680.15,0,0,0,0,1,0,0,0,0,0,1,0,1,0,1,0,1,0,0,0,1,1,0,1,0,0,1,0.14314696340803615,10.81475308547713
0,28,20.25,535.35,0,0,0,1,1,0,0,0,1,1,0,1,0,1,0,1,0,1,0,1,0,0,0,0,0,0,1,0.14290198036673266,2.8937651024263364
0,17,20.15,353.65,0,0,0,0,1,0,0,0,1,1,0,1,0,1,0,1,0,1,0,1,0,1,0,0,0,0,1,0.14272129929807983,2.8758341808563084
1,70,75.65,5411.4,0,0,1,0,1,0,1,1,0,0,0,0,0,0,0,0,0,0,0,0,0,0,1,1,1,0,0,0.14250056060887448,10.780167410061354
0,14,19.75,309.35,0,1,1,1,1,0,0,0,1,1,0,1,0,1,0,1,0,1,0,1,0,1,0,0,0,0,1,0.142417673992479,2.8127490613514605
0,3,71.1,213.35,0,0,0,0,1,0,0,0,0,0,1,0,1,0,0,0,1,0,0,0,1,0,1,0,0,0,1,0.1424007249444648,10.124691543551446
0,45,78.8,3597.5,0,1,1,0,1,0,0,0,0,0,1,0,1,0,1,0,0,0,1,0,1,1,0,0,0,0,0,0.14213813965710287,11.200485404979705
0,37,19.35,683.75,0,0,1,1,1,0,0,0,1,1,0,1,0,1,0,1,0,1,0,1,0,0,0,0,0,1,0,0.1419708707544045,2.7471363490977274
0,58,82.5,4828.05,0,1,1,1,1,0,1,1,0,0,0,0,0,0,0,0,0,0,1,0,0,0,1,0,0,0,0,0.14190074662198296,11.706811596313594
0,71,106.75,7283.25,0,0,0,0,1,0,1,1,0,0,1,0,1,0,1,0,0,0,1,0,1,0,1,1,1,0,0,0.1416445162594006,15.120552110691015
0,25,20.95,495.15,0,1,1,0,1,0,0,0,1,1,0,1,0,1,0,1,0,1,0,1,0,1,0,1,0,0,0,0.1415957743400157,2.9664314724233285
0,68,99.55,6668.0,0,1,1,1,1,0,0,1,0,0,1,0,0,0,0,0,1,0,1,0,1,0,1,1,0,1,0,0.14142433604389162,14.07879265316941
0,23,91.1,2198.3,0,0,1,1,1,0,1,0,0,0,1,0,1,0,1,0,1,0,1,0,1,0,1,1,1,0,0,0.141203797855917,12.863665984674038
0,15,20.55,295.95,0,0,1,1,1,0,0,0,1,1,0,1,0,1,0,1,0,1,0,1,0,1,0,0,0,0,1,0.14119850059713246,2.901629187271072
0,32,19.9,601.55,0,0,0,0,1,0,0,0,1,1,0,1,0,1,0,1,0,1,0,1,0,0,0,0,0,0,0,0.1411802979886705,2.8094879299745426
0,50,75.5,4025.6,0,1,1,1,1,0,0,0,0,0,1,0,0,0,0,0,1,0,1,0,1,1,0,0,0,1,0,0.1411203552258755,10.6545868195536
0,48,95.5,4627.85,1,0,0,1,1,0,0,1,0,0,0,0,1,0,1,0,1,0,1,0,0,0,1,1,0,0,1,0.14106127041048427,13.471351324201247
0,23,66.25,1533.8,0,0,1,1,1,0,0,0,0,0,1,0,1,0,1,0,1,0,0,0,0,1,0,1,0,0,1,0.1410436477098161,9.344141660775316
0,72,110.45,8058.85,0,0,1,1,1,0,1,1,0,0,1,0,0,0,1,0,1,0,1,0,1,0,1,1,0,0,0,0.14085060760379361,15.556949609839005
0,42,60.15,2421.6,0,0,0,0,1,0,1,0,0,0,1,0,1,0,0,0,0,0,0,0,0,1,0,1,0,0,0,0.14060092841649988,8.457145844252468
0,60,80.55,4847.05,0,0,0,0,1,0,1,0,0,0,0,0,0,0,1,0,1,0,1,0,1,1,0,0,1,0,0,0.1399782998283232,11.275252051171432
1,53,60.05,3229.65,1,1,1,0,1,0,1,0,0,0,1,0,0,0,0,0,1,0,0,0,0,1,0,1,0,1,0,0.13986294291860807,8.398769722262415
0,36,85.85,3003.55,0,0,0,0,1,0,0,0,0,0,1,0,1,0,1,0,1,0,1,0,1,1,0,0,0,0,0,0.13951229285926234,11.977130341967671
0,15,20.35,335.95,0,0,1,1,1,0,0,0,1,1,0,1,0,1,0,1,0,1,0,1,0,1,0,0,1,0,0,0.1395047928364386,2.838922534221526
1,21,20.5,429.55,0,1,0,0,1,0,0,0,1,1,0,1,0,1,0,1,0,1,0,1,0,1,0,0,0,0,0,0.13948894477073698,2.859523367800108
0,17,19.55,280.85,0,0,0,0,1,0,0,0,1,1,0,1,0,1,0,1,0,1,0,1,0,1,0,0,0,0,1,0.13947830324324262,2.7268008284053935
1,33,24.9,847.8,0,1,0,0,1,0,1,0,1,1,0,1,0,1,0,1,0,1,0,1,0,1,0,1,0,0,0,0.13936618310465276,3.4702179593058537
0,17,20.05,337.9,0,0,0,0,1,0,0,0,1,1,0,1,0,1,0,1,0,1,0,1,0,1,0,0,1,0,0,0.139258875597226,2.792140455724381
0,54,69.9,3883.3,0,1,0,0,1,0,0,0,0,0,1,0,1,0,0,0,1,0,1,0,0,0,0,1,0,0,1,0.13919371089376767,9.72964039147436
1,71,86.7,6179.35,0,1,1,1,1,0,0,1,0,0,1,0,1,0,1,0,0,0,0,0,0,1,0,1,0,0,0,0.13912498139814497,12.062135887219169
0,43,51.25,2151.6,0,0,1,1,0,1,0,0,0,0,1,0,1,0,0,0,1,0,1,0,0,1,0,1,0,0,0,0.1387727098958127,7.1121013821604
0,39,40.3,1630.4,0,0,0,0,0,1,0,0,0,0,1,0,1,0,0,0,1,0,0,0,0,1,0,1,0,0,0,0.13844333408683435,5.579266363699424
0,18,20.1,407.05,0,0,0,0,1,0,0,0,1,1,0,1,0,1,0,1,0,1,0,1,0,1,0,0,0,0,1,0.13813960741550477,2.776606109051646
0,69,112.55,7806.5,0,1,1,0,1,0,1,1,0,0,1,0,1,0,1,0,1,0,1,0,1,0,1,1,0,0,0,0.13812439157896472,15.54590027221248
0,36,54.45,1893.5,0,0,0,0,1,0,1,0,0,0,1,0,0,0,0,0,0,0,0,0,0,1,0,0,0,0,1,0.1380333906506403,7.515918120927364
0,69,95.2,6671.7,0,1,1,1,1,0,0,1,0,0,0,0,0,0,0,0,1,0,1,0,1,0,1,1,1,0,0,0.1380199298653191,13.139497323178379
0,38,24.25,914.4,0,0,0,0,1,0,1,0,1,1,0,1,0,1,0,1,0,1,0,1,0,1,0,1,0,1,0,0.1378559911355685,3.3430077850375364
0,70,113.65,7939.25,0,0,0,0,1,0,1,1,0,0,1,0,1,0,1,0,1,0,1,0,1,0,1,1,0,0,0,0.13784880683135964,15.666516896384024
0,72,113.65,8182.75,0,0,1,0,1,0,1,1,0,0,1,0,1,0,1,0,1,0,1,0,1,0,1,1,0,0,0,0.1378304455799544,15.66443014016182
1,72,115.75,8399.15,0,1,1,1,1,0,1,1,0,0,1,0,1,0,1,0,1,0,1,0,1,0,1,1,1,0,0,0.13762691734778043,15.930315683005585
0,47,66.05,3021.45,0,0,1,0,1,0,0,0,0,0,1,0,0,0,1,0,0,0,1,0,0,1,0,1,1,0,0,0.13743476874728222,9.07756647575799
0,63,79.7,4786.15,0,0,1,0,1,0,1,0,0,0,1,0,1,0,0,0,0,0,1,0,1,1,0,1,1,0,0,0.1373393551405432,10.945946604701295
1,72,114.95,8196.4,0,1,1,1,1,0,1,1,0,0,1,0,1,0,1,0,1,0,1,0,1,0,1,1,0,0,0,0.13722952042004383,15.774533372284038
0,64,94.6,5948.7,0,0,1,0,1,0,1,1,0,0,1,0,0,0,1,0,0,0,1,0,0,0,1,1,1,0,0,0.1371915652495979,12.978322072611961
0,72,115.55,8312.4,0,0,1,0,1,0,1,1,0,0,1,0,1,0,1,0,1,0,1,0,1,0,1,1,1,0,0,0.13718532049765364,15.851763783503877
0,62,81.45,4983.05,0,1,1,1,1,0,0,1,0,0,1,0,1,0,0,0,0,0,0,0,0,1,0,1,1,0,0,0.13711766121445276,11.168233505917177
0,33,20.05,669.45,0,0,1,0,1,0,0,0,1,1,0,1,0,1,0,1,0,1,0,1,0,0,0,0,0,0,1,0.1370880886886252,2.7486161782069356
0,72,95.1,6843.15,0,0,1,1,1,0,1,1,0,0,1,0,1,0,0,0,0,0,1,0,0,0,1,1,0,1,0,0.13706949398122784,13.035308877614767
0,27,55.45,1477.65,0,1,0,0,1,0,0,0,0,0,1,0,1,0,0,0,0,0,0,0,0,1,0,0,0,0,0,0.13703069306777502,7.598351930608125
0,15,19.65,332.65,0,1,1,1,1,0,0,0,1,1,0,1,0,1,0,1,0,1,0,1,0,1,0,0,0,0,1,0.1367826585687048,2.687779240875049
0,72,108.4,7767.25,0,1,1,1,1,0,1,1,0,0,1,0,1,0,1,0,0,0,1,0,1,0,1,1,1,0,0,0.13658035827248569,14.80531083673745
0,17,19.95,310.6,0,1,0,0,1,0,0,0,1,1,0,1,0,1,0,1,0,1,0,1,0,1,0,0,0,0,1,0.13649950270407238,2.723165078946244
0,23,57.75,1282.85,0,0,1,1,1,0,0,0,0,0,1,0,1,0,0,0,1,0,0,0,0,1,0,1,0,0,1,0.136333171196486,7.873240636597067
0,25,19.5,516.3,0,1,0,0,1,0,0,0,1,1,0,1,0,1,0,1,0,1,0,1,0,1,0,1,0,0,0,0.13610910104159513,2.654127470311105
0,33,80.6,2651.1,0,1,0,0,1,0,0,1,0,0,0,0,1,0,0,0,1,0,0,0,0,0,1,0,0,0,0,0.13610324374330723,10.969921445710563
0,72,109.9,7624.2,0,0,0,0,1,0,0,1,0,0,1,0,1,0,1,0,1,0,1,0,1,0,1,1,0,1,0,0.13597804801766536,14.943987477141423
0,44,54.3,2390.45,0,1,1,0,0,1,0,0,0,0,0,0,1,0,1,0,0,0,1,0,1,0,1,0,0,0,0,0.13591663969611958,7.380273535499293
1,36,54.1,1992.85,0,1,1,0,1,0,0,0,0,0,0,0,0,0,1,0,1,0,0,0,0,1,0,0,1,0,0,0.13574515498039558,7.343812884439401
0,29,39.5,1082.75,0,0,0,0,0,1,0,0,0,0,1,0,1,0,0,0,1,0,0,0,0,1,0,0,1,0,0,0.135596513949402,5.356062301001379
0,52,68.75,3482.85,0,1,1,1,1,0,0,0,0,0,0,0,1,0,1,0,1,0,1,0,0,1,0,1,0,1,0,0.13558732234361612,9.321628411123609
0,57,70.1,3913.3,1,0,1,1,1,0,0,0,0,0,1,0,0,0,0,0,0,0,1,0,1,1,0,1,0,0,0,0.13546498121680223,9.496095183297836
0,71,115.15,8078.1,0,0,1,0,1,0,1,1,0,0,1,0,1,0,1,0,1,0,1,0,1,0,1,1,1,0,0,0.13512893719067604,15.560097117506347
1,61,64.05,3902.6,0,1,1,0,1,0,1,0,0,0,0,0,1,0,0,0,0,0,0,0,1,1,0,0,0,0,0,0.13502911299500506,8.648614687330074
1,64,80.3,5017.7,0,1,1,0,1,0,0,1,0,0,1,0,0,0,1,0,0,0,0,0,0,1,0,0,1,0,0,0.1349573932501245,10.837078677984998
0,71,108.55,7616.0,0,1,1,0,1,0,1,1,0,0,1,0,0,0,1,0,1,0,1,0,1,0,1,1,1,0,0,0.13495499360790983,14.649364556138611
0,15,19.65,270.6,0,0,0,1,1,0,0,0,1,1,0,1,0,1,0,1,0,1,0,1,0,1,0,0,0,0,1,0.13488444027802912,2.6504792514632722
0,72,116.85,8477.7,0,0,1,1,1,0,1,1,0,0,1,0,1,0,1,0,1,0,1,0,1,0,1,1,0,0,0,0.13486467642610847,15.758937440390774
1,48,29.9,1388.75,0,0,1,1,0,1,0,0,0,0,0,0,1,0,0,0,0,0,0,0,0,1,0,0,0,0,0,0.13470394208089778,4.0276478682188435
0,27,69.35,1927.3,0,1,0,0,1,0,0,0,0,0,1,0,0,0,1,0,1,0,1,0,0,1,0,0,1,0,0,0.13452667702664078,9.329425051797537
0,24,24.6,605.25,0,0,0,0,1,0,1,0,1,1,0,1,0,1,0,1,0,1,0,1,0,1,0,0,0,0,0,0.13430503984366032,3.303903980154044
0,70,98.7,6858.9,0,1,1,0,1,0,1,1,0,0,0,0,1,0,1,0,1,0,0,0,1,0,1,1,0,0,0,0.1342998041812844,13.255390672692771
0,41,20.45,775.6,0,0,0,0,1,0,0,0,1,1,0,1,0,1,0,1,0,1,0,1,0,0,0,0,0,1,0,0.1340297217445492,2.7409078096760306
0,23,24.8,615.35,0,0,0,0,1,0,1,0,1,1,0,1,0,1,0,1,0,1,0,1,0,1,0,0,1,0,0,0.1337722208092956,3.317551076070531
0,18,20.1,401.85,0,1,0,0,1,0,0,0,1,1,0,1,0,1,0,1,0,1,0,1,0,1,0,0,0,0,1,0.1335523377345295,2.6844019884640433
0,53,104.05,5566.4,0,0,1,1,1,0,1,1,0,0,1,0,1,0,1,0,1,0,0,0,1,0,1,1,0,0,0,0.13354070619746713,13.894910479846455
0,72,115.8,8476.5,0,0,1,1,1,0,1,1,0,0,1,0,1,0,1,0,1,0,1,0,1,0,1,1,0,0,0,0.13353012185063057,15.46278811030302
0,70,104.0,7250.15,1,1,0,0,1,0,1,1,0,0,1,0,0,0,0,0,1,0,1,0,1,0,1,1,1,0,0,0.133363196107103,13.869772395138714
0,18,19.65,411.25,0,1,0,0,1,0,0,0,1,1,0,1,0,1,0,1,0,1,0,1,0,1,0,0,0,0,1,0.13330420845586796,2.619427696157805
0,71,85.45,6028.95,0,1,0,1,1,0,1,1,0,0,1,0,1,0,0,0,0,0,0,0,0,1,0,1,1,0,0,0.1332754473279325,11.388386974171834
0,61,59.8,3641.5,0,0,1,1,1,0,1,0,0,0,1,0,1,0,0,0,0,0,0,0,0,0,0,0,0,1,0,0.13319374767199346,7.964986110785208
0,17,20.75,418.25,0,0,1,1,1,0,0,0,1,1,0,1,0,1,0,1,0,1,0,1,0,1,0,0,0,0,1,0.13310695167593475,2.7619692472756463
0,58,94.35,5563.65,0,1,1,1,1,0,1,1,0,0,0,0,0,0,1,0,1,0,0,0,1,0,1,0,0,0,0,0.1330730602919496,12.555443238545443
0,1,20.45,20.45,0,1,0,0,1,0,0,0,1,1,0,1,0,1,0,1,0,1,0,1,0,0,1,0,0,0,1,0.13283553583167515,2.7164867077577566
0,72,109.2,7878.3,0,1,0,0,1,0,1,1,0,0,0,0,1,0,1,0,1,0,1,0,1,0,1,0,0,0,0,0.1328076614199376,14.502596627057187
0,38,19.6,717.3,0,1,1,1,1,0,0,0,1,1,0,1,0,1,0,1,0,1,0,1,0,0,0,0,0,1,0,0.13273702116671182,2.601645614867552
0,67,108.75,7156.2,1,0,1,1,1,0,1,1,0,0,1,0,0,0,1,0,1,0,1,0,1,0,1,1,1,0,0,0.13249150837308502,14.408451535572995
0,34,64.4,2088.75,1,0,0,0,1,0,1,0,0,0,1,0,1,0,0,0,1,0,0,0,0,1,0,1,0,0,1,0.1322718534915136,8.518307364853477
0,56,68.75,3808.0,0,0,1,1,1,0,1,0,0,0,1,0,0,0,1,0,0,0,0,0,1,1,0,1,0,0,0,0.13217948909596963,9.087339875347912
0,42,54.5,2301.15,0,1,1,1,1,0,0,0,0,0,1,0,1,0,0,0,0,0,0,0,0,0,0,0,0,0,1,0.13215595815654238,7.20249971953156
1,71,109.7,7904.25,0,0,1,0,1,0,0,1,0,0,1,0,1,0,1,0,1,0,1,0,1,0,1,1,0,0,0,0.1319424371563759,14.474085356054438
0,55,55.7,3131.8,0,0,1,1,1,0,0,0,0,0,1,0,1,0,0,0,0,0,0,0,0,0,0,0,0,1,0,0.13186095751762714,7.344655333731832
0,68,114.7,7849.85,0,1,1,1,1,0,1,1,0,0,1,0,1,0,1,0,1,0,1,0,1,0,1,1,0,0,0,0.1317728096902833,15.114341271475494
0,47,25.4,1139.2,0,1,1,0,1,0,1,0,1,1,0,1,0,1,0,1,0,1,0,1,0,0,0,0,0,1,0,0.13155327566014122,3.3414532017675866
0,72,116.45,8013.55,0,0,0,0,1,0,1,1,0,0,1,0,1,0,1,0,1,0,1,0,1,0,1,1,0,0,0,0.13152998823907938,15.316667130440795
0,67,89.55,6038.55,0,1,1,1,1,0,1,1,0,0,1,0,1,0,0,0,1,0,0,0,0,1,0,0,0,1,0,0.13140498122420333,11.767316068627407
0,41,35.45,1391.65,0,0,1,0,0,1,0,0,0,0,0,0,1,0,0,0,1,0,0,0,0,1,0,0,0,0,1,0.13122404444251148,4.651892375487033
0,68,79.6,5461.45,0,1,0,0,1,0,0,1,0,0,0,0,1,0,1,0,0,0,0,0,0,1,0,0,1,0,0,0.13107079277044187,10.433235104527173
0,48,45.0,2196.3,0,0,1,1,0,1,0,0,0,0,1,0,0,0,1,0,0,0,0,0,1,1,0,0,1,0,0,0.13098874831710713,5.894493674269821
0,33,58.45,1955.4,0,0,1,1,1,0,0,0,0,0,1,0,1,0,1,0,0,0,0,0,0,1,0,1,0,0,1,0.13097596216366986,7.655544988466503
0,37,35.8,1316.9,0,1,0,0,0,1,0,0,0,0,0,0,0,0,0,0,0,0,1,0,0,0,1,0,1,0,0,0.1307062547915426,4.679283921537225
0,34,60.8,2042.05,0,0,1,1,1,0,0,0,0,0,1,0,1,0,1,0,0,0,0,0,0,1,0,1,0,0,1,0.13061660202091954,7.941489402871908
0,25,74.3,1863.8,1,0,0,0,1,0,0,0,0,0,1,0,1,0,1,0,1,0,1,0,0,1,0,0,0,0,1,0.130463617613339,9.693446788671087
0,70,115.15,8250.0,0,0,1,1,1,0,1,1,0,0,1,0,1,0,1,0,1,0,1,0,1,0,1,1,1,0,0,0.13038065829968165,15.013332803208343
0,72,117.6,8308.9,0,0,1,1,1,0,1,1,0,0,1,0,1,0,1,0,1,0,1,0,1,0,1,1,0,0,0,0.13034347786429104,15.328392996840625
0,51,76.4,3966.3,0,1,1,1,1,0,0,0,0,0,1,0,0,0,0,0,1,0,1,0,1,1,0,1,0,0,0,0.1303420760397994,9.958134609440673
0,20,20.35,393.15,0,0,1,0,1,0,0,0,1,1,0,1,0,1,0,1,0,1,0,1,0,1,0,0,0,0,1,0.13006119613825948,2.6467453414135806
1,65,92.7,5968.4,0,1,1,0,1,0,1,1,0,0,1,0,1,0,0,0,0,0,1,0,0,0,1,1,1,0,0,0.12996044832943615,12.047333560138732
0,0,20.0,0.0,0,0,1,1,1,0,0,0,1,1,0,1,0,1,0,1,0,1,0,1,0,0,1,0,0,0,1,0.12988534897418208,2.5977069794836414
0,69,84.45,5848.6,0,0,1,1,1,0,1,1,0,0,1,0,0,0,1,0,0,0,0,0,0,1,0,0,0,0,0,0.12985057825868393,10.965881333945859
1,57,79.75,4438.2,0,1,0,0,1,0,1,0,0,0,0,0,1,0,1,0,0,0,1,0,1,0,1,1,0,0,0,0.1298156084210801,10.352794771581136
0,71,116.05,8297.5,0,1,1,1,1,0,1,1,0,0,1,0,1,0,1,0,1,0,1,0,1,0,1,1,0,0,0,0.12978994780271086,15.062123442504594
0,17,19.9,329.75,0,1,1,1,1,0,0,0,1,1,0,1,0,1,0,1,0,1,0,1,0,1,0,0,0,0,0,0.12938712927586932,2.5748038725897993
0,72,116.4,8543.25,0,0,1,1,1,0,1,1,0,0,1,0,1,0,1,0,1,0,1,0,1,0,1,1,1,0,0,0.12932265205478338,15.053156699176787
0,19,20.25,383.65,0,0,0,0,1,0,0,0,1,1,0,1,0,1,0,1,0,1,0,1,0,1,0,0,1,0,0,0.1288360011199675,2.6089290226793422
0,72,113.65,8124.2,0,0,1,0,1,0,1,1,0,0,1,0,1,0,1,0,1,0,1,0,1,0,1,1,1,0,0,0.1287840973407925,14.636312662781068
0,26,19.6,471.85,0,1,0,0,1,0,0,0,1,1,0,1,0,1,0,1,0,1,0,1,0,1,0,1,0,0,0,0.12878317536928402,2.524150237237967
0,68,105.25,7173.15,0,1,1,1,1,0,0,1,0,0,1,0,1,0,1,0,0,0,1,0,1,0,1,1,0,0,0,0.12875953787000652,13.551941360818185
0,69,60.8,4263.4,0,1,1,0,0,1,0,0,0,0,0,0,1,0,1,0,1,0,1,0,1,1,0,1,1,0,0,0.12867680019704666,7.823549451980437
0,31,80.55,2471.6,0,0,1,1,1,0,1,0,0,0,0,0,1,0,0,0,1,0,1,0,1,0,1,0,0,0,0,0.12861944244940562,10.360296089299622
0,50,44.45,2188.45,0,1,1,0,0,1,0,0,0,0,1,0,0,0,0,0,1,0,1,0,0,1,0,1,0,0,0,0.12849773643069096,5.711724384344214
0,37,26.45,911.6,0,0,1,1,1,0,1,0,1,1,0,1,0,1,0,1,0,1,0,1,0,0,0,0,0,0,1,0.12835190381630734,3.3949078559413293
0,24,52.5,1208.15,0,0,1,1,0,1,0,0,0,0,1,0,1,0,1,0,1,0,0,0,1,0,1,1,0,0,1,0.12818935612274757,6.729941196444247
0,6,20.4,107.6,0,1,1,1,1,0,0,0,1,1,0,1,0,1,0,1,0,1,0,1,0,0,1,1,1,0,0,0.1280266995687408,2.6117446712023122
0,36,76.35,2606.35,0,0,0,0,1,0,0,0,0,0,1,0,1,0,1,0,1,0,1,0,0,1,0,1,0,0,1,0.1279462373889435,9.768695224645835
0,25,19.9,505.45,0,1,1,1,1,0,0,0,1,1,0,1,0,1,0,1,0,1,0,1,0,1,0,0,0,1,0,0.127900507555151,2.545220100347505
0,12,25.4,313.0,0,1,1,1,1,0,1,0,1,1,0,1,0,1,0,1,0,1,0,1,0,0,1,1,0,0,0,0.12778714841518754,3.2457935697457634
0,70,114.95,7711.25,0,1,0,0,1,0,1,1,0,0,1,0,1,0,1,0,1,0,1,0,1,0,1,1,0,0,0,0.1277559699066999,14.685548740775154
0,48,34.7,1604.5,1,0,1,0,0,1,0,0,0,0,0,0,1,0,1,0,0,0,0,0,0,1,0,0,0,0,1,0.1274779723426973,4.423485640291597
0,34,20.35,673.2,0,0,0,0,1,0,0,0,1,1,0,1,0,1,0,1,0,1,0,1,0,0,0,0,0,0,1,0.1273880102979188,2.5923460095626476
0,15,65.6,1010.0,0,0,0,1,1,0,0,0,0,0,1,0,1,0,1,0,1,0,0,0,0,1,0,0,1,0,0,0.12732427255536935,8.352472279632229
0,23,20.0,445.3,0,1,1,1,1,0,0,0,1,1,0,1,0,1,0,1,0,1,0,1,0,1,0,1,1,0,0,0.12729600403369323,2.5459200806738647
0,25,25.3,676.35,1,1,0,0,1,0,1,0,1,1,0,1,0,1,0,1,0,1,0,1,0,1,0,0,0,0,0,0.1271850996250187,3.2177830205129734
0,72,116.8,8456.75,0,0,1,1,1,0,1,1,0,0,1,0,1,0,1,0,1,0,1,0,1,0,1,1,1,0,0,0.12708974514557383,14.844082233003023
0,47,73.6,3522.65,0,1,1,0,1,0,0,0,0,0,0,0,1,0,1,0,0,0,1,0,1,0,1,0,0,1,0,0.12698516268082488,9.34610797330871
0,26,20.65,595.5,0,1,0,0,1,0,0,0,1,1,0,1,0,1,0,1,0,1,0,1,0,1,0,1,1,0,0,0.1269824313733031,2.6221872078587087
0,20,20.65,417.5,0,1,1,0,1,0,0,0,1,1,0,1,0,1,0,1,0,1,0,1,0,1,0,0,0,0,1,0.12696814628881112,2.6218922208639492
0,48,111.8,5443.65,0,1,1,1,1,0,1,1,0,0,1,0,1,0,1,0,1,0,1,0,1,0,1,0,1,0,0,0.12692412939027561,14.190117665832814
0,43,55.45,2444.25,0,0,0,0,1,0,0,0,0,0,0,0,1,0,0,0,1,0,0,0,0,1,0,0,0,1,0,0.12691484069943268,7.0374279167835425
0,16,54.85,916.15,0,1,0,0,0,1,0,0,0,0,1,0,1,0,1,0,1,0,1,0,0,0,1,0,0,0,1,0.126875722852145,6.959133398440152
0,49,87.2,4345.0,0,0,1,1,1,0,0,0,0,0,1,0,1,0,1,0,1,0,1,0,1,1,0,1,0,0,1,0.12671105269264796,11.049203794798903
0,40,36.0,1382.9,0,1,0,0,0,1,0,0,0,0,0,0,1,0,0,0,1,0,0,0,0,1,0,0,1,0,0,0.1265777645077824,4.5567995222801665
0,53,65.0,3363.8,0,1,1,1,1,0,0,0,0,0,0,0,1,0,0,0,1,0,1,0,0,0,0,0,1,0,0,0.1265302917476295,8.224468963595918
0,26,26.0,684.05,0,0,1,0,1,0,1,0,1,1,0,1,0,1,0,1,0,1,0,1,0,1,0,0,0,0,1,0.12634781059238498,3.2850430754020095
0,13,25.0,332.5,0,0,1,1,1,0,1,0,1,1,0,1,0,1,0,1,0,1,0,1,0,0,1,1,0,0,0,0.12628485530019568,3.157121382504892
0,50,43.05,2208.05,0,1,0,1,0,1,0,0,0,0,1,0,1,0,0,0,0,0,1,0,0,1,0,1,0,0,0,0.12623873612131173,5.43457759002247
0,66,109.25,7082.5,0,0,1,1,1,0,1,1,0,0,1,0,1,0,1,0,0,0,1,0,1,0,1,0,0,0,0,0.12597801195821248,13.763097806434713
1,57,101.3,5779.6,0,0,0,0,1,0,1,1,0,0,1,0,0,0,1,0,1,0,0,0,1,0,1,0,1,0,0,0.12593644255438577,12.757361630759277
0,71,113.15,7993.3,0,0,0,0,1,0,1,1,0,0,1,0,1,0,1,0,1,0,1,0,1,0,1,1,1,0,0,0.1258946193410491,14.244976178439705
0,18,20.15,390.85,1,0,0,1,1,0,0,0,1,1,0,1,0,1,0,1,0,1,0,1,0,1,0,0,0,0,0,0.12588990591045904,2.5366816040957496
0,72,116.6,8337.45,0,1,1,1,1,0,1,1,0,0,1,0,1,0,1,0,1,0,1,0,1,0,1,1,0,0,0,0.1258488335990858,14.673973997653404
0,72,112.75,8192.6,0,0,0,0,1,0,1,1,0,0,1,0,1,0,1,0,1,0,1,0,1,0,1,1,1,0,0,0.12580507951525807,14.184522715345347
0,46,99.65,4630.2,0,0,1,1,1,0,1,1,0,0,1,0,0,0,1,0,1,0,0,0,1,0,1,0,0,0,1,0.12569960897029528,12.525966033889926
0,33,59.55,2016.3,0,0,1,0,0,1,0,0,0,0,1,0,0,0,1,0,1,0,1,0,1,0,1,0,0,0,0,0.12566922049206303,7.483602080302353
0,0,19.85,0.0,0,1,1,1,1,0,0,0,1,1,0,1,0,1,0,1,0,1,0,1,0,0,1,0,0,0,1,0.12551727320033954,2.4915178730267398
0,60,50.05,2911.5,0,0,1,0,0,1,0,0,0,0,1,0,1,0,1,0,0,0,0,0,1,1,0,0,0,1,0,0.12539995037811358,6.276267516424584
1,69,110.25,7467.55,0,0,0,0,1,0,1,1,0,0,1,0,0,0,1,0,1,0,1,0,1,0,1,0,1,0,0,0.12534064456866792,13.818806063695638
0,20,19.5,403.15,0,0,0,0,1,0,0,0,1,1,0,1,0,1,0,1,0,1,0,1,0,1,0,0,0,0,1,0.12531206970975156,2.4435853593401555
0,72,109.95,7852.4,0,1,1,0,1,0,1,1,0,0,1,0,1,0,0,0,1,0,1,0,1,0,1,1,1,0,0,0.12524412050315822,13.770591049322247
0,72,115.6,8220.4,0,0,1,1,1,0,1,1,0,0,1,0,1,0,1,0,1,0,1,0,1,0,1,1,0,0,0,0.12521459243185729,14.474806885122701
0,1,20.35,20.35,0,0,1,1,1,0,0,0,1,1,0,1,0,1,0,1,0,1,0,1,0,0,1,0,0,0,1,0.1251060796869553,2.545908721629541
0,39,45.05,1790.6,0,1,0,1,0,1,0,0,0,0,1,0,0,0,0,0,1,0,1,0,0,1,0,0,0,0,0,0.12505119658314212,5.633556406070552
0,12,24.0,269.65,0,1,1,1,1,0,1,0,1,1,0,1,0,1,0,1,0,1,0,1,0,0,1,1,0,0,0,0.12480706393228336,2.9953695343748006
0,42,33.55,1445.3,1,0,1,0,0,1,0,0,0,0,0,0,1,0,0,0,1,0,0,0,0,1,0,0,0,0,1,0.12480286330849968,4.187136064000164
0,70,116.55,8152.3,0,1,1,1,1,0,1,1,0,0,1,0,1,0,1,0,1,0,1,0,1,0,1,1,1,0,0,0.12480255916748652,14.545738270970553
0,72,108.95,7875.0,0,1,1,0,1,0,1,1,0,0,1,0,1,0,0,0,1,0,1,0,1,0,1,1,1,0,0,0.12477491349513105,13.594226825294529
0,72,105.25,7609.75,0,1,1,1,1,0,1,1,0,0,1,0,0,0,1,0,0,0,1,0,1,0,1,0,0,0,0,0.12476121703213106,13.131118092631793
0,25,19.6,411.15,0,1,1,1,1,0,0,0,1,1,0,1,0,1,0,1,0,1,0,1,0,1,0,0,0,1,0,0.12463548478782074,2.442855501841287
0,23,77.15,1759.4,0,0,1,1,1,0,1,0,0,0,1,0,0,0,1,0,1,0,1,0,0,0,1,1,0,0,0,0.12434717815254473,9.593384794468827
0,20,39.4,825.4,0,1,1,1,0,1,0,0,0,0,1,0,0,0,1,0,1,0,0,0,0,0,1,1,1,0,0,0.1243345682755256,4.898781990055708
0,35,20.75,739.9,0,1,0,0,1,0,0,0,1,1,0,1,0,1,0,1,0,1,0,1,0,0,0,0,0,0,0,0.12427856295048022,2.5787801812224647
0,18,20.05,345.9,0,1,1,1,1,0,0,0,1,1,0,1,0,1,0,1,0,1,0,1,0,1,0,0,0,0,0,0.12426399416024164,2.491493082912845
0,70,111.95,7795.95,0,0,0,0,1,0,1,1,0,0,1,0,1,0,1,0,1,0,1,0,1,0,1,1,1,0,0,0.12418458010963952,13.902463743274145
0,51,75.2,3901.25,0,1,1,0,1,0,1,0,0,0,0,0,0,0,0,0,1,0,1,0,1,0,1,1,0,0,0,0.12418234772684367,9.338512549058644
0,63,99.7,6330.4,0,1,1,0,1,0,0,1,0,0,1,0,0,0,1,0,0,0,1,0,1,0,1,0,1,0,0,0.12415677437592428,12.378430405279651
0,13,88.95,1161.75,0,0,0,1,1,0,1,0,0,0,1,0,1,0,1,0,1,0,1,0,1,0,1,0,1,0,0,0.12399237057722641,11.02912136284429
0,72,114.1,8086.4,0,1,1,0,1,0,1,1,0,0,1,0,1,0,1,0,1,0,1,0,1,0,1,1,1,0,0,0.1239892084757123,14.147168687078773
1,45,62.7,2791.5,1,1,0,0,1,0,0,0,0,0,1,0,0,0,1,0,0,0,0,0,1,1,0,0,1,0,0,0.12392804707062617,7.770288551328261
0,18,19.8,342.3,0,1,1,1,1,0,0,0,1,1,0,1,0,1,0,1,0,1,0,1,0,1,0,0,0,0,0,0.12386592184591273,2.452545252549072
0,55,69.05,3842.6,0,0,1,1,1,0,0,1,0,0,0,0,0,0,0,0,0,0,0,0,0,0,1,1,1,0,0,0.12385084030086481,8.551900522774714
1,72,107.4,7748.75,0,0,0,0,1,0,1,1,0,0,1,0,1,0,1,0,1,0,0,0,1,0,1,1,0,0,0,0.12385062262052958,13.301556869444877
0,66,105.65,6844.5,0,1,0,0,1,0,0,1,0,0,1,0,0,0,1,0,1,0,1,0,1,0,1,1,0,0,0,0.1238044529376783,13.079940452865713
0,8,19.85,146.6,0,0,1,1,1,0,0,0,1,1,0,1,0,1,0,1,0,1,0,1,0,0,1,1,0,0,1,0.12374162451087842,2.4562712465409366
0,39,80.0,3182.95,1,1,1,1,1,0,0,0,0,0,1,0,0,0,1,0,1,0,1,0,1,1,0,0,1,0,0,0.12372232792963954,9.897786234371162
0,71,114.0,8175.9,0,1,1,1,1,0,1,1,0,0,1,0,1,0,1,0,1,0,1,0,1,0,1,1,0,0,0,0.12361399627690414,14.091995575567072
1,57,53.5,3035.8,0,1,0,0,1,0,0,0,0,0,0,0,0,0,1,0,1,0,0,0,0,1,0,1,0,1,0,0.1235536865187392,6.610122228752547
0,31,49.85,1520.1,0,0,0,0,0,1,0,0,0,0,1,0,1,0,0,0,1,0,0,0,1,0,1,1,0,0,0,0.12354848066327748,6.158891761064383
0,23,57.2,1423.35,0,1,1,1,1,0,0,0,0,0,1,0,0,0,0,0,1,0,0,0,0,1,0,0,1,0,0,0.12327348724268287,7.05124347028146
0,24,20.8,469.65,0,1,1,1,1,0,0,0,1,1,0,1,0,1,0,1,0,1,0,1,0,1,0,1,1,0,0,0.12323453533477369,2.5632783349632926
0,72,113.1,8248.5,0,0,1,1,1,0,1,1,0,0,1,0,1,0,1,0,1,0,1,0,1,0,1,1,0,0,0,0.12318296357201568,13.931993179994972
0,51,60.15,3077.0,0,0,0,1,0,1,0,0,0,0,1,0,0,0,1,0,1,0,1,0,1,1,0,0,0,0,0,0.12305286640855584,7.401629914474634
0,66,67.45,4508.65,0,0,1,1,1,0,1,0,0,0,1,0,1,0,1,0,0,0,0,0,0,0,0,1,0,0,0,0.12298855744715614,8.295578199810683
0,35,19.25,617.65,0,0,0,0,1,0,0,0,1,1,0,1,0,1,0,1,0,1,0,1,0,0,0,0,0,0,0,0.12291981385376645,2.3662064166850043
0,56,115.85,6567.9,0,1,1,1,1,0,1,1,0,0,1,0,1,0,1,0,1,0,1,0,1,0,1,0,0,0,1,0.1227639627669661,14.222205086553023
1,54,72.1,3886.05,0,0,0,0,1,0,1,0,0,0,0,0,1,0,0,0,1,0,1,0,0,1,0,0,0,0,1,0.12262237162032151,8.84107299382518
0,34,19.7,675.6,0,1,0,0,1,0,0,0,1,1,0,1,0,1,0,1,0,1,0,1,0,0,0,0,0,0,1,0.12259234910647022,2.415069277397463
0,19,18.8,279.2,0,1,0,0,1,0,0,0,1,1,0,1,0,1,0,1,0,1,0,1,0,1,0,0,0,0,1,0.12234083644499416,2.3000077251658904
1,55,88.8,4805.3,0,0,1,0,1,0,0,1,0,0,0,0,0,0,1,0,1,0,1,0,0,0,1,0,1,0,0,0.12224536855050937,10.85538872728523
0,52,80.95,4233.95,0,0,0,0,1,0,1,0,0,0,0,0,0,0,1,0,1,0,1,0,1,0,1,1,0,0,0,0.12223276320887025,9.894742181758048
0,32,70.5,2201.75,0,1,1,0,1,0,0,0,0,0,1,0,1,0,0,0,1,0,0,0,1,1,0,0,0,0,1,0.1222083931083251,8.615691714136918
0,0,20.25,0.0,0,1,0,1,1,0,0,0,1,1,0,1,0,1,0,1,0,1,0,1,0,0,1,0,0,0,1,0.12202865232221936,2.471080209524942
0,43,78.8,3460.3,0,0,1,0,1,0,0,0,0,0,1,0,0,0,1,0,1,0,1,0,1,0,1,1,0,1,0,0.12197706300256904,9.61179256460244
0,38,60.0,2193.2,0,1,1,0,0,1,0,0,0,0,1,0,1,0,0,0,1,0,1,0,1,0,1,1,0,0,0,0.1218054351352238,7.308326108113428
0,37,19.5,805.2,0,0,1,0,1,0,0,0,1,1,0,1,0,1,0,1,0,1,0,1,0,0,0,0,0,0,0,0.1215070350996951,2.3693871844440544
0,71,106.7,7382.25,0,1,0,1,1,0,1,1,0,0,1,0,0,0,1,0,0,0,1,0,1,0,1,0,0,0,0,0.12127134609087531,12.939652627896395
0,69,93.3,6398.05,0,0,1,1,1,0,1,1,0,0,0,0,1,0,0,0,1,0,0,0,1,0,1,1,0,0,0,0.12126190160995236,11.313735420208555
0,52,81.4,4354.45,0,1,1,0,1,0,1,0,0,0,1,0,1,0,1,0,1,0,0,0,1,1,0,1,1,0,0,0.12118962453007201,9.864835436747862
0,22,20.85,450.65,0,0,0,0,1,0,0,0,1,1,0,1,0,1,0,1,0,1,0,1,0,1,0,0,0,0,0,0.12117194515085854,2.5264350563954006
0,68,80.65,5330.2,0,0,0,0,1,0,1,0,0,0,0,0,1,0,1,0,0,0,1,0,1,0,1,1,0,1,0,0.12111498625544286,9.767923641501467
0,72,94.45,6921.7,0,0,1,0,1,0,1,1,0,0,1,0,1,0,0,0,0,0,0,0,1,0,1,1,1,0,0,0.12091113217810409,11.420056434221932
1,55,76.25,4154.55,0,0,1,1,1,0,1,0,0,0,1,0,0,0,1,0,1,0,1,0,0,1,0,0,0,1,0,0.1208820217039801,9.217254154928483
0,52,64.3,3410.6,0,0,1,0,1,0,0,0,0,0,1,0,0,0,1,0,0,0,1,0,0,1,0,1,0,0,1,0.1207699813489282,7.765509800736083
0,49,106.65,5174.35,0,0,1,0,1,0,1,1,0,0,1,0,1,0,1,0,1,0,0,0,1,0,1,0,1,0,0,0.12058196600556788,12.860066674493815
0,27,56.2,1567.55,0,1,0,1,1,0,0,0,0,0,1,0,1,0,0,0,0,0,0,0,0,1,0,0,0,0,1,0.1205093636317425,6.772626236103929
0,68,118.6,7990.05,0,0,1,0,1,0,1,1,0,0,1,0,1,0,1,0,1,0,1,0,1,0,1,0,0,0,1,0.12044532195860055,14.284815184290025
0,72,114.05,8468.2,0,1,1,1,1,0,1,1,0,0,1,0,1,0,1,0,1,0,1,0,1,0,1,1,1,0,0,0.12019777786143365,13.708556565096508
0,53,60.6,3297.0,0,0,1,1,1,0,0,0,0,0,0,0,0,0,1,0,0,0,0,0,1,1,0,0,1,0,0,0.12002044615514883,7.2732390370020195
0,69,114.35,7665.8,0,1,1,1,1,0,1,1,0,0,1,0,1,0,1,0,1,0,1,0,1,0,1,1,0,0,0,0.11993759203480052,13.714863649179438
0,70,114.2,7723.9,1,0,1,1,1,0,1,1,0,0,1,0,1,0,1,0,1,0,1,0,1,0,1,1,0,0,0,0.1199290059425306,13.695892478636996
0,58,75.2,4300.8,0,1,1,1,1,0,0,0,0,0,0,0,1,0,0,0,1,0,1,0,1,1,0,1,1,0,0,0.1198862659957394,9.015447202879603
0,37,67.45,2443.3,0,1,0,0,1,0,1,0,0,0,1,0,1,0,1,0,1,0,0,0,0,1,0,0,0,1,0,0.11984279117435513,8.083396264710254
0,72,98.65,7129.45,0,0,1,1,1,0,1,1,0,0,0,0,1,0,1,0,1,0,0,0,1,0,1,1,0,0,0,0.11950346190087062,11.789016516520887
0,40,20.4,745.3,0,1,1,1,1,0,0,0,1,1,0,1,0,1,0,1,0,1,0,1,0,0,0,1,0,0,0,0.11942462724826924,2.4362623958646923
0,34,56.95,1889.5,0,1,0,0,1,0,0,0,0,0,1,0,0,0,1,0,0,0,0,0,0,1,0,0,0,0,1,0.1192170609049578,6.789411618537347
0,26,20.05,505.9,0,1,1,1,1,0,0,0,1,1,0,1,0,1,0,1,0,1,0,1,0,1,0,1,0,0,0,0.11890893615832147,2.3841241699743456
1,54,82.45,4350.1,1,0,0,0,1,0,1,0,0,0,1,0,1,0,0,0,1,0,1,0,1,1,0,0,0,0,0,0.11880287400709925,9.795296961885334
0,50,44.8,2230.85,0,1,1,1,1,0,0,0,0,0,0,0,0,0,0,0,0,0,0,0,0,1,0,1,0,0,0,0.11867800509036866,5.316774628048516
1,70,105.35,7511.9,0,1,1,0,1,0,0,1,0,0,1,0,1,0,1,0,0,0,1,0,1,0,1,0,1,0,0,0.11832722167372253,12.465772803326669
0,42,67.7,2882.25,0,0,0,0,1,0,0,0,0,0,1,0,1,0,0,0,1,0,0,0,1,1,0,1,0,0,1,0.11822502418903245,8.003834137597497
0,20,19.7,395.6,0,0,1,1,1,0,0,0,1,1,0,1,0,1,0,1,0,1,0,1,0,1,0,0,0,0,0,0.11819886881189409,2.3285177155943138
0,71,95.15,6770.85,0,0,1,1,1,0,1,1,0,0,1,0,1,0,1,0,1,0,0,0,0,1,0,1,1,0,0,0.11800420461533585,11.228100069149207
0,58,86.1,4890.5,0,1,1,0,1,0,1,0,0,0,1,0,1,0,1,0,0,0,1,0,1,0,1,1,0,1,0,0.11791777270611867,10.152720229996817
0,72,110.9,7922.75,0,1,1,1,1,0,1,1,0,0,0,0,1,0,1,0,1,0,1,0,1,0,1,0,1,0,0,0.11783005581936036,13.067353190367065
0,54,109.75,6110.2,1,1,1,0,1,0,0,1,0,0,1,0,1,0,1,0,1,0,1,0,1,0,1,0,0,0,0,0.11776864491618524,12.92510877955133
0,38,80.3,3058.65,1,0,1,1,1,0,0,0,0,0,1,0,1,0,0,0,1,0,1,0,1,1,0,0,1,0,0,0.117762264067321,9.456309804605876
0,6,25.4,153.3,0,1,1,1,1,0,1,0,1,1,0,1,0,1,0,1,0,1,0,1,0,0,1,0,0,0,1,0.117739320986046,2.9905787530455683
0,23,24.35,538.5,0,1,1,1,1,0,1,0,1,1,0,1,0,1,0,1,0,1,0,1,0,1,0,0,0,0,1,0.11772264418015199,2.8665463857867013
0,34,20.65,716.4,0,0,1,1,1,0,0,0,1,1,0,1,0,1,0,1,0,1,0,1,0,0,0,0,0,0,1,0.11770697616059292,2.4306490577162436
0,42,56.1,2386.85,0,1,1,0,1,0,1,0,0,0,1,0,0,0,0,0,0,0,0,0,0,1,0,0,1,0,0,0.11767285663372319,6.601447257151872
0,72,109.7,8129.3,0,0,1,1,1,0,1,1,0,0,1,0,1,0,1,0,0,0,1,0,1,0,1,0,1,0,0,0.11760855374274608,12.901658345579245
1,71,99.4,7168.25,0,0,1,0,1,0,0,1,0,0,1,0,1,0,1,0,1,0,1,0,0,0,1,1,0,1,0,0.1175465162397946,11.684123714235584
1,60,49.45,2907.55,0,0,1,0,0,1,0,0,0,0,0,0,1,0,0,0,0,0,1,0,1,0,1,1,1,0,0,0.11744754851290423,5.807781273963115
0,44,65.4,2774.55,0,1,0,0,1,0,0,0,0,0,1,0,0,0,0,0,1,0,1,0,0,1,0,0,0,1,0,0.11742324734658081,7.679480376466386
0,41,35.4,1412.4,0,0,1,1,0,1,0,0,0,0,1,0,0,0,1,0,0,0,0,0,0,1,0,0,1,0,0,0.11710661575504674,4.145574197728655
0,50,80.05,4042.2,0,0,1,1,1,0,1,0,0,0,1,0,1,0,1,0,1,0,0,0,1,1,0,1,0,0,0,0.11707186995766351,9.371603190110964
0,52,50.95,2610.65,0,0,1,1,1,0,0,0,0,0,0,0,0,0,1,0,0,0,0,0,0,1,0,1,0,0,0,0.11695520756120882,5.95886782524359
0,68,103.25,7074.4,0,1,1,1,1,0,0,1,0,0,1,0,1,0,1,0,0,0,1,0,1,0,1,1,1,0,0,0.11683046837325158,12.062745859538225
0,69,92.45,6460.55,0,1,1,0,1,0,1,1,0,0,0,0,1,0,0,0,1,0,1,0,0,0,1,1,0,0,1,0.11666599083233553,10.78577085244942
0,44,56.25,2419.55,0,0,1,1,1,0,0,0,0,0,1,0,0,0,0,0,1,0,0,0,0,0,0,0,0,0,0,0.11651411981287829,6.5539192394744035
0,70,113.05,7869.05,0,0,1,1,1,0,1,1,0,0,1,0,1,0,1,0,1,0,1,0,1,0,1,1,1,0,0,0.11643933456974728,13.16346677310993
0,61,79.4,4820.55,0,0,1,1,1,0,1,0,0,0,1,0,1,0,1,0,1,0,0,0,1,1,0,1,0,1,0,0.11619270392854876,9.225700691926772
0,37,19.8,695.05,0,0,0,0,1,0,0,0,1,1,0,1,0,1,0,1,0,1,0,1,0,1,0,1,0,1,0,0.11617882509146207,2.300340736810949
0,72,101.3,7261.25,0,0,0,0,1,0,1,1,0,0,1,0,1,0,1,0,0,0,1,0,0,0,1,1,0,0,0,0.11616452550359517,11.76746643351419
0,27,20.55,583.3,0,0,1,1,1,0,0,0,1,1,0,1,0,1,0,1,0,1,0,1,0,1,0,1,0,0,1,0.116151887170597,2.3869212813557685
0,68,114.9,7843.55,0,0,1,0,1,0,1,1,0,0,1,0,1,0,1,0,1,0,1,0,1,0,1,0,0,0,0,0.11611654473926905,13.341790990542014
0,62,113.95,6891.4,0,0,1,0,1,0,1,1,0,0,1,0,1,0,1,0,1,0,1,0,1,0,1,0,0,0,1,0.11598708531782032,13.216728371965626
1,68,53.0,3656.25,0,0,1,1,0,1,0,0,0,0,0,0,1,0,1,0,0,0,1,0,1,0,1,1,0,1,0,0.11579496192972372,6.137132982275357
0,37,20.35,697.65,0,1,1,0,1,0,0,0,1,1,0,1,0,1,0,1,0,1,0,1,0,0,0,0,0,0,0,0.11537723561389633,2.3479267447427903
1,71,95.5,6707.15,0,1,1,0,1,0,0,1,0,0,0,0,1,0,1,0,1,0,0,0,1,0,1,1,1,0,0,0.11535622158613744,11.016519161476126
0,72,114.05,8289.2,0,1,1,1,1,0,1,1,0,0,1,0,1,0,1,0,1,0,1,0,1,0,1,1,1,0,0,0.11499640527378958,13.115340021475701
0,57,55.7,3171.6,0,1,1,0,1,0,0,0,0,0,1,0,0,0,0,0,1,0,0,0,0,0,0,0,0,1,0,0.11493267008199247,6.401749723566981
0,19,19.9,357.7,0,1,1,1,1,0,0,0,1,1,0,1,0,1,0,1,0,1,0,1,0,1,0,0,0,0,1,0.11484917999088977,2.2854986818187064
0,28,25.55,672.2,0,0,1,0,1,0,1,0,1,1,0,1,0,1,0,1,0,1,0,1,0,1,0,0,0,0,1,0.11440560122696941,2.9230631113490686
1,54,65.25,3529.95,0,1,0,0,1,0,0,0,0,0,0,0,0,0,1,0,1,0,0,0,1,1,0,0,0,0,0,0.11440463358681709,7.464902341539815
0,19,19.8,344.5,0,1,1,1,1,0,0,0,1,1,0,1,0,1,0,1,0,1,0,1,0,1,0,0,0,0,1,0.11436628995985099,2.2644525412050496
0,10,25.7,251.6,0,1,0,0,1,0,1,0,1,1,0,1,0,1,0,1,0,1,0,1,0,0,1,0,0,0,0,0.11418720810312055,2.934611248250198
0,39,59.8,2343.85,0,1,1,1,1,0,0,0,0,0,1,0,1,0,1,0,0,0,0,0,0,1,0,0,0,1,0,0.11406672352964838,6.821190067072973
0,24,64.35,1558.65,0,0,1,1,1,0,1,0,0,0,1,0,1,0,1,0,0,0,0,0,0,0,1,0,0,1,0,0.11384085656536692,7.325659119981361
0,70,60.35,4138.7,0,1,1,1,0,1,0,0,0,0,0,0,1,0,1,0,1,0,1,0,1,1,0,0,0,1,0,0.11383471085591872,6.869924800154695
0,63,110.1,6705.7,0,1,1,0,1,0,0,1,0,0,1,0,1,0,1,0,1,0,1,0,1,0,1,1,1,0,0,0.1137997013641735,12.529347120195501
0,35,54.95,1916.0,0,0,1,1,1,0,0,0,0,0,1,0,0,0,0,0,1,0,0,0,0,1,0,1,0,0,0,0.11378488740074759,6.2524795626710805
0,30,74.65,2308.6,0,0,0,0,1,0,0,0,0,0,1,0,1,0,1,0,1,0,1,0,0,1,0,0,1,0,0,0.11368802688613132,8.486811207049703
0,28,54.3,1546.3,0,0,0,0,1,0,0,0,0,0,1,0,0,0,0,0,1,0,0,0,0,1,0,0,0,0,1,0.11365157893936499,6.171280736407518
0,3,19.1,52.0,0,0,1,1,1,0,0,0,1,1,0,1,0,1,0,1,0,1,0,1,0,0,1,0,0,0,1,0.11363692455516389,2.1704652590036306
0,13,40.55,590.35,0,1,1,1,0,1,0,0,0,0,1,0,1,0,0,0,1,0,0,0,0,0,1,0,0,0,1,0.1136018481254659,4.6065549414876426
0,33,34.05,1113.95,0,1,0,1,0,1,0,0,0,0,1,0,0,0,0,0,1,0,0,0,0,1,0,0,1,0,0,0.11356980010206179,3.8670516934752035
0,22,20.3,475.1,0,1,0,0,1,0,0,0,1,1,0,1,0,1,0,1,0,1,0,1,0,1,0,0,0,0,1,0.11336658646087182,2.301341705155698
1,66,80.55,5265.1,1,0,1,0,1,0,1,0,0,0,0,0,1,0,1,0,0,0,1,0,1,0,1,1,0,0,0,0.11305374563331735,9.106479210763712
1,71,89.45,6435.25,0,0,1,0,1,0,0,1,0,0,0,0,1,0,1,0,0,0,0,0,1,0,1,0,1,0,0,0.11292921905427894,10.101518644405251
0,64,70.15,4480.7,0,1,1,0,1,0,1,0,0,0,0,0,1,0,0,0,1,0,0,0,1,1,0,1,0,0,1,0.11284990250961355,7.916420661049391
0,52,44.25,2276.1,0,1,1,1,0,1,0,0,0,0,1,0,0,0,1,0,0,0,0,0,1,1,0,0,0,0,0,0.11273620975411985,4.988577281619803
0,48,79.65,3870.3,0,0,1,1,1,0,1,0,0,0,0,0,1,0,0,0,1,0,1,0,1,0,1,0,0,1,0,0.11254829932459687,8.964472041204141
0,38,74.05,2802.3,0,1,1,1,1,0,0,0,0,0,1,0,1,0,1,0,1,0,1,0,0,1,0,0,0,1,0,0.11252180779483945,8.33223986720786
0,16,64.25,1024.0,0,1,1,1,1,0,0,0,0,0,1,0,0,0,1,0,0,0,1,0,0,0,1,0,0,0,1,0.11250299850145859,7.228317653718714
0,69,97.65,6743.55,0,1,0,0,1,0,1,1,0,0,0,0,1,0,1,0,1,0,1,0,0,0,1,1,1,0,0,0.11199211542051456,10.936030070813247
0,34,20.8,635.9,0,1,1,1,1,0,0,0,1,1,0,1,0,1,0,1,0,1,0,1,0,0,0,0,0,0,1,0.111758636050095,2.3245796298419763
0,70,58.4,4113.15,0,0,1,1,0,1,0,0,0,0,0,0,1,0,1,0,1,0,1,0,1,1,0,1,0,0,0,0.11156214563563505,6.515229305121086
0,13,20.4,261.3,0,0,0,0,1,0,0,0,1,1,0,1,0,1,0,1,0,1,0,1,0,0,1,1,0,0,1,0.11144523412163171,2.273482776081287
0,64,104.05,6605.55,0,1,1,0,1,0,0,1,0,0,1,0,1,0,0,0,1,0,1,0,1,0,1,1,1,0,0,0.11144430132806732,11.595779553185404
0,29,19.8,572.2,0,1,0,0,1,0,0,0,1,1,0,1,0,1,0,1,0,1,0,1,0,1,0,1,0,0,1,0.11130365075839835,2.2038122850162876
0,65,55.15,3673.15,0,0,1,0,1,0,0,0,0,0,1,0,0,0,1,0,0,0,0,0,0,0,0,1,0,0,1,0.11128714515898501,6.137486055518023
0,53,74.1,3833.95,0,0,1,0,1,0,1,0,0,0,1,0,1,0,1,0,0,0,0,0,1,1,0,0,0,0,0,0.11119701120668687,8.239698530415497
0,22,19.6,422.5,0,1,0,0,1,0,0,0,1,1,0,1,0,1,0,1,0,1,0,1,0,1,0,0,0,0,1,0.11115769930747102,2.178690906426432
0,62,115.55,7159.05,0,1,1,1,1,0,1,1,0,0,1,0,1,0,1,0,1,0,1,0,1,0,1,0,0,0,0,0.11109257494023546,12.836747034344206
0,44,61.5,2722.2,0,0,1,0,1,0,0,0,0,0,1,0,1,0,1,0,0,0,0,0,0,1,0,1,0,0,1,0.11108945390150252,6.832001414942405
0,29,75.55,2054.4,0,1,1,1,1,0,0,0,0,0,0,0,0,0,1,0,1,0,1,0,1,0,1,0,0,0,1,0.11106556170551186,8.391003186851421
0,29,20.0,540.05,0,0,1,1,1,0,0,0,1,1,0,1,0,1,0,1,0,1,0,1,0,1,0,0,0,1,0,0.11097596561368611,2.2195193122737225
0,6,19.55,124.45,0,0,0,0,1,0,0,0,1,1,0,1,0,1,0,1,0,1,0,1,0,0,1,0,0,0,1,0.1109727774537527,2.1695177992208654
0,62,74.3,4698.05,0,1,0,0,1,0,0,0,0,0,1,0,1,0,0,0,0,0,1,0,1,1,0,1,1,0,0,0.1109723603758162,8.245246375923143
0,22,20.3,467.15,0,1,0,0,1,0,0,0,1,1,0,1,0,1,0,1,0,1,0,1,0,1,0,0,1,0,0,0.11084405421102787,2.250134300483866
0,38,85.4,3297.0,0,1,1,1,1,0,1,0,0,0,1,0,0,0,1,0,1,0,1,0,1,0,1,1,0,0,0,0.11066563467228106,9.450845201012804
0,48,55.8,2651.2,0,1,1,1,1,0,0,0,0,0,0,0,1,0,1,0,0,0,0,0,0,1,0,1,1,0,0,0.11062427216885984,6.1728343870223785
0,72,109.55,7887.25,0,0,1,1,1,0,1,1,0,0,1,0,1,0,1,0,0,0,1,0,1,0,1,0,1,0,0,0.1105970058162804,12.115901987173517
0,37,68.1,2479.25,0,0,1,0,1,0,1,0,0,0,1,0,0,0,1,0,1,0,0,0,0,1,0,0,1,0,0,0.11048506795780996,7.524033127926858
0,22,20.75,452.35,0,0,1,1,1,0,0,0,1,1,0,1,0,1,0,1,0,1,0,1,0,1,0,0,0,0,0,0.11033519913280972,2.2894553820058015
0,28,54.35,1426.45,0,1,1,0,1,0,0,0,0,0,1,0,0,0,0,0,1,0,0,0,0,1,0,0,0,0,1,0.11024757298979214,5.991955591995203
0,72,107.7,7919.8,0,1,1,1,1,0,1,1,0,0,1,0,1,0,0,0,1,0,1,0,1,0,1,1,1,0,0,0.11002650103964826,11.849854161970118
0,23,20.15,405.6,0,1,0,0,1,0,0,0,1,1,0,1,0,1,0,1,0,1,0,1,0,1,0,0,0,0,0,0.10993193972749461,2.2151285855090164
0,48,60.6,2985.25,0,0,1,0,1,0,1,0,0,0,1,0,0,0,0,0,1,0,0,0,0,1,0,1,0,0,0,0.1097987832533183,6.653806265151089
0,50,79.6,4024.2,0,0,0,0,1,0,1,0,0,0,0,0,1,0,0,0,1,0,1,0,1,0,1,1,0,0,1,0.10976852371083269,8.73757448738228
0,24,20.15,456.85,0,0,1,0,1,0,0,0,1,1,0,1,0,1,0,1,0,1,0,1,0,1,0,0,0,0,1,0.10965824101970445,2.2096135565470445
0,50,54.9,2614.1,0,1,1,1,1,0,1,0,0,0,0,0,0,0,1,0,0,0,0,0,0,1,0,0,0,0,0,0.10948279197422561,6.010605279384986
0,49,49.65,2409.9,0,1,1,0,0,1,0,0,0,0,0,0,1,0,0,0,0,0,1,0,1,0,1,0,1,0,0,0.1094573425440102,5.434557057310106
0,70,99.35,6944.5,0,1,1,0,1,0,1,1,0,0,1,0,1,0,1,0,0,0,1,0,0,0,1,1,1,0,0,0.10938403814573025,10.8673041897783
0,71,84.8,6152.4,0,1,1,1,1,0,1,1,0,0,0,0,1,0,0,0,1,0,0,0,0,0,1,1,0,1,0,0.10924668550699856,9.264118930993478
0,61,115.1,7008.15,0,0,1,1,1,0,1,1,0,0,1,0,1,0,1,0,1,0,1,0,1,0,1,0,1,0,0,0.10923397231804602,12.572830213807096
0,34,55.0,1885.15,0,0,0,0,1,0,0,0,0,0,1,0,1,0,0,0,0,0,0,0,0,1,0,0,0,0,1,0.10922337899955559,6.0072858449755575
0,36,19.2,702.9,0,0,1,1,1,0,0,0,1,1,0,1,0,1,0,1,0,1,0,1,0,0,0,0,0,0,0,0.10914907687353677,2.0956622759719057
0,72,112.6,8126.65,0,1,1,1,1,0,1,1,0,0,1,0,1,0,1,0,1,0,1,0,1,0,1,1,1,0,0,0.10894007353639214,12.266652280197754
1,66,45.55,3027.25,0,0,1,0,0,1,0,0,0,0,0,0,1,0,1,0,0,0,1,0,0,1,0,0,0,0,0,0.10892629879534678,4.961592910128045
0,21,35.1,770.4,0,0,0,0,0,1,0,0,0,0,1,0,0,0,0,0,1,0,0,0,0,0,1,0,0,0,1,0.1088672126230376,3.8212391630686198
0,72,114.3,8058.55,0,1,1,1,1,0,1,1,0,0,1,0,1,0,1,0,1,0,1,0,1,0,1,1,1,0,0,0.1088410916859967,12.440536779709422
0,56,36.1,1971.5,0,1,1,1,0,1,0,0,0,0,0,0,1,0,1,0,0,0,0,0,0,1,0,1,1,0,0,0.10877996767830794,3.926956833186917
0,23,19.3,486.2,0,1,1,0,1,0,0,0,1,1,0,1,0,1,0,1,0,1,0,1,0,1,0,0,1,0,0,0.10876684861555413,2.099200178280195
0,6,19.65,116.85,0,0,0,0,1,0,0,0,1,1,0,1,0,1,0,1,0,1,0,1,0,0,1,0,1,0,0,0.10860923873249805,2.1341715410935866
0,23,20.45,481.1,0,1,0,0,1,0,0,0,1,1,0,1,0,1,0,1,0,1,0,1,0,1,0,0,0,0,1,0.1085231939135513,2.219299315532124
0,24,20.4,482.8,0,0,1,0,1,0,0,0,1,1,0,1,0,1,0,1,0,1,0,1,0,1,0,0,1,0,0,0.1083766550534449,2.210883763090276
0,52,91.6,4627.8,0,1,1,0,1,0,1,1,0,0,1,0,0,0,1,0,1,0,0,0,0,0,1,1,1,0,0,0.10832996966002775,9.923025220858541
0,24,20.1,533.9,0,1,1,0,1,0,0,0,1,1,0,1,0,1,0,1,0,1,0,1,0,1,0,0,0,0,1,0.10805039679758101,2.1718129756313784
0,46,60.75,2893.4,0,1,0,0,0,1,0,0,0,0,1,0,0,0,1,0,1,0,1,0,1,0,1,1,0,0,0,0.10790402498717591,6.555169517970937
0,46,33.7,1537.85,0,1,0,0,0,1,0,0,0,0,0,0,0,0,1,0,1,0,0,0,0,1,0,0,1,0,0,0.107901095652615,3.636266923493126
0,37,45.4,1593.1,0,0,1,0,0,1,0,0,0,0,1,0,0,0,0,0,1,0,1,0,0,0,1,0,0,1,0,0.10779258674535376,4.89378343823906
0,60,115.25,6758.45,0,0,1,1,1,0,1,1,0,0,1,0,1,0,1,0,1,0,1,0,1,0,1,0,1,0,0,0.10769104466048099,12.411392897120434
0,31,79.2,2497.2,0,0,0,0,1,0,0,0,0,0,0,0,1,0,1,0,1,0,1,0,1,0,1,0,0,0,1,0.10769008797759134,8.529054967825235
0,46,19.6,851.2,0,1,1,0,1,0,0,0,1,1,0,1,0,1,0,1,0,1,0,1,0,0,0,0,0,1,0,0.10747767982279131,2.10656252452671
0,41,50.05,2029.05,0,0,0,0,1,0,0,0,0,0,0,0,0,0,0,0,1,0,0,0,0,1,0,0,0,0,0,0.10732727502407831,5.371730114955119
0,64,66.15,4392.5,0,1,1,0,1,0,1,0,0,0,1,0,0,0,0,0,0,0,1,0,0,1,0,1,1,0,0,0.10724994331053217,7.0945837499917035
0,22,20.25,488.25,0,1,1,1,1,0,0,0,1,1,0,1,0,1,0,1,0,1,0,1,0,1,0,0,0,0,0,0.1071489046249888,2.1697653186560233
1,63,84.0,5329.55,0,1,1,0,1,0,0,0,0,0,1,0,1,0,1,0,1,0,1,0,1,1,0,1,0,0,0,0.10694745845927076,8.983586510578743
0,39,41.15,1700.9,0,0,0,0,0,1,0,0,0,0,1,0,1,0,0,0,1,0,0,0,0,1,0,0,0,0,0,0.10682199614750762,4.3957251414699385
0,68,111.75,7511.3,0,0,1,1,1,0,1,1,0,0,1,0,0,0,1,0,1,0,1,0,1,0,1,0,1,0,0,0.10675787458268245,11.930192484614764
0,71,66.2,4692.55,0,1,1,1,1,0,1,0,0,0,1,0,0,0,0,0,0,0,1,0,0,1,0,1,0,1,0,0.10673704776593622,7.065992562104978
0,67,116.2,7752.3,1,1,0,0,1,0,1,1,0,0,1,0,1,0,1,0,1,0,1,0,1,0,1,0,1,0,0,0.10668438777708936,12.396725859697783
0,64,110.3,6997.3,0,0,1,1,1,0,1,1,0,0,1,0,1,0,0,0,1,0,1,0,1,0,1,0,0,0,0,0.1065271686676742,11.749946704044463
0,50,70.35,3533.6,0,0,0,1,1,0,0,1,0,0,0,0,0,0,0,0,0,0,0,0,0,0,1,0,1,0,0,0.1064235253650493,7.486895009431218
0,70,114.3,8244.3,0,1,1,0,1,0,1,1,0,0,1,0,1,0,1,0,1,0,1,0,1,0,1,0,1,0,0,0.10638761716520068,12.160104641982437
0,4,19.9,76.65,0,1,1,1,1,0,0,0,1,1,0,1,0,1,0,1,0,1,0,1,0,0,1,0,0,0,1,0.10633595462993325,2.1160854971356717
1,72,104.1,7447.7,0,1,1,1,1,0,0,1,0,0,1,0,0,0,1,0,1,0,1,0,1,0,1,1,1,0,0,0.10628217931997933,11.063974867209847
0,52,30.1,1623.4,0,1,0,0,0,1,0,0,0,0,0,0,1,0,0,0,0,0,0,0,0,1,0,0,0,0,1,0.10626575919999766,3.19859935191993
0,24,20.45,527.35,0,0,0,0,1,0,0,0,1,1,0,1,0,1,0,1,0,1,0,1,0,1,0,0,1,0,0,0.10613530551022171,2.170466997684034
0,34,25.6,917.15,0,0,1,1,1,0,1,0,1,1,0,1,0,1,0,1,0,1,0,1,0,1,0,1,1,0,0,0.10598207116824246,2.713141021907007
0,72,115.15,8349.45,0,1,1,0,1,0,1,1,0,0,1,0,1,0,1,0,1,0,1,0,1,0,1,0,0,0,0,0.10597330848892883,12.202826472500155
0,41,60.3,2511.3,0,1,1,1,1,0,0,0,0,0,1,0,1,0,1,0,0,0,0,0,0,1,0,1,0,0,0,0.10575014696200509,6.376733861808907
1,26,19.3,504.2,0,1,0,0,1,0,0,0,1,1,0,1,0,1,0,1,0,1,0,1,0,1,0,0,1,0,0,0.10572015675445161,2.0403990253609163
0,65,108.65,6937.95,1,1,1,1,1,0,1,1,0,0,1,0,0,0,1,0,1,0,1,0,1,0,1,0,0,0,0,0.10561500536111205,11.475070332484826
0,36,92.9,3379.25,0,0,1,1,1,0,1,0,0,0,1,0,1,0,1,0,1,0,1,0,1,0,1,1,1,0,0,0.10560360729428964,9.810575117639507
0,71,100.45,7159.7,0,0,1,1,1,0,1,1,0,0,1,0,0,0,1,0,1,0,0,0,1,0,1,0,0,1,0,0.10557239812187151,10.604747391341993
1,70,44.05,3011.65,0,1,0,0,0,1,0,0,0,0,0,0,1,0,1,0,0,0,1,0,0,1,0,1,1,0,0,0.10494560109449383,4.622853728212453
0,71,85.45,6300.85,0,1,1,1,1,0,1,0,0,0,1,0,0,0,1,0,1,0,1,0,1,1,0,0,0,1,0,0.10482817397221587,8.957567465925846
0,55,75.75,4264.25,0,0,1,1,1,0,1,0,0,0,1,0,1,0,0,0,1,0,0,0,1,1,0,1,0,0,0,0.10482386579809691,7.940407834205841
0,67,106.7,7009.5,0,0,1,1,1,0,1,1,0,0,1,0,0,0,0,0,1,0,1,0,1,0,1,0,1,0,0,0.10480255735722345,11.182432870015742
0,30,80.8,2369.3,0,0,1,1,1,0,0,0,0,0,0,0,1,0,1,0,1,0,1,0,1,0,1,0,0,0,0,0.10456043314148869,8.448482997832286
0,51,81.15,4126.2,0,1,0,0,1,0,1,0,0,0,1,0,1,0,1,0,1,0,1,0,0,1,0,1,1,0,0,0.10437810450951242,8.470283180946934
0,21,19.8,350.1,0,1,1,1,1,0,0,0,1,1,0,1,0,1,0,1,0,1,0,1,0,1,0,0,0,0,1,0.10432221143815243,2.065579786475418
0,4,19.5,96.85,0,1,1,1,1,0,0,0,1,1,0,1,0,1,0,1,0,1,0,1,0,0,1,0,1,0,0,0.1042907100199804,2.033668845389618
0,13,19.75,246.7,0,0,1,1,1,0,0,0,1,1,0,1,0,1,0,1,0,1,0,1,0,0,1,1,0,0,0,0.10399512872721801,2.0539037923625556
0,58,84.3,4916.4,0,0,1,0,1,0,1,0,0,0,1,0,0,0,1,0,1,0,1,0,1,0,1,1,0,1,0,0.10397872785436564,8.765406758123023
0,72,95.9,6954.15,0,0,1,1,1,0,1,1,0,0,1,0,1,0,0,0,0,0,1,0,0,0,1,1,0,0,0,0.10369156439899645,9.94402102586376
0,4,19.55,68.8,0,1,1,1,1,0,0,0,1,1,0,1,0,1,0,1,0,1,0,1,0,0,1,0,1,0,0,0.10360843574874237,2.0255449188879133
0,68,84.4,5746.75,0,0,1,1,1,0,1,1,0,0,0,0,1,0,1,0,0,0,0,0,0,0,1,1,1,0,0,0.1035586210439957,8.740347616113237
0,29,58.0,1734.5,0,0,0,0,1,0,0,0,0,0,1,0,0,0,1,0,1,0,0,0,0,1,0,0,1,0,0,0.10353189238403901,6.004849758274262
0,69,79.2,5420.65,0,1,1,1,1,0,1,1,0,0,0,0,0,0,1,0,0,0,0,0,0,0,1,1,1,0,0,0.10347353049648238,8.195103615321404
1,65,53.5,3517.9,0,0,0,0,0,1,0,0,0,0,0,0,1,0,1,0,0,0,1,0,1,0,1,1,0,0,0,0.10336360175252528,5.5299526937601025
0,7,19.45,165.35,0,1,0,0,1,0,0,0,1,1,0,1,0,1,0,1,0,1,0,1,0,0,1,0,0,0,1,0.10335805835083686,2.010314234923777
0,8,20.85,161.65,0,0,0,0,1,0,0,0,1,1,0,1,0,1,0,1,0,1,0,1,0,0,1,0,0,0,1,0.10327191423316638,2.153219411761519
0,8,20.25,174.65,0,0,0,0,1,0,0,0,1,1,0,1,0,1,0,1,0,1,0,1,0,0,1,0,0,0,1,0.10301931504109889,2.0861411295822525
0,57,74.6,4368.95,0,0,1,0,1,0,1,0,0,0,0,0,1,0,1,0,1,0,1,0,0,1,0,0,0,0,0,0.10286648488290379,7.673839772264622
0,72,54.2,3937.45,1,0,1,0,0,1,0,0,0,0,0,0,1,0,1,0,0,0,1,0,1,0,1,1,0,1,0,0.1028607821393427,5.575054391952375
0,49,74.45,3721.9,0,0,0,0,1,0,0,0,0,0,0,0,0,0,1,0,1,0,1,0,1,0,1,1,0,0,0,0.10281384878139524,7.654491041774876
1,72,113.8,7845.8,0,1,0,0,1,0,1,1,0,0,1,0,1,0,1,0,1,0,1,0,1,0,1,0,0,0,0,0.10269301039080388,11.68646458247348
0,72,97.95,7114.25,0,1,1,0,1,0,1,1,0,0,1,0,1,0,1,0,0,0,1,0,0,0,1,1,1,0,0,0.10255603911670634,10.045364031481386
0,47,60.0,2768.65,0,0,1,1,0,1,0,0,0,0,1,0,1,0,1,0,0,0,1,0,1,0,1,1,1,0,0,0.10247370472811328,6.148422283686797
0,59,69.1,4096.9,0,1,1,0,1,0,1,0,0,0,1,0,0,0,0,0,1,0,0,0,1,1,0,1,0,0,1,0.10240526424742488,7.076203759497059
0,67,88.8,5903.15,0,1,0,0,1,0,1,0,0,0,1,0,1,0,1,0,1,0,1,0,1,1,0,1,0,0,0,0.10213384170690677,9.06948514357332
0,8,20.0,141.6,0,0,0,0,1,0,0,0,1,1,0,1,0,1,0,1,0,1,0,1,0,0,1,0,0,0,1,0.10192385135095772,2.0384770270191543
0,22,19.95,433.5,0,1,1,1,1,0,0,0,1,1,0,1,0,1,0,1,0,1,0,1,0,1,0,0,0,0,1,0.1017865521871099,2.0306417161328425
0,67,104.6,6885.75,0,1,1,1,1,0,1,1,0,0,1,0,0,0,0,0,1,0,1,0,1,0,1,0,0,0,0,0.10177816781658616,10.645996353614912
0,72,115.05,8405.0,0,0,0,0,1,0,1,1,0,0,1,0,1,0,1,0,1,0,1,0,1,0,1,0,1,0,0,0.10167299045452445,11.697477551793037
0,22,20.15,419.9,0,1,1,1,1,0,0,0,1,1,0,1,0,1,0,1,0,1,0,1,0,1,0,0,0,0,1,0.10163259373965748,2.047896763854098
0,49,61.75,3024.15,0,0,1,1,1,0,0,0,0,0,1,0,0,0,1,0,1,0,0,0,0,0,0,0,0,0,0,0.1014554206981186,6.264872228108823
0,10,26.1,225.55,0,0,1,1,1,0,1,0,1,1,0,1,0,1,0,1,0,1,0,1,0,0,1,0,1,0,0,0.10143552160687531,2.6474671139394457
0,72,117.5,8670.1,0,0,1,1,1,0,1,1,0,0,1,0,1,0,1,0,1,0,1,0,1,0,1,0,1,0,0,0.10120865171718066,11.892016576768727
0,72,100.55,7325.1,0,1,1,0,1,0,1,1,0,0,1,0,1,0,0,0,1,0,0,0,1,0,1,1,0,0,0,0.10113710740825664,10.169336149900206
0,6,20.1,100.35,0,0,1,1,1,0,0,0,1,1,0,1,0,1,0,1,0,1,0,1,0,0,1,0,0,0,1,0.1009140641716987,2.028372689851144
0,54,61.0,3283.05,0,1,0,1,1,0,0,0,0,0,0,0,1,0,1,0,1,0,0,0,0,1,0,1,0,1,0,0.10089904036427652,6.154841462220868
0,25,19.9,527.5,0,0,0,0,1,0,0,0,1,1,0,1,0,1,0,1,0,1,0,1,0,1,0,0,1,0,0,0.10074065159906676,2.0047389668214284
0,64,73.05,4688.65,0,1,1,1,1,0,0,0,0,0,1,0,0,0,1,0,0,0,1,0,1,1,0,1,1,0,0,0.10043976717214195,7.337124991924969
0,72,115.8,8332.15,0,1,1,0,1,0,1,1,0,0,1,0,1,0,1,0,1,0,1,0,1,0,1,0,1,0,0,0.10043343247739547,11.630191480882395
0,72,114.45,8375.05,0,1,1,0,1,0,1,1,0,0,1,0,1,0,1,0,1,0,1,0,1,0,1,0,1,0,0,0.1002239382655013,11.470629734486623
0,17,25.15,412.6,0,1,1,1,1,0,1,0,1,1,0,1,0,1,0,1,0,1,0,1,0,0,1,1,0,0,1,0.10009614256519749,2.5174179855147165
0,23,20.05,415.1,0,0,1,1,1,0,0,0,1,1,0,1,0,1,0,1,0,1,0,1,0,1,0,0,0,0,1,0.1000759004169635,2.006521803360118
0,47,40.3,1794.8,0,1,1,1,0,1,0,0,0,0,1,0,0,0,1,0,1,0,0,0,0,1,0,0,0,1,0,0.09999591449263572,4.029835354053219
0,61,33.6,2117.2,0,1,1,1,0,1,0,0,0,0,1,0,0,0,1,0,0,0,0,0,0,0,0,0,0,0,0,0.0999577613315483,3.3585807807400228
0,67,103.15,6895.5,0,1,1,1,1,0,0,1,0,0,0,0,1,0,1,0,1,0,1,0,1,0,1,0,0,0,0,0.099849228940829,10.299447965246511
0,11,25.0,300.7,0,0,1,1,1,0,1,0,1,1,0,1,0,1,0,1,0,1,0,1,0,0,1,0,0,0,1,0.09963595759089723,2.4908989397724306
0,52,58.75,3038.55,0,0,0,0,0,1,0,0,0,0,1,0,1,0,1,0,0,0,1,0,1,0,1,1,0,0,0,0.09953921088000282,5.847928639200166
0,24,21.05,531.55,0,0,0,1,1,0,0,0,1,1,0,1,0,1,0,1,0,1,0,1,0,1,0,0,0,0,0,0.09946896494932939,2.0938217121833835
0,5,20.45,106.9,0,1,0,1,1,0,0,0,1,1,0,1,0,1,0,1,0,1,0,1,0,0,1,0,0,0,1,0.09946221410453679,2.0340022784377774
0,2,59.5,130.5,0,1,1,1,1,0,0,0,0,0,1,0,1,0,0,0,1,0,0,0,0,0,1,0,0,0,1,0.09925345084407287,5.905580325222336
0,35,61.2,2021.2,0,1,0,0,1,0,0,0,0,0,1,0,1,0,1,0,0,0,0,0,0,1,0,0,0,0,1,0.09922432188631648,6.072528499442569
1,71,80.7,5676.0,0,0,1,0,1,0,1,1,0,0,1,0,0,0,0,0,0,0,0,0,0,0,1,1,1,0,0,0.09911740103045999,7.998774263158121
0,68,75.8,5293.95,1,1,1,1,1,0,1,0,0,0,0,0,1,0,1,0,1,0,0,0,1,1,0,1,0,0,0,0.09905218911873295,7.508155935199958
0,38,20.45,781.25,0,0,1,1,1,0,0,0,1,1,0,1,0,1,0,1,0,1,0,1,0,0,0,0,0,0,1,0.09905019228196912,2.0255764321662686
0,48,64.4,3035.35,0,1,0,1,1,0,1,0,0,0,1,0,1,0,1,0,0,0,0,0,0,1,0,1,0,0,0,0.09902597100604542,6.377272532789325
0,26,19.2,459.6,0,0,1,0,1,0,0,0,1,1,0,1,0,1,0,1,0,1,0,1,0,1,0,0,0,0,1,0.09900560963265045,1.9009077049468885
0,64,93.4,5822.3,0,1,1,1,1,0,1,1,0,0,1,0,0,0,1,0,0,0,0,0,1,0,1,0,0,0,0,0.09877865235865164,9.225926130298063
0,19,24.9,467.7,0,0,1,1,1,0,1,0,1,1,0,1,0,1,0,1,0,1,0,1,0,0,1,1,0,0,0,0.09870347117934931,2.457716432365798
0,68,110.25,7279.35,0,0,0,0,1,0,1,1,0,0,1,0,1,0,0,0,1,0,1,0,1,0,1,0,1,0,0,0.09846847449904181,10.85614931351936
0,35,46.35,1662.05,0,0,1,1,0,1,0,0,0,0,1,0,0,0,0,0,1,0,1,0,0,0,1,1,1,0,0,0.0983662198092537,4.559274288158909
0,24,19.9,533.5,0,0,1,1,1,0,0,0,1,1,0,1,0,1,0,1,0,1,0,1,0,1,0,0,0,0,1,0.0982166830918244,1.9545119935273052
0,18,24.65,471.35,0,0,1,1,1,0,1,0,1,1,0,1,0,1,0,1,0,1,0,1,0,0,1,1,1,0,0,0.09771373747053777,2.408643628648756
0,71,99.0,7061.65,0,0,1,1,1,0,1,1,0,0,1,0,1,0,1,0,0,0,1,0,0,0,1,1,1,0,0,0.09757279178882179,9.659706387093358
0,7,19.85,144.15,0,0,1,1,1,0,0,0,1,1,0,1,0,1,0,1,0,1,0,1,0,0,1,0,0,0,1,0.09709907468503741,1.9274166324979927
0,25,19.9,510.8,0,1,0,0,1,0,0,0,1,1,0,1,0,1,0,1,0,1,0,1,0,1,0,0,1,0,0,0.09697275692320596,1.9297578627717986
0,23,19.65,436.9,0,1,1,1,1,0,0,0,1,1,0,1,0,1,0,1,0,1,0,1,0,1,0,0,0,0,1,0.09690058141007457,1.9040964247079653
0,37,58.75,2203.1,0,1,1,1,1,0,0,0,0,0,1,0,0,0,1,0,1,0,0,0,0,1,0,1,0,0,1,0.09672108180586021,5.682363556094288
0,70,51.05,3635.15,0,1,1,0,0,1,0,0,0,0,0,0,1,0,1,0,1,0,0,0,1,1,0,1,0,0,0,0.09638472261223144,4.920440089354415
0,21,53.15,1183.2,0,0,0,1,0,1,0,0,0,0,1,0,1,0,1,0,1,0,1,0,0,0,1,0,0,0,1,0.09637218213399437,5.1221814804218
0,67,84.8,5598.3,0,0,1,1,1,0,0,1,0,0,1,0,1,0,1,0,0,0,0,0,0,1,0,0,0,0,0,0.09628995413416822,8.165388110577464
0,72,113.4,8164.1,0,1,0,0,1,0,1,1,0,0,1,0,1,0,1,0,1,0,1,0,1,0,1,0,0,0,0,0.09626258108780102,10.916176695356636
0,36,53.1,1901.25,0,0,0,0,0,1,0,0,0,0,1,0,1,0,1,0,1,0,0,0,1,0,1,1,0,0,1,0.09623066904378996,5.109848526225247
0,14,19.7,263.65,0,0,1,1,1,0,0,0,1,1,0,1,0,1,0,1,0,1,0,1,0,0,1,1,0,0,1,0.09616517108684229,1.8944538704107932
0,15,25.2,387.9,0,0,1,0,1,0,1,0,1,1,0,1,0,1,0,1,0,1,0,1,0,0,1,0,0,0,1,0.0959990701702176,2.4191765682894832
0,8,19.5,159.35,0,0,1,1,1,0,0,0,1,1,0,1,0,1,0,1,0,1,0,1,0,0,1,0,0,0,0,0.09596239165308754,1.871266637235207
0,27,66.15,1874.45,0,0,1,1,1,0,0,0,0,0,1,0,1,0,1,0,1,0,0,0,0,1,0,0,0,0,1,0.09569901583382873,6.330489897407771
0,72,104.9,7559.55,0,1,1,1,1,0,0,1,0,0,1,0,0,0,1,0,1,0,1,0,1,0,1,1,1,0,0,0.0956799325390571,10.03682492334709
0,15,25.05,369.1,0,0,0,0,1,0,1,0,1,1,0,1,0,1,0,1,0,1,0,1,0,0,1,0,0,0,0,0.09561229606522657,2.3950880164339257
0,67,75.5,5229.45,0,0,1,1,1,0,1,0,0,0,1,0,0,0,0,0,0,0,1,0,1,0,1,1,0,1,0,0.09545411960017237,7.206786029813014
0,54,79.95,4362.05,0,1,1,1,1,0,0,1,0,0,0,0,1,0,0,0,1,0,0,0,0,0,1,1,0,0,0,0.09474186110879376,7.574611795648061
0,27,20.1,562.6,0,1,0,0,1,0,0,0,1,1,0,1,0,1,0,1,0,1,0,1,0,1,0,0,0,0,0,0.09470172983114884,1.9035047696060918
0,23,19.8,465.45,0,1,0,1,1,0,0,0,1,1,0,1,0,1,0,1,0,1,0,1,0,1,0,0,0,0,1,0.09457811544420813,1.872646685795321
0,71,114.6,8100.25,0,0,1,1,1,0,1,1,0,0,1,0,1,0,1,0,1,0,1,0,1,0,1,0,0,0,0,0.0944947739261509,10.829101091936892
0,71,111.3,7985.9,0,0,0,0,1,0,1,1,0,0,1,0,1,0,1,0,1,0,1,0,1,0,1,0,0,0,1,0.09445014351411903,10.512300973121448
0,57,84.5,4845.4,0,0,1,1,1,0,1,0,0,0,1,0,0,0,1,0,1,0,1,0,1,0,1,1,0,1,0,0.09441092620935723,7.977723264690686
0,72,98.2,7015.9,0,0,1,0,1,0,1,1,0,0,1,0,0,0,1,0,1,0,1,0,0,0,1,1,0,0,0,0.09434298150493281,9.264480783784402
0,26,19.4,525.55,0,1,0,0,1,0,0,0,1,1,0,1,0,1,0,1,0,1,0,1,0,1,0,0,0,0,1,0.09433918666609926,1.8301802213223255
0,68,78.45,5333.35,0,0,1,1,1,0,1,0,0,0,1,0,1,0,1,0,1,0,0,0,1,1,0,1,0,1,0,0.09430697683440487,7.398382332659062
0,50,35.4,1748.9,0,1,0,0,0,1,0,0,0,0,1,0,0,0,0,0,1,0,0,0,0,1,0,1,0,0,1,0.09413663822846753,3.3324369932877507
0,41,70.2,2894.55,0,1,0,1,1,0,0,0,0,0,1,0,1,0,1,0,0,0,1,0,0,1,0,0,0,0,1,0.09394589136097761,6.595001573540629
0,63,98.0,6218.45,0,0,0,0,1,0,1,1,0,0,1,0,1,0,1,0,0,0,1,0,0,0,1,0,1,0,0,0.09355784453874076,9.168668764796594
1,69,29.8,2134.3,0,1,1,0,0,1,0,0,0,0,0,0,0,0,1,0,0,0,0,0,0,1,0,1,1,0,0,0.09351584894242274,2.7867722984841974
0,69,106.35,7261.75,0,1,1,1,1,0,0,1,0,0,1,0,1,0,0,0,1,0,1,0,1,0,1,1,1,0,0,0.09350583913859307,9.944345992389373
0,25,20.05,520.1,0,0,1,1,1,0,0,0,1,1,0,1,0,1,0,1,0,1,0,1,0,1,0,0,0,0,1,0.093490465451011,1.8744838322927706
0,35,55.6,2016.45,0,0,0,1,1,0,0,0,0,0,1,0,1,0,0,0,0,0,0,0,0,1,0,0,1,0,0,0.09339841539832291,5.192951896146754
0,71,86.4,6172.0,0,1,0,0,1,0,1,1,0,0,0,0,0,0,1,0,1,0,0,0,0,0,1,1,1,0,0,0.09324699822827097,8.056540646922612
0,8,19.05,201.7,0,0,1,1,1,0,0,0,1,1,0,1,0,1,0,1,0,1,0,1,0,0,1,0,0,0,1,0.09324496635686243,1.7763166090982292
0,42,20.35,869.9,0,0,1,0,1,0,0,0,1,1,0,1,0,1,0,1,0,1,0,1,0,0,0,0,1,0,0,0.09322020069047274,1.8970310840511204
0,53,77.4,4155.95,0,1,1,0,1,0,1,0,0,0,1,0,0,0,1,0,1,0,1,0,0,1,0,0,0,0,0,0.09313988858466683,7.209027376453213
0,24,20.25,439.75,0,1,1,1,1,0,0,0,1,1,0,1,0,1,0,1,0,1,0,1,0,1,0,0,0,0,1,0.09301532347832053,1.8835603004359909
0,52,35.45,1958.95,0,0,1,0,0,1,0,0,0,0,1,0,0,0,1,0,0,0,0,0,0,1,0,0,0,0,1,0.09297417046294765,3.2959343429114942
0,8,19.5,162.15,0,0,1,1,1,0,0,0,1,1,0,1,0,1,0,1,0,1,0,1,0,0,1,0,0,0,1,0.09271382388111908,1.807919565681822
0,12,25.25,274.7,0,0,1,1,1,0,1,0,1,1,0,1,0,1,0,1,0,1,0,1,0,0,1,0,1,0,0,0.09267484556251111,2.3400398504534055
0,45,54.15,2319.8,1,0,1,1,1,0,0,0,0,0,0,0,1,0,0,0,1,0,0,0,0,1,0,1,1,0,0,0.09264865987877091,5.016924932435445
0,54,44.1,2369.7,0,0,0,0,0,1,0,0,0,0,1,0,0,0,0,0,1,0,0,0,1,1,0,0,0,0,0,0.09262212406006952,4.084635671049066
1,71,72.9,5139.65,0,1,1,1,1,0,1,0,0,0,0,0,1,0,1,0,1,0,0,0,1,1,0,1,0,0,0,0.09260296722834747,6.750756310946532
0,72,103.95,7556.9,0,0,1,0,1,0,1,1,0,0,1,0,1,0,1,0,1,0,1,0,0,0,1,1,0,0,0,0.0923907619167518,9.60401970124635
0,27,20.3,595.05,0,1,0,0,1,0,0,0,1,1,0,1,0,1,0,1,0,1,0,1,0,1,0,0,0,0,1,0.09236199208059778,1.874948439236135
0,27,19.15,501.35,0,0,0,0,1,0,0,0,1,1,0,1,0,1,0,1,0,1,0,1,0,1,0,0,0,0,1,0.09229235070558638,1.767398516011979
0,69,113.25,7895.15,0,0,1,1,1,0,1,1,0,0,1,0,1,0,1,0,1,0,1,0,1,0,1,0,1,0,0,0.09204765412977278,10.424396830196768
0,49,35.8,1782.0,0,0,1,1,0,1,0,0,0,0,1,0,0,0,0,0,1,0,0,0,0,1,0,1,1,0,0,0.09203055516929388,3.294693875060721
0,72,114.55,8306.05,0,1,1,1,1,0,1,1,0,0,1,0,1,0,1,0,1,0,1,0,1,0,1,0,0,0,0,0.09171696229639373,10.5061780310519
1,72,73.45,5329.0,0,1,1,0,1,0,1,0,0,0,0,0,0,0,1,0,0,0,1,0,1,0,1,1,1,0,0,0.09148520613649873,6.719588390725832
0,72,108.65,7726.35,0,0,1,1,1,0,0,1,0,0,1,0,1,0,1,0,1,0,1,0,1,0,1,1,0,0,0,0.09147741874539,9.939021546686625
0,72,112.1,7965.95,0,0,1,0,1,0,1,1,0,0,1,0,1,0,1,0,1,0,1,0,1,0,1,0,1,0,0,0.09140108423681771,10.246061542947265
0,38,70.6,2708.2,0,1,0,0,1,0,0,0,0,0,1,0,1,0,0,0,1,0,1,0,0,1,0,0,0,0,1,0.09135749684521705,6.449839277272323
0,26,19.8,457.3,0,1,0,0,1,0,0,0,1,1,0,1,0,1,0,1,0,1,0,1,0,1,0,0,1,0,0,0.09114349517800044,1.8046412045244087
0,71,76.05,5436.45,0,0,1,1,1,0,0,1,0,0,0,0,0,0,1,0,0,0,0,0,0,0,1,0,0,1,0,0.09107538544120874,6.9262830628039245
0,46,79.2,3593.8,0,0,0,0,1,0,1,0,0,0,1,0,0,0,1,0,0,0,1,0,1,0,1,0,0,0,1,0.09089092238248184,7.198561052692562
0,69,92.15,6480.9,0,1,1,1,1,0,0,1,0,0,0,0,1,0,0,0,1,0,1,0,0,0,1,1,0,0,1,0.09085369385896747,8.372167889103853
0,72,100.65,7334.05,0,0,1,0,1,0,1,1,0,0,1,0,1,0,1,0,0,0,1,0,0,0,1,0,0,0,0,0.09083567762672885,9.14261095313026
0,64,99.25,6549.45,0,1,0,0,1,0,1,1,0,0,1,0,0,0,1,0,1,0,0,0,1,0,1,0,1,0,0,0.09074698010713984,9.00663777563363
0,23,34.6,813.45,0,0,1,1,0,1,0,0,0,0,1,0,0,0,0,0,1,0,0,0,0,0,1,0,0,0,1,0.09064850986126642,3.1364384411998185
0,45,42.3,1840.75,0,1,0,0,0,1,0,0,0,0,1,0,0,0,1,0,1,0,0,0,0,1,0,0,0,0,0,0.09032787543785611,3.8208691310213134
0,64,54.6,3423.5,0,0,1,1,0,1,0,0,0,0,0,0,1,0,0,0,1,0,1,0,1,0,1,1,0,1,0,0.09029775632280718,4.930257495225272
0,8,20.15,165.5,0,1,1,1,1,0,0,0,1,1,0,1,0,1,0,1,0,1,0,1,0,0,1,0,0,0,1,0.09023876556156601,1.8183111260655551
0,72,108.3,7679.65,0,0,1,1,1,0,0,1,0,0,1,0,1,0,1,0,1,0,1,0,1,0,1,1,0,0,0,0.0900910683227415,9.756862699352904
0,72,109.5,7854.9,0,0,1,1,1,0,0,1,0,0,1,0,1,0,1,0,1,0,1,0,1,0,1,1,1,0,0,0.09008272099317109,9.864057948752235
0,71,113.65,8166.8,0,0,1,1,1,0,1,1,0,0,1,0,1,0,1,0,1,0,1,0,1,0,1,0,1,0,0,0.09002538799020882,10.231385345087233
0,68,76.9,5023.0,0,1,0,0,1,0,1,0,0,0,1,0,1,0,1,0,0,0,0,0,1,1,0,1,1,0,0,0.09001640317330378,6.922261404027061
0,30,25.35,723.3,0,1,0,1,1,0,1,0,1,1,0,1,0,1,0,1,0,1,0,1,0,1,0,0,0,0,0,0.089798881275636,2.276401640337373
0,9,20.35,191.1,0,0,1,1,1,0,0,0,1,1,0,1,0,1,0,1,0,1,0,1,0,0,1,0,0,0,1,0.08979096377867364,1.8272461128960087
0,23,59.7,1414.2,0,1,1,1,1,0,1,0,0,0,0,0,1,0,0,0,1,0,0,0,0,0,1,0,0,0,1,0.08975667108119613,5.358473263547409
0,9,19.75,210.65,0,0,1,1,1,0,0,0,1,1,0,1,0,1,0,1,0,1,0,1,0,0,1,0,0,0,1,0.08971774878206536,1.7719255384457908
0,56,68.75,3815.4,0,0,1,1,1,0,1,0,0,0,1,0,1,0,0,0,0,0,0,0,1,1,0,0,0,0,0,0.0896108264634902,6.160744319364951
0,16,68.25,1114.85,0,0,1,1,1,0,0,0,0,0,1,0,1,0,0,0,1,0,0,0,1,0,1,0,0,0,0,0.089413881804223,6.102497433138219
0,56,65.2,3512.15,0,0,1,1,1,0,1,0,0,0,1,0,0,0,0,0,0,0,1,0,0,1,0,0,0,0,0,0.08923130175154348,5.817880874200635
0,60,70.15,4224.7,0,0,0,0,1,0,0,0,0,0,0,0,1,0,1,0,1,0,1,0,0,1,0,1,1,0,0,0.08912087662445281,6.2518294952053655
0,33,82.1,2603.1,0,1,1,1,1,0,0,0,0,0,0,0,1,0,1,0,1,0,1,0,1,0,1,0,1,0,0,0.08907624739720803,7.313159911310779
0,8,19.7,130.25,0,1,1,1,1,0,0,0,1,1,0,1,0,1,0,1,0,1,0,1,0,0,1,0,0,0,1,0.08904317731659675,1.7541505931369559
0,63,109.2,7049.75,0,1,0,0,1,0,0,1,0,0,1,0,1,0,1,0,1,0,1,0,1,0,1,0,1,0,0,0.08897354741819276,9.71591137806665
0,60,59.8,3561.15,0,1,1,0,1,0,0,0,0,0,1,0,0,0,0,0,0,0,1,0,0,1,0,1,0,0,1,0.08896276999045168,5.31997364542901
0,68,84.7,5711.05,0,0,1,0,1,0,1,1,0,0,1,0,1,0,0,0,0,0,0,0,0,0,1,1,0,0,0,0.08882700477858198,7.523647304745894
0,52,53.75,2790.65,0,1,0,0,1,0,0,0,0,0,1,0,0,0,1,0,0,0,0,0,0,1,0,0,0,1,0,0.08875255960550654,4.770450078795976
0,57,57.5,3265.95,0,1,1,0,0,1,0,0,0,0,0,0,1,0,1,0,1,0,1,0,1,0,1,1,0,0,0,0.08865198983289967,5.097489415391731
0,64,81.25,5567.55,0,1,0,0,1,0,1,0,0,0,1,0,1,0,1,0,1,0,1,0,0,1,0,0,0,1,0,0.0885607436638817,7.195560422690388
0,42,73.9,3160.55,1,0,0,0,1,0,0,0,0,0,1,0,1,0,1,0,1,0,0,0,1,1,0,0,1,0,0,0.0883536277506319,6.529333090771697
0,34,20.1,682.1,0,0,1,1,1,0,0,0,1,1,0,1,0,1,0,1,0,1,0,1,0,1,0,1,0,0,0,0.08831604591470132,1.7751525228854967
0,68,54.45,3687.75,0,0,0,0,1,0,1,0,0,0,1,0,0,0,0,0,0,0,0,0,0,0,0,0,0,0,1,0.08802673539053427,4.793055742014591
0,72,107.45,7576.7,0,0,1,1,1,0,1,1,0,0,1,0,0,0,1,0,1,0,1,0,1,0,1,0,0,0,1,0.08801961468546457,9.457707597953169
0,30,55.65,1653.85,0,1,0,0,1,0,0,0,0,0,1,0,0,0,1,0,0,0,0,0,0,0,1,1,0,0,1,0.08789176633362723,4.891176796466356
0,42,63.7,2763.35,0,1,1,1,1,0,0,0,0,0,1,0,0,0,0,0,1,0,0,0,1,1,0,0,1,0,0,0.08788839736194735,5.598490911956047
0,11,20.4,231.45,0,1,0,0,1,0,0,0,1,1,0,1,0,1,0,1,0,1,0,1,0,0,1,0,0,0,1,0.08775240875038022,1.7901491385077564
0,37,19.85,717.5,0,0,1,0,1,0,0,0,1,1,0,1,0,1,0,1,0,1,0,1,0,1,0,1,0,0,0,0.08766458547932396,1.7401420217645807
0,36,19.25,679.8,0,0,0,0,1,0,0,0,1,1,0,1,0,1,0,1,0,1,0,1,0,1,0,1,0,0,0,0.087587612090862,1.6860615327490933
0,14,76.1,1054.8,0,1,0,1,1,0,0,0,0,0,1,0,1,0,1,0,1,0,0,0,1,0,1,0,0,0,0,0.08749181324423236,6.658126987886082
0,67,79.7,5293.4,1,1,1,1,1,0,1,0,0,0,1,0,0,0,1,0,0,0,1,0,1,0,1,1,0,1,0,0.0874632833278695,6.9708236812312
0,67,59.55,4103.9,0,0,1,1,0,1,0,0,0,0,0,0,1,0,1,0,1,0,1,0,1,0,1,1,0,1,0,0.08745266213984326,5.207806030427666
0,29,20.35,617.35,0,0,0,0,1,0,0,0,1,1,0,1,0,1,0,1,0,1,0,1,0,1,0,0,0,0,1,0.08742428832623124,1.7790842674388059
0,36,53.65,1939.35,0,1,1,1,1,0,0,0,0,0,1,0,1,0,0,0,0,0,0,0,0,1,0,0,0,0,1,0.08741589122405552,4.6898625641705785
0,55,75.0,4213.9,0,0,1,1,1,0,1,0,0,0,1,0,1,0,0,0,1,0,1,0,0,1,0,1,1,0,0,0.0873520063044964,6.55140047283723
1,59,64.05,3886.85,0,1,1,0,0,1,0,0,0,0,1,0,0,0,1,0,1,0,1,0,1,0,1,1,1,0,0,0.0871570911019836,5.582411685082049
0,72,104.9,7732.65,0,1,1,1,1,0,1,1,0,0,1,0,1,0,1,0,1,0,0,0,1,0,1,1,1,0,0,0.08713509144500345,9.140471092580862
0,33,19.45,600.25,0,1,1,1,1,0,0,0,1,1,0,1,0,1,0,1,0,1,0,1,0,1,0,1,0,0,0,0.08711051847722237,1.694299584381975
0,49,66.15,3199.0,0,1,0,0,1,0,1,0,0,0,0,0,0,0,0,0,1,0,1,0,0,0,1,1,0,0,0,0.0869934873662734,5.754619189278985
0,8,19.6,125.0,0,1,1,1,1,0,0,0,1,1,0,1,0,1,0,1,0,1,0,1,0,0,1,0,1,0,0,0.08698447189359985,1.7048956491145573
0,72,114.45,8100.55,0,1,1,1,1,0,1,1,0,0,1,0,1,0,1,0,1,0,1,0,1,0,1,0,0,0,0,0.0869494228140484,9.951361441067839
0,60,53.6,3237.05,0,0,0,0,0,1,0,0,0,0,1,0,0,0,1,0,0,0,1,0,1,0,1,0,0,1,0,0.08687570990649593,4.656538050988182
0,57,65.2,3687.85,0,0,1,1,1,0,1,0,0,0,1,0,1,0,0,0,1,0,0,0,0,0,0,0,0,0,0,0.08685661464656907,5.663051274956304
0,29,20.0,599.3,0,0,0,0,1,0,0,0,1,1,0,1,0,1,0,1,0,1,0,1,0,1,0,0,0,0,1,0.08672697973540085,1.7345395947080169
0,39,53.85,2200.7,0,1,0,0,1,0,1,0,0,0,0,0,0,0,0,0,1,0,0,0,0,0,1,1,1,0,0,0.08670037639299734,4.6688152687629065
0,53,99.5,5424.25,0,0,0,0,1,0,0,1,0,0,1,0,1,0,1,0,1,0,0,0,1,0,1,0,0,0,1,0.08664456758786039,8.62113447499211
0,9,19.6,197.4,0,1,1,1,1,0,0,0,1,1,0,1,0,1,0,1,0,1,0,1,0,0,1,0,0,0,1,0.08627314539307694,1.6909536497043083
0,58,55.5,3166.9,0,0,1,1,0,1,0,0,0,0,0,0,0,0,1,0,1,0,1,0,1,0,1,1,1,0,0,0.08611617096201765,4.7794474883919795
0,35,26.2,954.9,0,1,0,0,1,0,1,0,1,1,0,1,0,1,0,1,0,1,0,1,0,1,0,0,0,0,0,0.08608924433628916,2.2555382016107757
0,10,20.15,220.8,0,0,1,1,1,0,0,0,1,1,0,1,0,1,0,1,0,1,0,1,0,0,1,0,0,0,1,0.08608679184377369,1.7346488556520396
0,41,24.85,962.25,0,0,0,0,1,0,1,0,1,1,0,1,0,1,0,1,0,1,0,1,0,1,0,1,0,0,1,0.0858022142894227,2.132185025092154
0,56,52.0,2884.9,0,1,1,1,0,1,0,0,0,0,1,0,1,0,0,0,1,0,1,0,0,1,0,1,0,0,1,0.08551992944000113,4.447036330880058
0,65,99.05,6416.7,0,0,1,1,1,0,1,1,0,0,1,0,1,0,0,0,1,0,1,0,0,0,1,1,1,0,0,0.08532830193321184,8.451768306484633
0,64,53.85,3399.85,0,0,1,1,1,0,1,0,0,0,0,0,1,0,0,0,0,0,0,0,0,1,0,1,0,0,0,0.08523229095209665,4.589758867770405
0,63,58.55,3503.5,0,0,0,0,1,0,0,0,0,0,0,0,0,0,1,0,0,0,0,0,1,1,0,0,1,0,0,0.08512605136475022,4.984130307406125
0,11,19.55,223.15,0,1,0,0,1,0,0,0,1,1,0,1,0,1,0,1,0,1,0,1,0,0,1,0,1,0,0,0.08503212241811722,1.6623779932741918
1,71,69.2,4982.5,0,0,1,1,1,0,1,0,0,0,1,0,1,0,0,0,0,0,1,0,0,1,0,0,0,1,0,0.08495306788730186,5.878752297801289
0,61,81.0,4976.15,0,1,1,1,1,0,1,0,0,0,0,0,0,0,1,0,1,0,1,0,1,0,1,1,0,0,0,0.08490521082306315,6.877322076668116
0,70,114.75,7842.3,0,1,1,1,1,0,1,1,0,0,1,0,1,0,1,0,1,0,1,0,1,0,1,0,1,0,0,0.08488396672148527,9.740435181290435
0,46,70.6,3231.05,0,0,1,0,1,0,0,0,0,0,1,0,1,0,0,0,1,0,0,0,1,1,0,0,0,0,1,0.08485830912050178,5.990996623907425
0,35,19.15,638.0,0,1,0,0,1,0,0,0,1,1,0,1,0,1,0,1,0,1,0,1,0,1,0,1,0,0,1,0.08468957574497972,1.6218053755163615
0,55,45.05,2462.6,0,0,0,0,1,0,0,0,0,0,0,0,0,0,0,0,0,0,0,0,0,1,0,0,0,0,0,0.08467176767205041,3.8144631336258707
0,58,44.1,2413.05,0,0,1,1,1,0,0,0,0,0,0,0,0,0,0,0,0,0,0,0,0,1,0,1,0,0,1,0.08458105669360766,3.7300246001880977
0,42,19.05,761.85,0,0,1,1,1,0,0,0,1,1,0,1,0,1,0,1,0,1,0,1,0,1,0,1,0,1,0,0.08427301251810025,1.6054008884698099
0,42,25.05,949.85,0,1,0,0,1,0,1,0,1,1,0,1,0,1,0,1,0,1,0,1,0,1,0,0,0,1,0,0.08424178616238215,2.110256743367673
0,39,24.2,914.6,0,0,1,1,1,0,1,0,1,1,0,1,0,1,0,1,0,1,0,1,0,1,0,1,0,0,1,0.08418178121894711,2.03719910549852
0,36,31.05,1126.35,0,0,0,0,0,1,0,0,0,0,1,0,0,0,0,0,0,0,0,0,0,0,1,0,0,0,0,0.08395789716198765,2.6068927068797167
0,61,50.7,3088.75,0,0,1,1,0,1,0,0,0,0,1,0,1,0,0,0,1,0,0,0,1,1,0,1,0,0,0,0.08362120971584432,4.239595332593307
0,33,20.15,682.15,0,1,0,1,1,0,0,0,1,1,0,1,0,1,0,1,0,1,0,1,0,1,0,1,0,0,1,0.08360894410928385,1.6847202238020695
0,25,35.05,844.45,0,0,0,1,0,1,0,0,0,0,1,0,0,0,0,0,1,0,0,0,0,0,1,0,0,0,0,0.08358112182003985,2.9295183197923964
0,50,70.8,3478.15,0,0,0,1,1,0,0,0,0,0,1,0,0,0,1,0,1,0,1,0,0,1,0,1,1,0,0,0.0834294008417806,5.906801579598066
0,51,69.75,3562.5,0,0,1,1,1,0,0,0,0,0,1,0,1,0,0,0,1,0,0,0,1,1,0,1,1,0,0,0.08340248738336105,5.8173234949894335
0,67,94.1,6302.8,0,0,1,1,1,0,1,1,0,0,0,0,1,0,0,0,1,0,1,0,0,0,1,0,1,0,0,0.08335127071318314,7.843354574110533
0,52,74.0,3877.65,0,0,0,0,1,0,1,0,0,0,1,0,0,0,1,0,1,0,1,0,0,1,0,0,1,0,0,0.08330471706153357,6.164549062553484
0,35,19.9,666.0,0,1,1,1,1,0,0,0,1,1,0,1,0,1,0,1,0,1,0,1,0,1,0,0,0,1,0,0.0832852731555331,1.6573769357951085
0,28,18.25,534.7,0,1,0,0,1,0,0,0,1,1,0,1,0,1,0,1,0,1,0,1,0,1,0,0,1,0,0,0.08322591950151527,1.5188730309026537
0,19,19.95,373.5,0,1,0,0,1,0,0,0,1,1,0,1,0,1,0,1,0,1,0,1,0,0,1,1,0,0,1,0.083070221068631,1.6572509103191884
1,56,68.45,4014.0,0,0,1,0,1,0,1,0,0,0,1,0,1,0,1,0,1,0,0,0,0,1,0,1,1,0,0,0.08299279832084568,5.680857045061887
0,62,84.95,5150.55,0,0,1,0,1,0,1,0,0,0,1,0,1,0,0,0,1,0,1,0,1,0,1,1,0,1,0,0.08276459170975717,7.030852065743872
1,50,75.15,3822.45,0,1,1,1,1,0,1,0,0,0,1,0,1,0,1,0,0,0,0,0,1,0,1,1,0,0,0,0.08273870902466267,6.2178139832034
0,61,80.9,4932.5,0,1,1,0,1,0,1,0,0,0,0,0,1,0,1,0,0,0,1,0,1,0,1,0,0,0,0,0.08272572965511352,6.692511529098684
0,59,76.75,4541.9,0,1,1,1,1,0,0,0,0,0,0,0,1,0,1,0,1,0,1,0,1,1,0,0,1,0,0,0.08263060611579949,6.341899019387611
0,14,20.4,292.4,0,0,1,0,1,0,0,0,1,1,0,1,0,1,0,1,0,1,0,1,0,0,1,0,0,0,1,0.08260760454687491,1.685195132756248
0,44,59.85,2603.95,0,1,1,0,1,0,0,0,0,0,1,0,1,0,0,0,1,0,0,0,0,1,0,1,0,0,0,0.08234620586024889,4.928420420735896
0,68,91.7,6424.7,0,0,1,0,1,0,1,0,0,0,1,0,1,0,1,0,1,0,1,0,1,0,1,1,0,1,0,0.08224348494245905,7.541727569223495
0,45,20.4,930.45,1,1,0,0,1,0,0,0,1,1,0,1,0,1,0,1,0,1,0,1,0,1,0,1,0,1,0,0.08214759944088894,1.6758110285941341
0,70,84.1,5979.7,0,1,1,1,1,0,1,0,0,0,0,0,1,0,1,0,1,0,1,0,1,0,1,1,0,1,0,0.08211098201572968,6.905533587522866
0,24,35.75,830.8,0,1,0,1,0,1,0,0,0,0,1,0,0,0,0,0,1,0,0,0,0,0,1,0,0,0,1,0.08202885582943753,2.932531595902392
0,72,76.8,5468.45,0,0,1,1,1,0,1,0,0,0,0,0,0,0,1,0,0,0,1,0,1,0,1,1,0,0,0,0.08166542394860364,6.27190455925276
0,72,85.25,6083.1,0,1,1,0,1,0,1,0,0,0,1,0,1,0,1,0,0,0,1,0,1,0,1,1,0,1,0,0.08160862250550095,6.957135068593956
1,32,19.8,587.7,0,1,0,0,1,0,0,0,1,1,0,1,0,1,0,1,0,1,0,1,0,1,0,0,1,0,0,0.08159794954445783,1.615639400980265
0,29,19.1,529.5,0,1,0,0,1,0,0,0,1,1,0,1,0,1,0,1,0,1,0,1,0,1,0,0,0,0,1,0.08158534754538872,1.5582801381169247
0,28,19.9,543.0,0,0,1,1,1,0,0,0,1,1,0,1,0,1,0,1,0,1,0,1,0,1,0,0,0,0,1,0.08135533225394241,1.6189711118534538
0,38,20.25,814.75,0,0,1,0,1,0,0,0,1,1,0,1,0,1,0,1,0,1,0,1,0,1,0,1,1,0,0,0.08126247937230709,1.6455652072892184
0,31,20.95,683.25,0,0,0,0,1,0,0,0,1,1,0,1,0,1,0,1,0,1,0,1,0,1,0,0,0,0,1,0.08125340218315608,1.7022587757371197
0,12,20.3,224.5,0,0,1,1,1,0,0,0,1,1,0,1,0,1,0,1,0,1,0,1,0,0,1,0,0,0,0,0.08123319981257507,1.649033956195274
0,63,84.65,5377.8,0,1,1,0,1,0,1,1,0,0,1,0,0,0,0,0,1,0,0,0,0,0,1,1,1,0,0,0.08115329088409305,6.869626073338477
0,36,20.35,695.85,0,1,0,0,1,0,0,0,1,1,0,1,0,1,0,1,0,1,0,1,0,1,0,1,1,0,0,0.08114977921909916,1.651398007108668
0,30,20.7,587.1,0,1,1,0,1,0,0,0,1,1,0,1,0,1,0,1,0,1,0,1,0,1,0,0,1,0,0,0.08113976512895989,1.6795931381694695
0,62,108.15,6825.65,0,1,1,1,1,0,0,1,0,0,1,0,1,0,1,0,1,0,1,0,1,0,1,0,0,0,1,0.08091326002148824,8.750769071323955
0,23,40.1,857.75,0,1,0,1,0,1,0,0,0,0,1,0,0,0,1,0,1,0,0,0,0,0,1,0,0,0,1,0.08090758190229784,3.2443940342821436
0,56,80.3,4513.65,0,0,1,0,1,0,0,1,0,0,1,0,0,0,1,0,0,0,0,0,0,0,1,0,0,0,0,0.08086118564019176,6.493153206907398
0,49,59.6,2970.3,0,1,1,1,1,0,0,0,0,0,1,0,1,0,0,0,1,0,0,0,0,0,0,0,1,0,0,0.08067945371806717,4.808495441596803
0,42,84.35,3571.6,0,0,1,0,1,0,1,0,0,0,1,0,0,0,1,0,1,0,1,0,1,0,1,0,1,0,0,0.08058821445344949,6.797615889148464
0,11,20.9,202.3,0,0,1,1,1,0,0,0,1,1,0,1,0,1,0,1,0,1,0,1,0,0,1,0,1,0,0,0.0805352104924163,1.6831858992915005
0,30,19.8,576.65,0,1,1,0,1,0,0,0,1,1,0,1,0,1,0,1,0,1,0,1,0,1,0,0,1,0,0,0.08021386327816055,1.588234492907579
1,67,92.45,6140.85,0,0,0,0,1,0,0,1,0,0,1,0,1,0,0,0,1,0,1,0,0,0,1,1,0,0,0,0.08018841832931461,7.413419274545136
0,30,19.7,625.05,0,1,0,0,1,0,0,0,1,1,0,1,0,1,0,1,0,1,0,1,0,1,0,0,0,0,1,0.08015439365457105,1.5790415549950496
0,45,62.55,2796.45,0,0,0,0,1,0,0,0,0,0,1,0,1,0,0,0,1,0,0,0,0,1,0,1,1,0,0,0.08006923196520642,5.008330459423662
0,40,40.25,1564.05,0,1,0,1,0,1,0,0,0,0,1,0,1,0,0,0,1,0,0,0,0,1,0,0,0,0,1,0.08001835103714589,3.2207386292451217
0,13,19.75,265.75,0,1,0,0,1,0,0,0,1,1,0,1,0,1,0,1,0,1,0,1,0,0,1,0,0,0,1,0.07991841976423636,1.5783887903436682
0,20,19.7,419.4,0,1,0,0,1,0,0,0,1,1,0,1,0,1,0,1,0,1,0,1,0,0,1,1,0,0,1,0.07991311450020634,1.5742883556540648
0,12,21.05,262.05,0,1,1,1,1,0,0,0,1,1,0,1,0,1,0,1,0,1,0,1,0,0,1,0,0,0,0,0.07981591678833572,1.680125048394467
0,13,19.95,243.65,0,1,0,0,1,0,0,0,1,1,0,1,0,1,0,1,0,1,0,1,0,0,1,0,0,0,1,0.07961997459688241,1.588418493207804
0,60,84.95,4984.85,0,1,0,1,1,0,1,0,0,0,1,0,0,0,1,0,1,0,1,0,1,0,1,1,0,1,0,0.07956395792808292,6.758958225990645
0,72,84.05,6052.25,0,0,1,0,1,0,1,1,0,0,1,0,1,0,0,0,0,0,0,0,0,0,1,1,0,0,0,0.0795175133530658,6.68344699732518
0,71,84.8,6046.1,0,0,1,0,1,0,0,0,0,0,1,0,1,0,1,0,1,0,1,0,1,1,0,1,0,0,0,0.0793449763006627,6.728453990296197
0,32,20.55,654.55,0,0,0,0,1,0,0,0,1,1,0,1,0,1,0,1,0,1,0,1,0,1,0,0,0,0,0,0.07934373702213271,1.6305137958048272
0,33,24.15,800.3,0,0,1,1,1,0,1,0,1,1,0,1,0,1,0,1,0,1,0,1,0,1,0,0,1,0,0,0.07926984559578958,1.914366771138318
0,52,79.75,4217.8,0,1,0,0,1,0,1,0,0,0,1,0,0,0,0,0,1,0,1,0,1,0,1,1,1,0,0,0.07908054777519469,6.306673685071776
0,11,19.65,225.75,0,1,1,1,1,0,0,0,1,1,0,1,0,1,0,1,0,1,0,1,0,0,1,0,0,0,1,0.07897832243815585,1.5519240359097624
0,23,25.6,514.75,0,0,1,1,1,0,1,0,1,1,0,1,0,1,0,1,0,1,0,1,0,0,1,1,1,0,0,0.07852447414734784,2.010226538172105
0,13,20.0,268.45,0,1,0,0,1,0,0,0,1,1,0,1,0,1,0,1,0,1,0,1,0,0,1,0,1,0,0,0.07848135801286243,1.5696271602572487
0,27,20.05,552.9,0,1,0,1,1,0,0,0,1,1,0,1,0,1,0,1,0,1,0,1,0,1,0,0,1,0,0,0.07838604625015483,1.5716402273156043
0,21,20.85,435.25,0,0,0,0,1,0,0,0,1,1,0,1,0,1,0,1,0,1,0,1,0,0,1,1,1,0,0,0.07836626597662867,1.633936645612708
1,72,96.6,6827.5,0,0,1,0,1,0,1,1,0,0,1,0,1,0,1,0,1,0,0,0,0,0,1,1,0,0,0,0.07828959609918504,7.562774983181274
0,61,61.45,3751.15,0,0,1,1,0,1,0,0,0,0,0,0,1,0,1,0,1,0,1,0,1,0,1,1,0,0,0,0.07827220243646468,4.809826839720755
0,59,68.7,4070.95,0,0,0,0,1,0,1,0,0,0,1,0,0,0,0,0,1,0,0,0,1,1,0,0,0,0,0,0.07824802126180375,5.375639060685917
0,32,19.75,624.15,0,0,0,0,1,0,0,0,1,1,0,1,0,1,0,1,0,1,0,1,0,1,0,0,0,0,0,0.0781100851926513,1.542674182554863
0,47,85.3,4107.25,0,0,1,1,1,0,1,0,0,0,1,0,1,0,0,0,1,0,1,0,1,0,1,1,1,0,0,0.07810439513591301,6.66230490509338
0,49,79.3,3902.45,0,0,1,1,1,0,1,0,0,0,0,0,1,0,0,0,1,0,1,0,1,0,1,0,0,0,0,0.07808402062254316,6.192062835367673
0,47,26.9,1250.85,0,0,1,0,1,0,1,0,1,1,0,1,0,1,0,1,0,1,0,1,0,1,0,0,0,1,0,0.07798862246034703,2.097893944183335
1,55,60.0,3316.1,0,1,1,0,1,0,1,0,0,0,1,0,1,0,0,0,0,0,0,0,0,1,0,0,1,0,0,0.0777789837789819,4.666739026738914
1,50,25.2,1306.3,0,0,1,0,1,0,1,0,1,1,0,1,0,1,0,1,0,1,0,1,0,1,0,0,0,1,0,0.07777524765588134,1.9599362409282097
0,58,61.05,3478.75,0,0,1,0,1,0,1,0,0,0,1,0,0,0,0,0,1,0,0,0,0,1,0,1,0,0,0,0.07772658034556157,4.745207730096533
0,69,35.75,2492.25,0,1,0,0,0,1,0,0,0,0,0,0,1,0,1,0,0,0,0,0,0,1,0,1,0,0,0,0.07764081103002728,2.775658994323475
0,30,19.55,608.5,0,0,1,1,1,0,0,0,1,1,0,1,0,1,0,1,0,1,0,1,0,1,0,0,0,0,0,0.07760060652750574,1.5170918576127372
0,48,60.35,2896.4,1,0,0,0,1,0,0,0,0,0,1,0,0,0,1,0,1,0,0,0,0,1,0,1,1,0,0,0.07731522777373824,4.6659739961451026
0,71,100.5,7030.65,0,0,1,1,1,0,1,1,0,0,1,0,1,0,1,0,0,0,1,0,0,0,1,0,0,0,0,0.0773129015246134,7.769946603223646
0,47,74.45,3510.3,0,0,0,0,1,0,0,0,0,0,0,0,0,0,1,0,1,0,1,0,1,0,1,0,0,0,1,0.07700443841563817,5.732980440044262
0,32,19.3,593.2,0,0,1,0,1,0,0,0,1,1,0,1,0,1,0,1,0,1,0,1,0,1,0,0,0,0,1,0.0769770547111256,1.4856571559247242
0,72,78.95,5730.15,0,0,1,1,1,0,1,0,0,0,0,0,1,0,0,0,1,0,1,0,1,0,1,1,0,1,0,0.07694347310816957,6.074687201889987
0,24,24.1,587.4,0,1,1,1,1,0,1,0,1,1,0,1,0,1,0,1,0,1,0,1,0,0,1,1,0,0,0,0.07682929588001612,1.8515860307083887
0,66,56.75,3708.4,0,1,1,1,0,1,0,0,0,0,0,0,1,0,1,0,0,0,1,0,1,0,1,1,1,0,0,0.07680810795575017,4.358860126488822
0,60,79.0,4801.1,0,1,0,0,1,0,0,0,0,0,1,0,0,0,1,0,1,0,1,0,1,1,0,0,0,0,1,0.07679888656107217,6.0671120383247015
0,43,75.2,3254.35,0,0,1,1,1,0,0,0,0,0,1,0,0,0,1,0,0,0,1,0,1,0,1,0,0,0,0,0.07660791255703132,5.760915024288756
0,47,90.5,4318.35,0,1,1,1,1,0,1,0,0,0,1,0,1,0,1,0,1,0,1,0,1,0,1,1,0,0,1,0.0765862764814667,6.931058021572736
0,15,19.6,331.6,0,0,0,0,1,0,0,0,1,1,0,1,0,1,0,1,0,1,0,1,0,0,1,0,0,0,1,0.0762974442649207,1.495429907592446
1,71,96.35,6766.95,0,0,1,0,1,0,1,1,0,0,1,0,1,0,1,0,1,0,0,0,0,0,1,1,1,0,0,0.07621139839414624,7.34296823527599
0,67,75.1,5064.45,0,0,1,0,1,0,1,0,0,0,1,0,1,0,1,0,0,0,0,0,1,1,0,0,0,0,1,0.07617333795561956,5.720617680467028
0,35,20.1,644.5,0,0,0,1,1,0,0,0,1,1,0,1,0,1,0,1,0,1,0,1,0,1,0,1,1,0,0,0.07616514226234705,1.5309193594731758
0,54,74.55,4191.45,0,1,1,0,1,0,0,0,0,0,1,0,1,0,0,0,0,0,1,0,1,0,1,1,0,0,0,0.0761184149513467,5.674627834622896
0,13,20.85,272.35,0,0,1,1,1,0,0,0,1,1,0,1,0,1,0,1,0,1,0,1,0,0,1,0,0,0,1,0.07602236493246314,1.5850663088418566
0,12,19.7,258.35,0,1,1,1,1,0,0,0,1,1,0,1,0,1,0,1,0,1,0,1,0,0,1,0,0,0,1,0.07592600909752266,1.4957423792211963
0,68,73.0,5163.0,0,0,1,1,1,0,1,0,0,0,1,0,1,0,1,0,0,0,1,0,0,1,0,1,1,0,0,0.0757848647780561,5.532295128798095
0,72,105.6,7581.5,0,1,1,0,1,0,1,1,0,0,1,0,1,0,1,0,1,0,0,0,1,0,1,0,0,0,0,0.07554751407811593,7.977817486649041
0,53,73.9,3958.25,0,1,0,0,1,0,1,0,0,0,0,0,1,0,1,0,1,0,0,0,1,0,1,1,0,0,0,0.07553759621400886,5.582228360215256
0,72,106.1,7548.6,0,1,1,1,1,0,1,1,0,0,1,0,1,0,1,0,1,0,1,0,0,0,1,1,1,0,0,0.07546622277980798,8.006966236937627
0,60,64.75,4039.5,0,0,0,0,1,0,1,0,0,0,1,0,0,0,1,0,1,0,0,0,0,1,0,0,0,1,0,0.07536112729079472,4.8796329920789585
0,72,97.75,6991.6,0,1,1,1,1,0,1,1,0,0,1,0,1,0,0,0,1,0,0,0,1,0,1,1,1,0,0,0.07505656553976331,7.3367792815118635
0,21,71.05,1524.85,0,0,0,0,1,0,0,0,0,0,1,0,1,0,0,0,1,0,1,0,0,0,1,0,1,0,0,0.07499259616308793,5.328223957387397
0,72,92.4,6786.1,0,0,1,0,1,0,1,0,0,0,1,0,1,0,1,0,1,0,1,0,1,0,1,1,0,1,0,0.07494259912620879,6.924696159261693
0,12,19.35,212.3,0,1,0,1,1,0,0,0,1,1,0,1,0,1,0,1,0,1,0,1,0,0,1,0,0,0,0,0.0749342766970053,1.4499782540870525
0,13,19.55,265.3,0,0,1,1,1,0,0,0,1,1,0,1,0,1,0,1,0,1,0,1,0,0,1,0,0,0,1,0.0749213622641668,1.464712632264461
1,63,83.0,5243.05,0,0,0,0,1,0,1,0,0,0,1,0,1,0,1,0,1,0,1,0,0,1,0,0,0,0,0,0.07491545206531315,6.217982521420992
0,27,24.5,761.95,0,0,1,1,1,0,1,0,1,1,0,1,0,1,0,1,0,1,0,1,0,0,1,0,0,1,0,0.0744586061622717,1.8242358509756569
0,71,49.35,3515.25,1,1,1,0,0,1,0,0,0,0,0,0,1,0,0,0,0,0,1,0,1,0,1,0,0,1,0,0.074204674257906,3.662000674627661
0,67,72.35,4991.5,0,0,0,0,1,0,0,0,0,0,1,0,0,0,1,0,1,0,0,0,1,1,0,1,0,0,0,0.07409046346881032,5.3604450319684265
0,68,90.2,6297.65,0,0,1,0,1,0,1,1,0,0,0,0,1,0,1,0,1,0,0,0,0,0,1,0,1,0,0,0.0739432983160683,6.669685508109361
0,46,24.45,1066.15,0,0,1,0,1,0,1,0,1,1,0,1,0,1,0,1,0,1,0,1,0,1,0,1,0,0,0,0.07392915027767259,1.8075677242890948
0,58,50.0,2919.85,0,1,1,1,0,1,0,0,0,0,1,0,1,0,1,0,0,0,1,0,0,1,0,0,0,0,1,0.07390724304773576,3.695362152386788
1,60,74.85,4456.35,0,0,1,1,1,0,0,0,0,0,1,0,1,0,1,0,1,0,0,0,1,1,0,1,1,0,0,0.07389418231907878,5.530979546583047
0,18,25.1,428.45,0,0,1,1,1,0,1,0,1,1,0,1,0,1,0,1,0,1,0,1,0,0,1,0,0,0,1,0.07370497307253543,1.8499948241206394
0,44,19.6,780.25,0,0,1,1,1,0,0,0,1,1,0,1,0,1,0,1,0,1,0,1,0,0,0,0,0,0,1,0.07368381723252905,1.4442028177575694
0,43,24.45,993.15,0,0,1,1,1,0,1,0,1,1,0,1,0,1,0,1,0,1,0,1,0,1,0,1,0,0,0,0.07358297676021404,1.7991037817872333
0,57,41.1,2258.25,0,0,0,0,0,1,0,0,0,0,1,0,0,0,1,0,1,0,0,0,0,1,0,1,1,0,0,0.07349180312330722,3.020513108367927
0,71,80.45,5662.25,0,0,1,0,1,0,1,0,0,0,0,0,0,0,1,0,1,0,1,0,1,0,1,1,0,0,0,0.07339855715185029,5.904913922866355
0,72,111.95,8033.1,0,1,1,1,1,0,0,1,0,0,1,0,1,0,1,0,1,0,1,0,1,0,1,0,0,0,0,0.07333798411727838,8.210187321929315
0,32,20.35,707.5,0,1,0,0,1,0,0,0,1,1,0,1,0,1,0,1,0,1,0,1,0,1,0,0,1,0,0,0.07322718835004616,1.4901732829234393
0,43,79.15,3566.6,0,1,1,1,1,0,0,0,0,0,1,0,0,0,1,0,1,0,1,0,1,0,1,1,1,0,0,0.07321804180896954,5.79520800917994
0,39,49.8,1971.15,0,1,0,0,1,0,0,0,0,0,0,0,0,0,0,0,1,0,0,0,0,0,1,1,0,0,0,0.07312941278720447,3.6418447568027825
0,55,64.75,3617.1,0,0,0,0,1,0,0,0,0,0,0,0,1,0,1,0,0,0,0,0,1,0,1,1,0,0,1,0.0731031574972304,4.733429447945668
0,72,97.0,7104.2,0,0,1,0,1,0,1,1,0,0,1,0,1,0,1,0,1,0,0,0,0,0,1,1,0,0,0,0.07304853942875626,7.0857083245893575
0,57,74.35,4317.35,0,1,0,0,1,0,0,0,0,0,1,0,0,0,1,0,0,0,1,0,1,0,1,1,0,0,0,0.07295264279740836,5.424028991987311
0,41,78.45,3126.45,0,0,1,1,1,0,0,0,0,0,1,0,1,0,0,0,1,0,1,0,1,0,1,0,0,1,0,0.07264797380675839,5.699233545140196
0,71,66.8,4689.15,0,0,1,0,0,1,0,0,0,0,1,0,1,0,1,0,1,0,1,0,1,1,0,0,0,0,0,0.07263971701563812,4.852333096644626
1,37,19.6,727.8,0,0,1,0,1,0,0,0,1,1,0,1,0,1,0,1,0,1,0,1,0,1,0,0,0,0,1,0.07252867770542318,1.4215620830262945
0,32,19.8,607.7,0,1,0,0,1,0,0,0,1,1,0,1,0,1,0,1,0,1,0,1,0,1,0,0,0,0,1,0.07250605726105258,1.4356199337688411
0,58,50.3,2878.55,0,1,1,0,1,0,0,0,0,0,0,0,0,0,1,0,0,0,0,0,0,1,0,0,1,0,0,0.07244999787946926,3.6442348933373037
0,55,59.45,3157.0,0,1,1,1,1,0,0,0,0,0,1,0,0,0,0,0,0,0,0,0,1,1,0,0,1,0,0,0.07224635675605097,4.29504590914723
0,29,19.85,535.05,0,1,0,1,1,0,0,0,1,1,0,1,0,1,0,1,0,1,0,1,0,1,0,0,0,0,1,0.07220815487629885,1.4333318742945322
0,47,58.9,2813.05,0,0,0,0,1,0,0,0,0,0,1,0,1,0,0,0,1,0,0,0,0,1,0,1,0,0,1,0.07194637787446821,4.237641656806177
0,72,60.0,4264.0,0,0,1,1,0,1,0,0,0,0,0,0,1,0,1,0,1,0,1,0,1,0,1,1,0,1,0,0.0719279721893842,4.315678331363052
0,55,85.1,4657.95,0,0,1,1,1,0,1,0,0,0,1,0,0,0,1,0,1,0,1,0,1,0,1,1,0,0,0,0.07183157688134341,6.112867192602324
0,19,25.6,485.9,0,0,1,1,1,0,1,0,1,1,0,1,0,1,0,1,0,1,0,1,0,0,1,0,0,0,1,0.07161733309578398,1.83340372725207
0,56,81.8,4534.45,0,1,0,0,1,0,0,0,0,0,0,0,1,0,1,0,1,0,1,0,1,0,1,1,1,0,0,0.07158451461074387,5.855613295158848
0,68,88.15,6148.45,0,0,0,0,1,0,1,0,0,0,1,0,1,0,1,0,1,0,1,0,1,0,1,1,0,1,0,0.07150939307037094,6.303552999153198
0,24,19.55,470.2,0,0,0,0,1,0,0,0,1,1,0,1,0,1,0,1,0,1,0,1,0,0,1,1,0,0,0,0.071491852022806,1.3976657070458574
0,55,66.05,3462.1,0,0,1,0,1,0,1,0,0,0,1,0,1,0,0,0,1,0,0,0,0,1,0,1,1,0,0,0.07138362029547306,4.714888120515996
1,72,78.5,5602.25,0,0,1,0,1,0,1,1,0,0,1,0,0,0,0,0,0,0,0,0,0,0,1,0,0,0,0,0.07138160997266824,5.603456382854456
0,52,89.25,4652.4,0,1,0,0,1,0,1,0,0,0,1,0,1,0,1,0,1,0,1,0,1,0,1,1,0,0,1,0.07136298126218359,6.369146077649885
0,59,79.85,4786.1,0,0,0,0,1,0,1,0,0,0,1,0,1,0,1,0,1,0,0,0,1,1,0,0,1,0,0,0.07133410034504253,5.696027912551646
1,72,93.05,6735.05,0,1,1,0,1,0,1,1,0,0,1,0,1,0,1,0,1,0,0,0,0,0,1,1,0,0,0,0.07129068391561184,6.633598138347682
0,45,81.0,3533.6,0,0,1,1,1,0,0,0,0,0,1,0,0,0,1,0,1,0,1,0,1,0,1,1,0,0,1,0.07096888423160592,5.74847962276008
0,22,26.25,605.9,0,0,0,0,1,0,1,0,1,1,0,1,0,1,0,1,0,1,0,1,0,0,1,0,0,0,1,0.0708707170059466,1.8603563214060983
0,14,18.8,255.55,0,0,1,1,1,0,0,0,1,1,0,1,0,1,0,1,0,1,0,1,0,0,1,0,0,0,1,0.07066501821542945,1.3285023424500737
0,66,75.1,5013.0,0,1,1,1,1,0,0,0,0,0,1,0,1,0,1,0,1,0,1,0,0,1,0,1,0,1,0,0.07059569607982176,5.301736775594613
0,43,86.45,3574.5,0,0,1,0,1,0,1,0,0,0,1,0,1,0,0,0,1,0,1,0,1,0,1,0,1,0,0,0.0705557205878802,6.099542044822244
0,68,76.75,5233.25,0,1,0,0,1,0,1,0,0,0,1,0,1,0,1,0,0,0,0,0,1,1,0,0,1,0,0,0.07041993343783397,5.404729891353757
0,44,24.85,1013.6,0,1,1,1,1,0,1,0,1,1,0,1,0,1,0,1,0,1,0,1,0,1,0,0,0,1,0,0.07040689347278085,1.7496113027986044
0,18,25.3,454.65,0,0,0,1,1,0,1,0,1,1,0,1,0,1,0,1,0,1,0,1,0,0,1,0,1,0,0,0.07035856928544412,1.7800718029217364
0,51,60.5,3145.15,0,0,1,0,1,0,0,0,0,0,1,0,1,0,0,0,1,0,0,0,0,1,0,1,0,0,0,0.07034014833750857,4.255578974419269
0,57,54.65,3134.7,0,1,0,0,1,0,0,0,0,0,0,0,1,0,0,0,1,0,0,0,0,1,0,1,0,0,1,0.07004920823466161,3.828189230024257
0,56,64.65,3665.55,0,1,0,0,1,0,1,0,0,0,1,0,1,0,0,0,1,0,0,0,0,1,0,1,0,0,0,0.06991399063171375,4.519939494340294
0,58,71.1,4299.2,0,0,0,0,1,0,1,0,0,0,1,0,1,0,1,0,1,0,0,0,0,1,0,1,1,0,0,0.0696399778985405,4.951402428586229
0,67,49.35,3321.35,0,1,0,0,0,1,0,0,0,0,1,0,0,0,1,0,1,0,1,0,0,1,0,1,0,0,0,0.0695879845072783,3.434167035434184
0,47,39.65,1798.65,0,0,0,0,0,1,0,0,0,0,1,0,1,0,0,0,1,0,0,0,0,1,0,0,1,0,0,0.06957916126382628,2.758813744110712
0,17,19.4,358.05,0,0,0,0,1,0,0,0,1,1,0,1,0,1,0,1,0,1,0,1,0,0,1,0,0,0,1,0.06957511168122903,1.349757166615843
0,35,55.25,1924.1,0,1,0,0,1,0,1,0,0,0,1,0,0,0,0,0,0,0,0,0,0,0,1,0,0,0,1,0.06955610280470487,3.842974679959944
0,42,66.5,2762.75,0,0,0,0,1,0,0,0,0,0,0,0,0,0,1,0,1,0,0,0,1,0,1,0,1,0,0,0.06951610435539483,4.6228209396337565
0,16,19.75,284.35,0,1,0,0,1,0,0,0,1,1,0,1,0,1,0,1,0,1,0,1,0,0,1,0,0,0,1,0.0694351640997426,1.3713444909699164
0,62,43.6,2748.7,0,0,0,0,0,1,0,0,0,0,0,0,1,0,1,0,0,0,0,0,1,0,1,1,1,0,0,0.06927793106785941,3.0205177945586703
0,18,20.1,370.5,0,0,1,0,1,0,0,0,1,1,0,1,0,1,0,1,0,1,0,1,0,0,1,0,0,0,1,0.0692491050758195,1.391907012023972
0,71,47.05,3263.6,0,0,1,0,0,1,0,0,0,0,0,0,0,0,1,0,1,0,0,0,1,0,1,1,0,1,0,0.06909051498504565,3.2507087300463975
0,70,84.8,5917.55,0,0,1,0,1,0,1,0,0,0,0,0,1,0,1,0,1,0,1,0,1,0,1,1,0,0,0,0.06906245896341572,5.856496520097653
0,72,105.5,7611.55,0,1,1,1,1,0,0,1,0,0,1,0,1,0,0,0,1,0,1,0,1,0,1,0,0,0,0,0.0690125581331626,7.280824883048654
0,41,19.75,806.95,0,0,0,0,1,0,0,0,1,1,0,1,0,1,0,1,0,1,0,1,0,1,0,1,0,0,1,0.0689288099453859,1.3613439964213716
0,42,20.65,958.1,0,0,0,0,1,0,0,0,1,1,0,1,0,1,0,1,0,1,0,1,0,1,0,1,0,0,1,0.06889709414340847,1.4227249940613849
0,69,54.95,3772.5,0,0,1,1,0,1,0,0,0,0,0,0,1,0,1,0,0,0,1,0,1,0,1,1,1,0,0,0.06867537512932491,3.7737118633564037
0,72,84.7,6185.15,0,0,0,0,1,0,1,1,0,0,1,0,0,0,0,0,1,0,0,0,0,0,1,1,0,0,0,0.06859615220848049,5.810094092058297
0,57,53.35,3090.05,0,1,0,0,0,1,0,0,0,0,0,0,0,0,1,0,1,0,1,0,1,0,1,0,1,0,0,0.06847486700050451,3.653134154476916
0,16,18.95,326.8,0,1,0,0,1,0,0,0,1,1,0,1,0,1,0,1,0,1,0,1,0,0,1,0,1,0,0,0.0681715354735613,1.2918505972239867
0,35,21.1,741.0,0,0,0,0,1,0,0,0,1,1,0,1,0,1,0,1,0,1,0,1,0,1,0,0,0,0,1,0.06803922670627698,1.4356276835024442
0,35,20.6,754.0,0,1,0,0,1,0,0,0,1,1,0,1,0,1,0,1,0,1,0,1,0,1,0,0,0,0,0,0.0680086570542271,1.4009783353170782
0,27,52.85,1498.65,0,0,0,0,1,0,0,0,0,0,1,0,1,0,0,0,0,0,0,0,0,0,1,0,0,0,0,0.0679944798506883,3.5935082601088766
0,52,79.2,4016.3,0,1,1,1,1,0,0,0,0,0,1,0,1,0,1,0,0,0,1,0,1,0,1,0,0,1,0,0.06776135436376698,5.366699265610345
0,45,25.9,1216.6,0,0,1,1,1,0,1,0,1,1,0,1,0,1,0,1,0,1,0,1,0,1,0,1,1,0,0,0.06775949290552562,1.7549708662531134
0,66,90.95,5930.05,0,0,0,1,1,0,1,1,0,0,1,0,0,0,1,0,1,0,0,0,0,0,1,1,1,0,0,0.06760724554035369,6.148878981895169
0,31,20.1,589.25,0,0,0,1,1,0,0,0,1,1,0,1,0,1,0,1,0,1,0,1,0,1,0,0,1,0,0,0.06750380399596581,1.3568264603189129
0,72,85.15,6316.2,0,1,1,0,1,0,1,0,0,0,0,0,1,0,1,0,1,0,1,0,1,0,1,1,0,0,0,0.0673450373371583,5.734429929259029
0,72,107.45,7658.3,0,0,1,1,1,0,1,1,0,0,1,0,1,0,1,0,1,0,0,0,1,0,1,0,1,0,0,0.06727244579850938,7.2284243010498335
0,46,64.2,3009.5,0,0,1,0,1,0,0,0,0,0,0,0,1,0,0,0,1,0,1,0,0,0,1,1,1,0,0,0.06719028266332294,4.313616146985333
0,35,20.75,700.45,0,0,0,0,1,0,0,0,1,1,0,1,0,1,0,1,0,1,0,1,0,1,0,0,0,0,1,0.06708962006427441,1.392109616333694
0,22,25.25,566.5,0,1,0,0,1,0,1,0,1,1,0,1,0,1,0,1,0,1,0,1,0,0,1,0,0,0,1,0.06706533694929252,1.6933997579696363
0,50,69.5,3418.2,0,1,0,0,1,0,1,0,0,0,0,0,0,0,1,0,1,0,0,0,1,0,1,0,0,0,0,0.0669896229801444,4.6557787971200355
0,17,19.15,343.45,0,1,0,0,1,0,0,0,1,1,0,1,0,1,0,1,0,1,0,1,0,0,1,0,0,0,1,0.06675729910714145,1.2784022779017588
0,61,62.15,3778.85,0,1,1,0,0,1,0,0,0,0,1,0,0,0,1,0,1,0,1,0,1,0,1,1,0,0,1,0.06675555770279927,4.1488579112289745
0,46,24.9,1174.8,0,1,1,1,1,0,1,0,1,1,0,1,0,1,0,1,0,1,0,1,0,1,0,0,0,1,0,0.06663629429628205,1.659243727977423
0,36,20.85,720.05,0,1,1,0,1,0,0,0,1,1,0,1,0,1,0,1,0,1,0,1,0,1,0,0,0,0,0,0.06657637689535263,1.3881174582681024
0,72,94.25,6849.75,0,0,1,0,1,0,1,1,0,0,1,0,1,0,1,0,1,0,0,0,0,0,1,1,0,0,0,0.06653078878075001,6.270526842585689
0,68,54.1,3794.5,0,1,1,0,0,1,0,0,0,0,1,0,0,0,1,0,0,0,1,0,1,0,1,1,0,0,0,0.06637682831412874,3.590986411794365
1,72,84.1,6129.65,0,0,1,0,1,0,1,0,0,0,1,0,1,0,1,0,0,0,1,0,1,0,1,1,1,0,0,0.06635579720045685,5.580522544558421
0,71,109.3,7782.85,0,1,1,1,1,0,0,1,0,0,1,0,1,0,1,0,1,0,1,0,1,0,1,0,1,0,0,0.0663423701115058,7.251221053187584
0,61,84.9,5264.5,0,1,1,1,1,0,0,0,0,0,1,0,1,0,1,0,1,0,1,0,1,1,0,0,0,0,0,0.0660635175626031,5.608792641065004
0,70,65.2,4543.15,0,0,1,1,1,0,1,0,0,0,1,0,0,0,0,0,0,0,0,0,1,1,0,0,0,0,0,0.06598850416905969,4.3024504718226915
0,17,19.45,369.05,0,1,0,0,1,0,0,0,1,1,0,1,0,1,0,1,0,1,0,1,0,0,1,0,1,0,0,0.06596663719875047,1.2830510935156967
1,45,75.15,3480.35,0,1,1,0,1,0,1,0,0,0,1,0,0,0,1,0,1,0,0,0,1,0,1,0,1,0,0,0.06592087609363909,4.953953838436978
0,65,79.4,5071.9,0,0,1,1,1,0,1,0,0,0,0,0,1,0,0,0,1,0,1,0,1,0,1,1,0,0,0,0.06573618369766845,5.2194529855948755
0,15,19.35,278.85,0,1,1,1,1,0,0,0,1,1,0,1,0,1,0,1,0,1,0,1,0,0,1,0,0,0,1,0.0657330868843862,1.271935231212873
0,54,80.6,4299.95,0,0,0,0,1,0,0,0,0,0,1,0,0,0,1,0,1,0,1,0,1,0,1,0,0,1,0,0.06560064406988875,5.287411912033033
0,48,69.7,3023.65,0,0,1,1,1,0,0,0,0,0,1,0,0,0,1,0,1,0,1,0,0,1,0,0,0,0,0,0.06558260500504687,4.571107568851767
0,61,73.8,4616.05,0,0,1,1,1,0,0,0,0,0,0,0,0,0,1,0,1,0,1,0,1,0,1,1,0,0,0,0.06557196459455691,4.8392109870783
0,69,78.6,5356.45,1,1,0,0,1,0,1,0,0,0,1,0,1,0,1,0,1,0,0,0,1,1,0,1,1,0,0,0.0655429345019787,5.151674651855526
0,37,40.55,1390.85,0,1,0,0,0,1,0,0,0,0,1,0,1,0,0,0,1,0,0,0,0,0,1,1,0,0,1,0.06549678614928368,2.6558946783534534
0,16,19.7,301.55,0,0,1,1,1,0,0,0,1,1,0,1,0,1,0,1,0,1,0,1,0,0,1,0,0,0,1,0.06544588267928106,1.2892838887818368
0,59,86.75,5186.0,0,1,1,1,1,0,0,0,0,0,1,0,1,0,1,0,1,0,1,0,1,0,1,1,0,1,0,0.06541915929955192,5.675112069236128
0,23,19.65,451.55,0,0,1,1,1,0,0,0,1,1,0,1,0,1,0,1,0,1,0,1,0,0,1,1,0,0,1,0.06537897794482675,1.2846969166158455
0,72,88.6,6201.95,0,1,0,0,1,0,1,0,0,0,0,0,1,0,1,0,1,0,1,0,1,0,1,1,0,0,0,0.06537628677240061,5.792339008034693
0,72,80.45,5737.6,0,0,1,0,1,0,1,1,0,0,1,0,0,0,0,0,0,0,0,0,0,0,1,0,0,0,0,0.06514680341467599,5.241060334710684
0,27,25.85,788.55,0,1,0,1,1,0,1,0,1,1,0,1,0,1,0,1,0,1,0,1,0,0,1,1,1,0,0,0.06496083458289717,1.679237573967892
0,40,20.4,854.9,0,1,0,1,1,0,0,0,1,1,0,1,0,1,0,1,0,1,0,1,0,1,0,1,0,0,0,0.0646983575633705,1.3198464942927581
0,25,20.75,499.4,0,1,0,0,1,0,0,0,1,1,0,1,0,1,0,1,0,1,0,1,0,0,1,1,0,0,1,0.06465246605826874,1.3415386707090764
1,56,85.65,4824.45,0,1,1,0,1,0,0,0,0,0,1,0,1,0,1,0,1,0,1,0,1,0,1,1,0,0,0,0.06457373231870328,5.5307401730969366
0,33,20.1,579.4,0,0,1,1,1,0,0,0,1,1,0,1,0,1,0,1,0,1,0,1,0,1,0,0,0,0,1,0.06454477815813918,1.2973500409785976
0,33,20.6,690.25,0,1,1,1,1,0,0,0,1,1,0,1,0,1,0,1,0,1,0,1,0,1,0,0,0,0,1,0.06446824395998815,1.3280458255757561
0,60,80.6,4946.7,0,0,1,1,1,0,0,0,0,0,0,0,1,0,1,0,1,0,1,0,1,0,1,1,0,0,0,0.06445102167166011,5.194752346735805
0,54,63.35,3409.1,0,1,1,1,1,0,1,0,0,0,0,0,0,0,1,0,0,0,0,0,1,0,1,0,1,0,0,0.06442427792913712,4.0812780068108365
0,61,88.65,5321.25,0,0,0,0,1,0,1,0,0,0,0,0,1,0,1,0,1,0,1,0,1,0,1,0,1,0,0,0.06426580078110461,5.697163239244924
0,44,54.05,2375.2,0,1,1,1,0,1,0,0,0,0,1,0,1,0,1,0,1,0,0,0,1,0,1,1,1,0,0,0.06403381694861832,3.4610278060728197
0,52,85.15,4461.85,0,1,0,1,1,0,1,0,0,0,1,0,1,0,0,0,1,0,1,0,1,0,1,1,0,0,1,0.06395350628545035,5.445641060206098
0,42,19.55,839.4,0,1,0,0,1,0,0,0,1,1,0,1,0,1,0,1,0,1,0,1,0,1,0,1,0,0,1,0.0637863540493665,1.2470232216651151
0,18,20.05,388.6,0,1,0,0,1,0,0,0,1,1,0,1,0,1,0,1,0,1,0,1,0,0,1,0,1,0,0,0.06351246179622237,1.2734248590142585
0,16,20.5,290.55,0,1,1,1,1,0,0,0,1,1,0,1,0,1,0,1,0,1,0,1,0,0,1,0,0,0,1,0.06350325964037855,1.3018168226277602
0,65,84.2,5324.5,0,1,1,1,1,0,1,0,0,0,0,0,1,0,1,0,1,0,1,0,1,0,1,1,0,0,0,0.06349909325440141,5.3466236520205985
0,27,20.25,538.2,0,0,0,0,1,0,0,0,1,1,0,1,0,1,0,1,0,1,0,1,0,0,1,1,0,0,0,0.06328864658106548,1.2815950932665758
0,64,58.35,3756.45,0,0,1,0,1,0,1,0,0,0,0,0,0,0,1,0,1,0,0,0,0,1,0,0,0,0,0,0.06319068479258134,3.6871764576471215
1,70,92.2,6474.45,0,0,1,0,1,0,1,0,0,0,1,0,1,0,1,0,1,0,1,0,1,0,1,1,0,0,0,0.06311098066743272,5.818832417537297
0,63,59.0,3707.6,0,1,1,1,0,1,0,0,0,0,1,0,1,0,1,0,0,0,1,0,1,0,1,0,0,1,0,0.0630302325260778,3.71878371903859
0,24,19.7,494.05,0,0,1,1,1,0,0,0,1,1,0,1,0,1,0,1,0,1,0,1,0,0,1,1,0,0,1,0.06297982576077898,1.240702567487346
0,51,59.9,3043.6,0,1,0,0,1,0,1,0,0,0,1,0,0,0,0,0,1,0,0,0,0,1,0,0,1,0,0,0.06290721952600377,3.7681424496076255
0,57,53.45,3053.0,0,0,1,1,1,0,0,0,0,0,1,0,1,0,0,0,0,0,0,0,0,1,0,0,0,1,0,0.06280502810337242,3.356928752125256
0,36,20.0,666.75,0,1,1,0,1,0,0,0,1,1,0,1,0,1,0,1,0,1,0,1,0,1,0,0,0,0,1,0.06278048898343913,1.2556097796687826
0,63,80.0,5040.2,0,1,1,0,1,0,1,0,0,0,1,0,1,0,1,0,1,0,0,0,1,1,0,0,1,0,0,0.06271665206785473,5.017332165428378
0,60,60.8,3603.45,0,0,1,0,0,1,0,0,0,0,0,0,1,0,1,0,1,0,1,0,1,0,1,0,1,0,0,0.06260800174889034,3.806566506332532
0,62,70.75,4263.45,0,0,1,1,1,0,0,0,0,0,1,0,0,0,1,0,1,0,1,0,0,1,0,1,0,0,0,0.0625325590900478,4.424178555620882
0,24,21.1,490.65,0,0,1,1,1,0,0,0,1,1,0,1,0,1,0,1,0,1,0,1,0,0,1,1,1,0,0,0.06243894667747203,1.31746177489466
1,45,24.7,1174.35,0,1,1,0,1,0,1,0,1,1,0,1,0,1,0,1,0,1,0,1,0,1,0,0,1,0,0,0.062417337781845,1.5417082432115714
0,34,84.75,2839.45,0,0,1,1,1,0,0,0,0,0,1,0,1,0,1,0,1,0,1,0,1,0,1,0,0,0,1,0.06238471481739287,5.287104580774046
0,72,85.45,6227.5,0,1,1,0,1,0,1,0,0,0,0,0,1,0,1,0,1,0,1,0,1,0,1,1,1,0,0,0.06228127456189888,5.321934911314259
0,48,78.9,3771.5,0,1,0,0,1,0,0,0,0,0,0,0,1,0,1,0,1,0,1,0,1,0,1,0,1,0,0,0.062262149735282026,4.912483614113752
1,68,60.65,3975.9,0,0,1,0,1,0,0,0,0,0,0,0,1,0,1,0,1,0,0,0,0,1,0,1,0,0,0,0.06212874435435511,3.7681083450916373
0,63,71.5,4576.3,0,1,0,0,1,0,1,0,0,0,1,0,1,0,1,0,1,0,0,0,0,1,0,0,0,1,0,0.06206450172468808,4.4376118733151975
0,38,81.0,3084.9,0,1,1,1,1,0,0,0,0,0,1,0,0,0,1,0,1,0,1,0,1,0,1,0,1,0,0,0.062051288503368315,5.026154368772834
0,45,73.55,3349.1,0,0,0,0,1,0,1,0,0,0,1,0,0,0,0,0,1,0,0,0,1,0,1,0,0,0,1,0.06202848706622486,4.562195223720838
0,45,84.35,3858.05,0,1,1,1,1,0,0,0,0,0,1,0,1,0,1,0,1,0,1,0,1,0,1,1,0,0,1,0.06187760674176919,5.219376128668231
0,36,19.55,620.75,0,0,0,0,1,0,0,0,1,1,0,1,0,1,0,1,0,1,0,1,0,1,0,0,0,0,1,0.061819232874536514,1.208566002697189
0,54,87.1,4735.2,0,1,0,0,1,0,1,0,0,0,1,0,0,0,1,0,1,0,1,0,1,0,1,0,0,0,0,0.061802821165800124,5.3830257235411905
0,64,85.0,5484.4,0,0,1,0,1,0,1,0,0,0,1,0,0,0,1,0,1,0,1,0,1,0,1,1,1,0,0,0.061797885655700074,5.252820280734507
0,39,25.45,958.45,0,1,0,1,1,0,1,0,1,1,0,1,0,1,0,1,0,1,0,1,0,1,0,0,0,0,0,0.06176706650952472,1.571971842667404
0,45,81.65,3618.7,0,0,0,0,1,0,0,0,0,0,1,0,0,0,1,0,1,0,1,0,1,0,1,0,0,0,0,0.06173909837904551,5.040997382649066
0,59,72.1,4194.85,0,0,1,1,1,0,1,0,0,0,0,0,0,0,1,0,1,0,1,0,0,0,1,1,0,0,0,0.06171645665211517,4.449756524617503
0,33,20.1,620.55,0,1,1,1,1,0,0,0,1,1,0,1,0,1,0,1,0,1,0,1,0,1,0,0,1,0,0,0.06163613057845625,1.2388862246269707
0,63,79.8,5034.05,0,1,1,0,1,0,1,0,0,0,0,0,0,0,1,0,1,0,1,0,1,0,1,0,1,0,0,0.06162665979087719,4.917807451312
1,72,84.1,5981.65,0,1,1,0,1,0,1,0,0,0,1,0,1,0,1,0,0,0,1,0,1,0,1,1,1,0,0,0.06162177218044784,5.182391040375663
0,59,75.95,4542.35,0,0,1,1,1,0,0,0,0,0,0,0,1,0,0,0,1,0,1,0,1,0,1,1,1,0,0,0.06143996750370261,4.666365531906213
0,22,25.25,555.4,0,0,1,1,1,0,1,0,1,1,0,1,0,1,0,1,0,1,0,1,0,0,1,0,1,0,0,0.06142030233289753,1.5508626339056626
0,24,25.15,553.0,0,0,0,0,1,0,1,0,1,1,0,1,0,1,0,1,0,1,0,1,0,0,1,0,1,0,0,0.061354354460473916,1.5430620146809189
0,72,82.15,5784.3,0,1,1,0,1,0,1,0,0,0,0,0,1,0,1,0,0,0,1,0,1,0,1,0,0,0,0,0.061211090390589674,5.028491075586942
0,35,20.05,746.75,0,1,1,1,1,0,0,0,1,1,0,1,0,1,0,1,0,1,0,1,0,1,0,0,0,0,0,0.06117348703136971,1.2265284149789628
0,19,19.65,358.15,0,1,0,0,1,0,0,0,1,1,0,1,0,1,0,1,0,1,0,1,0,0,1,0,0,0,1,0.06105723536349007,1.19977467489258
0,20,19.7,406.95,0,0,0,0,1,0,0,0,1,1,0,1,0,1,0,1,0,1,0,1,0,0,1,0,0,0,1,0.0610250156704901,1.202192808708655
0,27,19.6,561.15,0,0,0,0,1,0,0,0,1,1,0,1,0,1,0,1,0,1,0,1,0,0,1,1,0,0,1,0.060999288468890404,1.195586053990252
0,30,25.1,789.55,0,0,1,1,1,0,1,0,1,1,0,1,0,1,0,1,0,1,0,1,0,0,1,1,0,0,1,0.06096900377179032,1.530321994671937
0,66,79.85,5234.95,0,1,1,1,1,0,1,0,0,0,0,0,1,0,1,0,0,0,1,0,1,0,1,0,0,0,0,0.06088148823375748,4.8613868354655345
0,65,72.45,4653.85,1,1,1,1,1,0,1,0,0,0,1,0,1,0,1,0,0,0,0,0,1,1,0,0,1,0,0,0.06085955301057783,4.409274615616364
0,71,83.3,5894.5,0,0,1,0,1,0,1,0,0,0,0,0,1,0,1,0,1,0,1,0,1,0,1,1,1,0,0,0.0607750375009551,5.06256062382956
0,61,89.65,5308.7,0,0,0,0,1,0,1,0,0,0,1,0,1,0,1,0,1,0,1,0,1,0,1,0,0,1,0,0.060630182043175024,5.435495820170641
0,23,25.1,611.45,0,0,1,1,1,0,1,0,1,1,0,1,0,1,0,1,0,1,0,1,0,0,1,0,0,0,1,0.060552034270476895,1.5198560601889701
0,61,69.9,4226.7,0,1,1,0,1,0,1,0,0,0,1,0,0,0,1,0,0,0,0,0,1,0,1,1,0,0,1,0.0605082453334935,4.229526348811196
0,72,103.95,7517.7,0,1,1,1,1,0,1,1,0,0,1,0,1,0,1,0,1,0,0,0,1,0,1,0,1,0,0,0.0604530632560716,6.284095925468644
0,54,59.8,3246.45,0,0,1,1,1,0,1,0,0,0,0,0,1,0,1,0,0,0,0,0,0,0,1,1,0,0,0,0.060427995690836046,3.6135941423119955
0,25,24.75,692.1,1,0,0,0,1,0,1,0,1,1,0,1,0,1,0,1,0,1,0,1,0,0,1,0,1,0,0,0.06034436362019807,1.4935229995999022
0,41,20.25,865.0,0,0,0,1,1,0,0,0,1,1,0,1,0,1,0,1,0,1,0,1,0,1,0,1,1,0,0,0.06027982293843945,1.2206664145033987
0,35,19.65,708.8,0,0,1,1,1,0,0,0,1,1,0,1,0,1,0,1,0,1,0,1,0,1,0,0,0,0,1,0.060257458805789664,1.1840590655337668
0,70,101.1,6994.8,0,1,1,1,1,0,0,1,0,0,1,0,1,0,1,0,1,0,1,0,0,0,1,1,1,0,0,0.06016342631476821,6.082522400423065
0,62,84.5,5193.2,0,0,0,0,1,0,1,0,0,0,0,0,1,0,1,0,1,0,1,0,1,0,1,0,0,0,0,0.06016049673793855,5.083561974355808
0,23,23.85,625.65,0,0,1,1,1,0,1,0,1,1,0,1,0,1,0,1,0,1,0,1,0,0,1,0,0,0,1,0.06002532661698062,1.4316040398149878
0,66,61.35,4193.4,0,0,0,0,0,1,0,0,0,0,1,0,0,0,1,0,1,0,1,0,1,0,1,1,0,0,0,0.05997801408203876,3.679651163933078
0,71,61.4,4310.35,0,0,1,0,0,1,0,0,0,0,0,0,1,0,1,0,1,0,1,0,1,0,1,1,1,0,0,0.05986306594860584,3.6755922492443984
0,72,64.7,4746.05,0,1,1,0,0,1,0,0,0,0,1,0,1,0,1,0,1,0,1,0,1,0,1,1,0,1,0,0.0597418894919077,3.8653002501264284
0,72,99.9,7251.7,0,0,1,1,1,0,1,1,0,0,1,0,1,0,0,0,1,0,1,0,0,0,1,0,0,0,0,0.059633659776299794,5.95740261165235
0,72,106.1,7657.4,0,0,1,1,1,0,1,1,0,0,1,0,1,0,1,0,1,0,1,0,0,0,1,0,1,0,0,0.05943357590779079,6.305902403816602
0,67,86.15,5883.85,0,0,1,0,1,0,1,0,0,0,0,0,1,0,1,0,1,0,1,0,1,0,1,0,0,0,0,0.05934295981492596,5.112395988055872
0,34,19.6,678.8,0,1,1,1,1,0,0,0,1,1,0,1,0,1,0,1,0,1,0,1,0,1,0,0,1,0,0,0.05928582928974723,1.1620022540790458
1,72,89.85,6697.35,0,0,1,0,1,0,1,0,0,0,1,0,1,0,1,0,1,0,1,0,1,0,1,1,0,0,0,0.05924699312017554,5.323342331847772
0,18,19.35,309.25,0,0,1,1,1,0,0,0,1,1,0,1,0,1,0,1,0,1,0,1,0,0,1,0,0,0,1,0.05923538515179395,1.1462047026872129
0,71,82.55,5832.65,0,1,1,0,1,0,0,0,0,0,1,0,0,0,1,0,1,0,1,0,1,0,1,1,0,1,0,0.058747130594765475,4.84957563059789
0,61,49.7,2961.4,0,0,1,1,1,0,0,0,0,0,1,0,0,0,0,0,0,0,0,0,0,1,0,1,0,0,0,0.058705937455810306,2.917685091553772
0,72,90.45,6565.85,0,1,1,1,1,0,1,1,0,0,0,0,1,0,1,0,1,0,0,0,0,0,1,0,0,0,0,0.058586743630282205,5.299170961359025
0,37,20.15,785.75,0,1,0,0,1,0,0,0,1,1,0,1,0,1,0,1,0,1,0,1,0,1,0,0,1,0,0,0.05839973277454529,1.1767546154070876
0,70,94.8,6859.05,0,0,1,0,1,0,1,0,0,0,1,0,1,0,1,0,1,0,1,0,1,0,1,1,1,0,0,0.05836089453221769,5.532612801654237
0,72,90.35,6563.4,0,0,1,1,1,0,1,1,0,0,1,0,1,0,0,0,1,0,0,0,0,0,1,1,0,0,0,0.05822124890323131,5.2602898384069485
0,19,20.15,387.7,0,0,1,1,1,0,0,0,1,1,0,1,0,1,0,1,0,1,0,1,0,0,1,0,0,0,1,0.058025750130294665,1.1692188651254374
0,70,101.0,7085.5,0,1,1,0,1,0,0,1,0,0,1,0,1,0,1,0,1,0,0,0,1,0,1,0,1,0,0,0.05792324259669242,5.850247502265934
0,38,19.3,755.5,0,0,0,0,1,0,0,0,1,1,0,1,0,1,0,1,0,1,0,1,0,1,0,0,0,0,1,0.05789905084806352,1.117451681367626
0,56,60.25,3282.75,0,0,0,0,1,0,0,0,0,0,1,0,0,0,1,0,1,0,0,0,0,1,0,1,1,0,0,0.05779474962176718,3.4821336647114727
0,52,66.25,3330.1,0,0,1,0,0,1,0,0,0,0,1,0,1,0,1,0,1,0,1,0,1,0,1,0,1,0,0,0.057672954765864745,3.8208332532385394
0,25,18.7,383.65,0,0,1,1,1,0,0,0,1,1,0,1,0,1,0,1,0,1,0,1,0,0,1,1,0,0,1,0.05765942975575937,1.0782313364327
0,51,83.85,4307.1,0,1,1,0,1,0,0,0,0,0,1,0,1,0,1,0,1,0,1,0,1,0,1,1,1,0,0,0.057653982252331384,4.8342864118579865
0,59,66.4,3958.2,0,1,1,0,1,0,0,0,0,0,1,0,1,0,1,0,0,0,1,0,0,1,0,0,1,0,0,0.057504157147042774,3.8182760345636404
0,52,20.4,1090.65,0,0,1,1,1,0,0,0,1,1,0,1,0,1,0,1,0,1,0,1,0,1,0,1,0,1,0,0.05715834388182392,1.166030215189208
0,38,20.05,678.2,0,0,0,0,1,0,0,0,1,1,0,1,0,1,0,1,0,1,0,1,0,1,0,0,0,0,1,0.057157083866862204,1.1459995315305873
0,51,24.6,1266.4,0,1,0,0,1,0,1,0,1,1,0,1,0,1,0,1,0,1,0,1,0,1,0,1,0,0,0,0.05699401543018079,1.4020527795824476
0,64,86.55,5632.55,0,1,0,0,1,0,1,0,0,0,0,0,1,0,1,0,1,0,1,0,1,0,1,0,1,0,0,0.05688299864437452,4.923223532670614
0,24,24.7,571.75,0,0,1,1,1,0,1,0,1,1,0,1,0,1,0,1,0,1,0,1,0,0,1,0,0,0,1,0.056810844586871696,1.403227861295731
0,29,19.55,521.8,0,0,1,0,1,0,0,0,1,1,0,1,0,1,0,1,0,1,0,1,0,0,1,1,0,0,1,0.05657995555945461,1.1061381311873377
0,51,47.85,2356.75,0,1,0,1,1,0,0,0,0,0,0,0,0,0,0,0,1,0,0,0,0,1,0,0,1,0,0,0.05651449762521018,2.704218711366307
0,19,20.5,398.55,0,0,0,1,1,0,0,0,1,1,0,1,0,1,0,1,0,1,0,1,0,0,1,0,0,0,1,0.05642560300487558,1.1567248615999493
0,66,63.3,4189.7,0,1,1,1,1,0,1,0,0,0,0,0,0,0,1,0,0,0,1,0,0,0,1,1,0,0,0,0.056368779278597535,3.5681437283352238
0,68,95.1,6683.4,0,1,1,1,1,0,0,1,0,0,1,0,1,0,0,0,1,0,0,0,1,0,1,0,0,0,0,0.05634822137805241,5.358715853052784
0,33,61.05,2018.4,0,1,1,0,1,0,0,0,0,0,1,0,1,0,0,0,1,0,0,0,0,0,1,1,0,0,1,0.05634010273617212,3.4395632720433076
1,71,71.0,5012.1,0,1,1,0,1,0,0,0,0,0,1,0,1,0,0,0,1,0,1,0,0,1,0,1,0,0,0,0.05623707293613751,3.992832178465763
0,66,96.6,6424.25,0,1,1,0,1,0,1,1,0,0,1,0,1,0,1,0,1,0,0,0,0,0,1,0,0,0,1,0.05616271205315017,5.425317984334306
0,72,79.05,5730.7,0,0,1,1,1,0,1,1,0,0,1,0,0,0,0,0,0,0,0,0,0,0,1,0,0,0,0,0.056129924702211544,4.437070547709823
0,70,88.0,5986.45,0,1,1,0,1,0,1,1,0,0,1,0,1,0,0,0,1,0,0,0,0,0,1,1,1,0,0,0.05609022204630196,4.935939540074572
0,67,85.25,5714.2,0,0,0,0,1,0,1,0,0,0,1,0,0,0,1,0,1,0,1,0,1,0,1,1,0,0,1,0.056065661555160226,4.779597647577409
0,19,20.2,387.4,0,1,1,1,1,0,0,0,1,1,0,1,0,1,0,1,0,1,0,1,0,0,1,0,0,0,1,0.05602680416353774,1.1317414441034623
0,59,34.8,1980.3,0,1,1,1,0,1,0,0,0,0,1,0,0,0,1,0,0,0,0,0,0,1,0,0,0,0,1,0.05599565810996001,1.9486489022266082
0,38,20.1,730.1,0,1,0,0,1,0,0,0,1,1,0,1,0,1,0,1,0,1,0,1,0,1,0,0,0,0,1,0.05595356115176901,1.1246665791505572
0,70,85.95,5931.75,0,1,1,1,1,0,1,0,0,0,0,0,1,0,1,0,1,0,1,0,1,0,1,1,1,0,0,0.05591856531213985,4.8062006885784205
1,56,72.6,4084.35,0,0,1,1,1,0,0,0,0,0,1,0,0,0,0,0,1,0,1,0,1,0,1,1,1,0,0,0.055809656525415995,4.051781063745201
0,21,19.6,390.4,0,1,0,0,1,0,0,0,1,1,0,1,0,1,0,1,0,1,0,1,0,0,1,0,0,0,1,0.05576601781168421,1.0930139491090105
0,37,20.3,755.4,0,0,0,1,1,0,0,0,1,1,0,1,0,1,0,1,0,1,0,1,0,1,0,0,0,0,0,0.05575595905158939,1.1318459687472646
1,62,79.95,4819.75,0,0,1,0,1,0,0,0,0,0,1,0,0,0,1,0,1,0,1,0,1,0,1,1,1,0,0,0.0553045998812872,4.421602760508912
0,48,70.1,3238.4,0,0,1,1,1,0,0,0,0,0,1,0,1,0,1,0,0,0,0,0,1,0,1,1,1,0,0,0.0552656893126704,3.874124820818195
0,44,20.5,865.05,0,1,1,1,1,0,0,0,1,1,0,1,0,1,0,1,0,1,0,1,0,1,0,1,0,0,0,0.05518241409471071,1.1312394889415696
0,24,24.2,609.05,0,1,1,1,1,0,1,0,1,1,0,1,0,1,0,1,0,1,0,1,0,0,1,0,0,0,1,0.05509496605329181,1.3332981784896618
0,72,75.4,5480.25,0,1,1,1,1,0,0,0,0,0,0,0,1,0,1,0,0,0,1,0,1,0,1,1,0,0,0,0.0549733875098246,4.144993418240775
1,66,63.85,4174.35,0,0,0,0,1,0,1,0,0,0,1,0,1,0,0,0,1,0,0,0,0,1,0,1,1,0,0,0.0549171633268111,3.5064608784168887
0,69,81.95,5601.4,0,1,1,1,1,0,1,0,0,0,0,0,1,0,1,0,1,0,1,0,1,0,1,1,0,0,0,0.054836466754066414,4.493848450495743
0,37,62.8,2278.75,0,1,1,1,1,0,1,0,0,0,1,0,0,0,1,0,1,0,0,0,0,0,1,1,1,0,0,0.054828921098170516,3.443256244965108
0,35,69.15,2490.15,0,1,1,1,1,0,1,0,0,0,1,0,1,0,1,0,1,0,0,0,0,0,1,1,1,0,0,0.05460989406763404,3.776274174776894
0,19,20.85,467.5,0,1,0,1,1,0,0,0,1,1,0,1,0,1,0,1,0,1,0,1,0,0,1,0,1,0,0,0.0544509691270983,1.1353027062999996
0,36,40.65,1547.35,0,0,1,1,0,1,0,0,0,0,1,0,0,0,1,0,1,0,0,0,0,0,1,0,1,0,0,0.054106755467526614,2.1994396097549567
0,51,83.25,4089.45,0,1,1,0,1,0,0,0,0,0,1,0,1,0,1,0,1,0,1,0,1,0,1,1,1,0,0,0.05410312589817888,4.504085231023391
0,72,49.2,3580.95,0,0,1,0,0,1,0,0,0,0,1,0,1,0,1,0,0,0,0,0,1,0,1,1,0,1,0,0.054068463206243984,2.6601683897472044
0,39,19.9,791.15,0,1,0,0,1,0,0,0,1,1,0,1,0,1,0,1,0,1,0,1,0,1,0,0,0,0,1,0.05400999872461304,1.0747989746197995
0,66,85.25,5538.35,0,1,1,0,1,0,1,0,0,0,1,0,1,0,0,0,1,0,1,0,1,0,1,0,0,1,0,0.05391927431892232,4.596618135688128
0,62,39.0,2337.45,0,1,1,0,0,1,0,0,0,0,0,0,0,0,0,0,1,0,1,0,0,0,1,1,0,0,0,0.05391382923157616,2.10263934003147
0,26,19.15,515.75,0,1,1,1,1,0,0,0,1,1,0,1,0,1,0,1,0,1,0,1,0,0,1,1,1,0,0,0.053902871915693505,1.0322399971855305
0,43,19.2,776.25,0,1,1,1,1,0,0,0,1,1,0,1,0,1,0,1,0,1,0,1,0,1,0,1,0,0,1,0.05388823159851464,1.034654046691481
0,71,83.2,6126.1,0,1,1,0,1,0,1,0,0,0,1,0,0,0,1,0,1,0,1,0,1,0,1,0,0,1,0,0.05368776806100673,4.4668223026757605
0,20,20.05,400.0,0,1,1,1,1,0,0,0,1,1,0,1,0,1,0,1,0,1,0,1,0,0,1,0,0,0,1,0.05341771677923546,1.071025221423671
0,72,82.65,5919.35,0,0,1,0,1,0,1,0,0,0,1,0,1,0,1,0,0,0,1,0,1,0,1,1,1,0,0,0.053400107586830586,4.413518892051548
1,63,36.1,2298.9,0,1,1,0,0,1,0,0,0,0,1,0,0,0,0,0,1,0,0,0,0,1,0,0,0,0,0,0.05336067566086148,1.9263203913570994
0,54,46.0,2424.05,0,1,1,1,0,1,0,0,0,0,0,0,0,0,1,0,1,0,0,0,1,0,1,0,1,0,0,0.05322473995730772,2.4483380380361552
0,56,52.7,3019.7,0,1,0,0,1,0,0,0,0,0,1,0,0,0,1,0,0,0,0,0,0,1,0,0,0,0,1,0.053105422851684944,2.7986557842837967
1,70,88.55,6306.5,0,1,1,0,1,0,1,0,0,0,1,0,1,0,1,0,1,0,1,0,1,0,1,1,1,0,0,0.05299947100576372,4.693103157560378
0,38,20.3,749.35,0,0,1,1,1,0,0,0,1,1,0,1,0,1,0,1,0,1,0,1,0,1,0,0,0,0,1,0.052856397105212234,1.0729848612358084
0,52,63.9,3334.95,0,1,0,0,0,1,0,0,0,0,1,0,1,0,1,0,1,0,1,0,1,0,1,0,1,0,0,0.0525902581884822,3.360517498244013
0,64,76.1,4818.8,0,1,1,0,1,0,1,0,0,0,0,0,1,0,1,0,1,0,1,0,0,0,1,1,0,0,0,0.052268095205696856,3.9776020451535303
0,25,25.5,630.6,0,1,1,1,1,0,1,0,1,1,0,1,0,1,0,1,0,1,0,1,0,0,1,0,1,0,0,0.05226804866653314,1.3328352409965951
1,72,90.15,6716.45,0,0,1,1,1,0,1,0,0,0,1,0,1,0,1,0,1,0,1,0,1,0,1,1,0,0,0,0.052242396952024,4.709652085224963
0,46,81.0,3846.35,0,1,1,1,1,0,0,0,0,0,1,0,0,0,1,0,1,0,1,0,1,0,1,0,0,0,1,0.05223122678208851,4.230729369349169
1,47,59.6,2754.0,0,1,0,0,1,0,1,0,0,0,0,0,1,0,0,0,1,0,0,0,0,0,1,0,0,0,0,0.052213984762689306,3.1119534918562826
0,69,85.35,5897.4,0,0,0,0,1,0,1,0,0,0,1,0,0,0,1,0,1,0,1,0,1,0,1,1,1,0,0,0.05220068031341716,4.455328064750154
1,72,84.8,6141.65,0,1,1,0,1,0,0,1,0,0,1,0,1,0,0,0,1,0,0,0,0,0,1,1,1,0,0,0.05209154452748449,4.4173629759306845
0,64,60.05,3845.45,0,1,1,1,0,1,0,0,0,0,1,0,0,0,1,0,1,0,1,0,1,0,1,1,0,0,0,0.05208475213970355,3.1276893659891982
1,49,81.35,4060.9,0,1,0,0,1,0,1,0,0,0,1,0,1,0,1,0,1,0,0,0,1,0,1,0,1,0,0,0.05194308767628964,4.2255701824661624
0,54,46.2,2431.95,0,1,0,0,0,1,0,0,0,0,1,0,1,0,0,0,0,0,0,0,1,0,1,0,0,0,0,0.051842508939449035,2.3951239130025455
0,66,90.05,5965.95,0,0,0,0,1,0,1,0,0,0,1,0,1,0,1,0,1,0,1,0,1,0,1,1,1,0,0,0.05173854445790042,4.659055928433933
0,49,20.05,923.1,0,0,1,0,1,0,0,0,1,1,0,1,0,1,0,1,0,1,0,1,0,1,0,1,0,0,0,0.05159336440946506,1.0344469564097745
0,33,24.5,740.3,1,0,1,1,1,0,1,0,1,1,0,1,0,1,0,1,0,1,0,1,0,0,1,1,0,0,1,0.05157335079717679,1.2635470945308314
0,68,90.8,6302.85,0,1,1,0,1,0,1,0,0,0,1,0,1,0,1,0,1,0,1,0,1,0,1,1,1,0,0,0.05155950900911325,4.681603418027483
0,38,19.6,763.1,0,0,1,1,1,0,0,0,1,1,0,1,0,1,0,1,0,1,0,1,0,1,0,0,1,0,0,0.05153560455495121,1.0100978492770438
0,53,64.15,3491.55,0,1,1,1,1,0,1,0,0,0,1,0,1,0,0,0,1,0,0,0,0,1,0,0,0,0,0,0.05144766791400905,3.300367896683681
0,72,84.9,6065.3,0,0,1,0,1,0,1,0,0,0,1,0,0,0,1,0,1,0,1,0,1,0,1,1,0,0,0,0.05138724721049859,4.362777288171331
0,37,19.8,677.05,0,1,1,1,1,0,0,0,1,1,0,1,0,1,0,1,0,1,0,1,0,1,0,0,1,0,0,0.051184047143778104,1.0134441334468065
0,64,49.85,3210.35,0,0,1,1,0,1,0,0,0,0,0,0,1,0,1,0,1,0,0,0,1,0,1,0,0,1,0,0.051136565797677926,2.5491578050142447
0,65,67.05,4309.55,0,1,1,0,1,0,1,0,0,0,1,0,1,0,1,0,0,0,0,0,0,1,0,0,1,0,0,0.05110256683759257,3.4264271064605816
0,64,90.6,5817.45,0,0,1,1,1,0,1,0,0,0,1,0,1,0,1,0,1,0,1,0,1,0,1,1,0,0,1,0.051093670065425555,4.629086507927555
0,24,19.75,483.15,0,1,1,0,1,0,0,0,1,1,0,1,0,1,0,1,0,1,0,1,0,0,1,0,0,0,1,0.05105849979957874,1.00840537104168
0,72,91.15,6637.9,0,0,1,0,1,0,1,0,0,0,1,0,1,0,1,0,1,0,1,0,1,0,1,1,0,0,0,0.05095496577153418,4.644545130075341
0,32,73.6,2316.85,0,0,1,1,1,0,0,0,0,0,1,0,1,0,1,0,1,0,0,0,1,0,1,0,0,0,1,0.05091121744953473,3.7470656042857557
0,72,86.6,6350.5,0,0,0,0,1,0,1,0,0,0,0,0,1,0,1,0,1,0,1,0,1,0,1,0,0,0,0,0.05087791247471135,4.406027220310003
0,66,84.0,5714.25,0,1,1,1,1,0,1,0,0,0,1,0,0,0,1,0,1,0,1,0,1,0,1,1,0,0,1,0.050816074702349084,4.268550274997323
0,67,69.9,4615.9,0,0,1,1,1,0,1,0,0,0,0,0,0,0,1,0,1,0,0,0,1,0,1,1,0,0,0,0.05077029786088529,3.548843820475882
0,23,20.4,478.75,0,0,1,1,1,0,0,0,1,1,0,1,0,1,0,1,0,1,0,1,0,0,1,0,0,0,0,0.05070661098581013,1.0344148641105266
0,50,70.5,3486.65,0,1,1,1,1,0,1,0,0,0,1,0,0,0,0,0,1,0,1,0,0,0,1,1,1,0,0,0.05061497192287154,3.5683555205624433
0,66,49.4,3251.85,0,0,1,1,1,0,0,0,0,0,0,0,0,0,0,0,1,0,0,0,0,1,0,1,1,0,0,0.050424419292806,2.4909663130646162
0,65,90.45,5957.9,0,0,1,1,1,0,1,0,0,0,1,0,1,0,1,0,1,0,1,0,1,0,1,1,0,0,1,0.050388469397791985,4.557637057030285
0,57,59.3,3274.35,0,0,1,1,1,0,0,0,0,0,1,0,0,0,1,0,1,0,0,0,0,1,0,1,0,0,1,0.05028809819003244,2.9820842226689233
0,44,25.7,1110.5,0,1,1,1,1,0,1,0,1,1,0,1,0,1,0,1,0,1,0,1,0,1,0,0,0,0,1,0.05022551352740596,1.290795697654333
0,72,91.35,6697.2,0,0,0,0,1,0,1,0,0,0,1,0,1,0,1,0,1,0,1,0,1,0,1,1,0,0,0,0.05010651865901768,4.5772304795012655
0,42,48.15,2032.3,0,1,1,1,0,1,0,0,0,0,1,0,0,0,1,0,1,0,1,0,0,0,1,0,1,0,0,0.05010481836238056,2.4125470041486237
0,71,90.1,6310.9,0,0,1,0,1,0,1,0,0,0,1,0,1,0,1,0,1,0,1,0,1,0,1,0,0,1,0,0.05009811037001968,4.513839744338773
0,62,71.4,4487.3,0,1,1,1,1,0,0,0,0,0,1,0,0,0,1,0,1,0,0,0,1,1,0,0,1,0,0,0.050026085625673435,3.5718625136730835
1,49,49.8,2398.4,0,1,1,0,1,0,0,0,0,0,0,0,1,0,0,0,0,0,0,0,0,0,1,0,0,0,1,0.04991056132734784,2.4855459541019225
0,24,20.75,487.05,0,1,0,0,1,0,0,0,1,1,0,1,0,1,0,1,0,1,0,1,0,0,1,0,0,0,1,0.04987468684581554,1.0348997520506724
0,46,56.9,2560.1,0,1,1,1,1,0,0,0,0,0,1,0,0,0,1,0,1,0,0,0,0,1,0,0,0,0,1,0.049763491173320844,2.831542647761956
1,70,75.5,5212.65,0,0,0,0,1,0,1,0,0,0,0,0,1,0,1,0,1,0,1,0,0,0,1,1,0,0,0,0.049729649416770924,3.754588530966205
0,48,24.55,1203.95,0,0,0,0,1,0,1,0,1,1,0,1,0,1,0,1,0,1,0,1,0,1,0,0,0,0,0,0.04957201412484768,1.2169929467650105
0,46,20.2,845.6,0,1,1,1,1,0,0,0,1,1,0,1,0,1,0,1,0,1,0,1,0,1,0,1,0,0,0,0.0495596511338151,1.0011049529030651
0,65,74.2,4805.65,0,1,0,0,1,0,1,0,0,0,0,0,1,0,1,0,1,0,0,0,1,0,1,1,1,0,0,0.049519576598402226,3.6743525836014452
1,68,41.95,2965.75,0,1,1,0,0,1,0,0,0,0,1,0,1,0,1,0,0,0,0,0,0,0,1,1,0,1,0,0.04946952719055809,2.075246665643912
0,66,50.55,3364.55,0,1,1,1,0,1,0,0,0,0,0,0,0,0,0,0,1,0,1,0,1,0,1,0,0,0,0,0.04940731099508992,2.4975395708017953
0,71,80.7,5705.05,0,0,1,0,1,0,0,0,0,0,0,0,1,0,1,0,1,0,1,0,1,0,1,1,1,0,0,0.04935265063373973,3.9827589061427964
0,66,29.45,1983.15,0,1,0,0,0,1,0,0,0,0,0,0,0,0,0,0,1,0,0,0,0,1,0,0,1,0,0,0.049296596679066766,1.4517847721985162
0,66,54.65,3632.0,0,1,1,1,0,1,0,0,0,0,0,0,0,0,1,0,1,0,1,0,1,0,1,0,0,0,0,0.049282226286461665,2.69327366655513
0,50,19.85,943.1,0,0,1,0,1,0,0,0,1,1,0,1,0,1,0,1,0,1,0,1,0,1,0,1,0,0,0,0.04925211454008778,0.9776544736207425
0,28,20.3,487.95,0,1,1,1,1,0,0,0,1,1,0,1,0,1,0,1,0,1,0,1,0,0,1,1,1,0,0,0.049008886137966286,0.9948803886007156
0,42,19.8,849.9,0,1,0,0,1,0,0,0,1,1,0,1,0,1,0,1,0,1,0,1,0,1,0,0,0,0,0,0.04898515392187784,0.9699060476531813
0,56,24.3,1261.7,0,0,1,0,1,0,1,0,1,1,0,1,0,1,0,1,0,1,0,1,0,1,0,0,0,1,0,0.048984774417269596,1.1903300183396512
0,68,44.8,2983.65,0,1,1,1,0,1,0,0,0,0,1,0,1,0,0,0,0,0,1,0,0,1,0,0,0,0,1,0.048881287348536105,2.1898816732144173
0,68,54.45,3674.95,0,0,0,0,1,0,0,0,0,0,1,0,0,0,1,0,0,0,0,0,0,1,0,1,1,0,0,0.04885559907467614,2.660187369616116
0,21,19.6,397.0,0,1,0,1,1,0,0,0,1,1,0,1,0,1,0,1,0,1,0,1,0,0,1,0,0,0,1,0.0488399030416672,0.9572620996166772
1,69,56.55,3952.65,0,1,1,0,0,1,0,0,0,0,1,0,1,0,0,0,0,0,1,0,1,0,1,0,1,0,0,0.04881518710311904,2.7604988306813816
1,51,25.0,1260.7,0,1,0,0,1,0,1,0,1,1,0,1,0,1,0,1,0,1,0,1,0,1,0,0,0,0,0,0.04875864938059033,1.2189662345147583
0,51,23.95,1216.35,0,1,1,1,1,0,1,0,1,1,0,1,0,1,0,1,0,1,0,1,0,1,0,1,0,0,1,0.048743428268258455,1.16740510702479
0,35,25.4,949.8,0,0,1,1,1,0,1,0,1,1,0,1,0,1,0,1,0,1,0,1,0,0,1,1,1,0,0,0.04873234771712834,1.2378016320150598
0,72,90.95,6468.6,0,0,1,0,1,0,1,0,0,0,1,0,1,0,1,0,1,0,1,0,1,0,1,1,0,0,0,0.04861191289310601,4.421253477627992
0,72,84.4,6096.45,0,0,1,0,1,0,1,0,0,0,1,0,0,0,1,0,1,0,1,0,1,0,1,1,1,0,0,0.04860870130280894,4.102574389957075
0,47,63.8,3007.25,0,0,1,1,1,0,0,0,0,0,0,0,1,0,0,0,1,0,0,0,1,0,1,0,0,0,0,0.04860411062337388,3.1009422577712535
0,72,92.0,6782.15,0,1,1,0,1,0,1,0,0,0,1,0,1,0,1,0,1,0,1,0,1,0,1,1,1,0,0,0.04858487929042705,4.469808894719288
0,58,60.3,3563.8,1,1,1,0,1,0,0,0,0,0,1,0,1,0,1,0,0,0,0,0,0,1,0,0,1,0,0,0.048571562858216955,2.9288652403504822
0,32,20.05,614.45,0,1,0,0,1,0,0,0,1,1,0,1,0,1,0,1,0,1,0,1,0,0,1,1,0,0,0,0.0485690490387491,0.9738094332269195
0,39,19.35,779.2,0,1,0,1,1,0,0,0,1,1,0,1,0,1,0,1,0,1,0,1,0,1,0,0,0,0,0,0.048558261520767663,0.9396023604268544
0,48,24.35,1133.7,0,0,0,0,1,0,1,0,1,1,0,1,0,1,0,1,0,1,0,1,0,1,0,0,0,0,0,0.04855500549082638,1.1823143837016223
0,68,72.95,4953.25,0,1,1,1,1,0,0,0,0,0,0,0,0,0,1,0,1,0,1,0,1,0,1,1,0,0,0,0.048536549925849035,3.540741317090687
0,54,91.3,4965.0,0,0,1,1,1,0,1,0,0,0,1,0,1,0,1,0,1,0,1,0,1,0,1,0,1,0,0,0.04850572179110017,4.428572399527446
0,41,19.75,899.45,0,1,1,0,1,0,0,0,1,1,0,1,0,1,0,1,0,1,0,1,0,0,1,1,0,1,0,0.048485758869102356,0.9575937376647715
0,58,59.75,3624.35,0,0,1,1,0,1,0,0,0,0,1,0,0,0,1,0,1,0,1,0,1,0,1,0,0,0,1,0.04845283556604711,2.895056925071315
0,43,25.1,1070.15,0,0,0,1,1,0,1,0,1,1,0,1,0,1,0,1,0,1,0,1,0,0,1,1,0,1,0,0.048434687381760065,1.2157106532821778
0,72,53.8,3952.45,0,0,1,1,0,1,0,0,0,0,1,0,0,0,1,0,0,0,1,0,1,0,1,1,1,0,0,0.04841650963752241,2.6048082184987056
0,70,80.4,5717.85,0,0,1,1,1,0,0,0,0,0,0,0,1,0,1,0,1,0,1,0,1,0,1,1,0,0,0,0.048098262556459964,3.8671003095393814
0,61,19.4,1182.55,1,0,1,1,1,0,0,0,1,1,0,1,0,1,0,1,0,1,0,1,0,0,0,1,0,0,1,0.04800305447880461,0.9312592568888094
0,70,58.35,4214.25,0,0,0,0,0,1,0,0,0,0,1,0,0,0,1,0,1,0,1,0,1,0,1,1,0,0,0,0.04799475757809188,2.800494104681661
0,64,86.4,5442.05,0,0,0,0,1,0,1,0,0,0,1,0,1,0,1,0,1,0,1,0,1,0,1,1,1,0,0,0.047918580225136204,4.140165331451768
0,72,85.95,6151.9,0,1,1,0,1,0,1,0,0,0,0,0,1,0,1,0,1,0,1,0,1,0,1,0,0,0,0,0.04788701093695807,4.115888590031546
1,72,63.1,4685.55,0,1,1,0,0,1,0,0,0,0,1,0,1,0,1,0,1,0,1,0,1,0,1,1,0,0,0,0.04788182666791386,3.0213432627453645
0,66,62.5,4136.4,0,0,0,0,0,1,0,0,0,0,1,0,1,0,1,0,1,0,1,0,1,0,1,1,0,0,0,0.04781966983394821,2.988729364621763
1,52,59.85,3103.25,0,0,0,0,1,0,1,0,0,0,1,0,0,0,1,0,0,0,0,0,0,0,1,0,0,0,0,0.047746027749590254,2.8575997608129766
0,63,40.6,2588.95,0,1,0,1,0,1,0,0,0,0,1,0,1,0,0,0,1,0,0,0,0,1,0,1,0,0,0,0.04773199025418816,1.9379188043200393
0,54,65.3,3512.9,0,1,0,0,1,0,0,0,0,0,1,0,1,0,0,0,0,0,1,0,0,0,1,1,0,0,0,0.04769537544789233,3.114508016747369
0,61,86.45,5175.3,0,0,0,0,1,0,1,0,0,0,1,0,0,0,1,0,1,0,1,0,1,0,1,0,1,0,0,0.04766833673480899,4.120927710724238
0,72,83.6,5959.3,0,0,1,1,1,0,1,0,0,0,1,0,1,0,1,0,0,0,1,0,1,0,1,1,1,0,0,0.04762683045319164,3.981603025886821
0,70,79.4,5528.9,0,1,1,0,1,0,1,0,0,0,1,0,1,0,1,0,1,0,1,0,0,1,0,0,0,0,0,0.047593595574185785,3.7789314885903518
0,52,57.95,3042.25,0,0,0,0,1,0,0,0,0,0,1,0,0,0,1,0,1,0,0,0,0,1,0,0,1,0,0,0.047530628364386485,2.7543999137161967
0,25,19.8,475.2,0,0,0,0,1,0,0,0,1,1,0,1,0,1,0,1,0,1,0,1,0,0,1,0,1,0,0,0.047499808387493195,0.9404962060723653
0,46,24.95,1165.9,0,0,1,1,1,0,1,0,1,1,0,1,0,1,0,1,0,1,0,1,0,1,0,0,0,0,1,0.04745776271915098,1.184071179842817
0,63,89.4,5597.65,0,1,1,1,1,0,1,0,0,0,1,0,1,0,1,0,1,0,1,0,1,0,1,1,1,0,0,0.047231634057828605,4.222508084769878
0,68,89.05,6185.8,0,0,1,1,1,0,1,0,0,0,1,0,1,0,1,0,1,0,1,0,1,0,1,1,0,0,0,0.047170307749022915,4.200515905050491
0,23,20.9,454.0,0,1,1,1,1,0,0,0,1,1,0,1,0,1,0,1,0,1,0,1,0,0,1,0,0,0,1,0.04707845664452717,0.9839397438706179
0,54,24.75,1342.15,0,0,1,1,1,0,1,0,1,1,0,1,0,1,0,1,0,1,0,1,0,1,0,1,0,0,0,0.04705662727939017,1.1646515251649066
0,47,74.05,3496.3,0,0,0,0,1,0,1,0,0,0,1,0,1,0,0,0,1,0,0,0,1,0,1,0,0,0,1,0.04697622397070985,3.4785893850310643
0,47,65.0,2879.9,0,0,0,0,1,0,1,0,0,0,1,0,0,0,1,0,1,0,0,0,0,0,1,1,0,0,1,0.04683469724666621,3.0442553210333037
0,56,24.9,1334.0,1,1,0,0,1,0,1,0,1,1,0,1,0,1,0,1,0,1,0,1,0,1,0,0,0,1,0,0.04682237292400134,1.1658770858076333
0,68,92.2,6392.85,0,1,1,1,1,0,1,0,0,0,1,0,1,0,1,0,1,0,1,0,1,0,1,1,1,0,0,0.04680706057426001,4.315610984946773
0,50,19.35,1033.0,0,0,0,0,1,0,0,0,1,1,0,1,0,1,0,1,0,1,0,1,0,1,0,1,0,0,1,0.04672364134654345,0.9041024600556158
0,72,80.8,5728.55,0,1,1,1,1,0,0,0,0,0,1,0,0,0,1,0,1,0,1,0,1,0,1,1,0,1,0,0.04671422933128833,3.774509729968097
0,72,86.4,6058.95,0,0,1,0,1,0,1,0,0,0,1,0,1,0,0,0,1,0,1,0,1,0,1,1,0,0,0,0.04670864599976954,4.035627014380088
0,71,90.4,6668.05,0,1,1,1,1,0,1,0,0,0,1,0,1,0,1,0,1,0,1,0,1,0,1,0,0,1,0,0.04659437820317774,4.212131789567268
0,53,69.7,3686.05,0,1,1,1,1,0,1,0,0,0,1,0,1,0,0,0,0,0,0,0,1,0,1,0,0,0,0,0.04659086883876963,3.247383558062243
0,48,25.05,1171.5,0,0,0,0,1,0,1,0,1,1,0,1,0,1,0,1,0,1,0,1,0,1,0,0,1,0,0,0.0465663616458144,1.1664873592276508
0,52,63.25,3342.45,0,1,0,0,1,0,0,0,0,0,1,0,1,0,0,0,0,0,1,0,0,0,1,1,1,0,0,0.04649869599729815,2.9410425218291083
0,66,59.75,3996.8,0,0,1,1,1,0,0,0,0,0,1,0,0,0,0,0,0,0,1,0,0,0,1,1,0,1,0,0.046461262141703714,2.776060412966797
0,29,26.1,692.55,0,0,1,1,1,0,1,0,1,1,0,1,0,1,0,1,0,1,0,1,0,0,1,0,0,0,1,0.04640818376257206,1.2112535962031308
1,67,60.95,4119.4,0,1,1,0,1,0,0,0,0,0,1,0,1,0,0,0,1,0,0,0,0,1,0,1,0,0,0,0.04640185507717897,2.8281930669540585
0,52,50.2,2554.0,0,1,1,1,0,1,0,0,0,0,0,0,1,0,1,0,1,0,1,0,0,0,1,0,0,0,1,0.0463988267723667,2.3292211039728086
1,56,73.25,4054.2,0,0,0,0,1,0,1,0,0,0,1,0,0,0,1,0,1,0,0,0,1,0,1,0,0,0,0,0.04636862694829946,3.3965019239629357
0,34,67.65,2339.3,0,0,0,1,1,0,0,0,0,0,1,0,0,0,1,0,1,0,1,0,0,0,1,0,1,0,0,0.0461482572064775,3.1219296000182033
0,72,93.25,6688.95,0,0,1,1,1,0,1,0,0,0,1,0,1,0,1,0,1,0,1,0,1,0,1,1,0,0,0,0.046102450512149354,4.299053510257927
0,69,61.45,4131.2,0,0,1,0,1,0,0,0,0,0,0,0,1,0,0,0,0,0,0,0,1,0,1,1,1,0,0,0.04608900404556023,2.8321692985996765
0,27,19.55,520.55,0,1,1,0,1,0,0,0,1,1,0,1,0,1,0,1,0,1,0,1,0,0,1,0,0,0,0,0.04598491426196575,0.8990050738214305
0,63,83.5,5435.0,0,1,1,1,1,0,1,0,0,0,1,0,1,0,1,0,0,0,1,0,1,0,1,0,1,0,0,0.045924484409062064,3.8346944481566823
0,51,19.85,996.95,0,0,0,0,1,0,0,0,1,1,0,1,0,1,0,1,0,1,0,1,0,1,0,1,0,0,0,0.04591261251705501,0.9113653584635419
0,24,19.7,452.55,0,0,1,1,1,0,0,0,1,1,0,1,0,1,0,1,0,1,0,1,0,0,1,0,0,0,1,0.04584208583476569,0.9030890909448841
0,41,19.5,798.2,0,1,1,1,1,0,0,0,1,1,0,1,0,1,0,1,0,1,0,1,0,1,0,0,0,0,0,0.045797295579805206,0.8930472638062015
0,55,20.0,1087.25,0,0,1,1,1,0,0,0,1,1,0,1,0,1,0,1,0,1,0,1,0,0,0,0,1,0,0,0.04562750837278513,0.9125501674557026
1,72,89.55,6448.85,0,0,1,1,1,0,1,0,0,0,1,0,1,0,1,0,1,0,1,0,1,0,1,1,1,0,0,0.045588083104671356,4.08241284202332
0,51,19.1,1007.8,0,1,0,0,1,0,0,0,1,1,0,1,0,1,0,1,0,1,0,1,0,1,0,0,0,1,0,0.045473865673808456,0.8685508343697416
0,70,80.6,5460.2,0,0,1,1,1,0,1,0,0,0,1,0,0,0,0,0,1,0,1,0,1,0,1,1,0,0,0,0.04536279204233025,3.656241038611818
0,66,54.8,3465.7,0,1,0,0,1,0,0,0,0,0,1,0,1,0,0,0,0,0,0,0,0,1,0,1,0,0,1,0.04530587534554794,2.482761968936027
0,61,80.8,4860.85,0,1,1,0,1,0,1,0,0,0,1,0,1,0,1,0,1,0,0,0,1,0,1,1,0,0,0,0.04526418030569292,3.657345768699988
1,72,64.45,4641.1,0,1,1,0,0,1,0,0,0,0,1,0,1,0,1,0,1,0,1,0,1,0,1,1,1,0,0,0.04521777111061343,2.914285348079036
0,71,79.1,5564.85,0,1,1,0,1,0,0,0,0,0,0,0,1,0,1,0,1,0,1,0,1,0,1,1,1,0,0,0.0451298543978085,3.569771482866652
0,23,19.6,426.65,0,1,1,1,1,0,0,0,1,1,0,1,0,1,0,1,0,1,0,1,0,0,1,0,1,0,0,0.04511833405031169,0.8843193473861092
0,37,24.1,861.85,0,0,1,1,1,0,1,0,1,1,0,1,0,1,0,1,0,1,0,1,0,0,1,1,0,0,0,0.04509974519041211,1.086903859088932
0,65,94.55,6078.75,0,1,1,1,1,0,1,1,0,0,1,0,1,0,1,0,1,0,0,0,0,0,1,0,1,0,0,0.04509930480185355,4.264139269015253
0,70,78.35,5445.95,0,1,1,1,1,0,1,0,0,0,1,0,1,0,1,0,1,0,0,0,1,1,0,0,0,0,0,0.045011697697043176,3.5266665145633325
0,68,85.3,5560.0,0,0,1,1,1,0,1,0,0,0,0,0,1,0,1,0,1,0,1,0,1,0,1,0,0,0,0,0.044910677853399424,3.8308808208949707
0,24,19.75,498.1,0,0,0,1,1,0,0,0,1,1,0,1,0,1,0,1,0,1,0,1,0,0,1,0,0,0,1,0.04484099079521162,0.8856095682054296
0,68,80.35,5375.15,0,1,1,1,1,0,0,1,0,0,1,0,0,0,1,0,0,0,0,0,0,0,1,0,1,0,0,0.04483804326673171,3.6027367764818923
0,42,25.25,1108.2,0,0,1,0,1,0,1,0,1,1,0,1,0,1,0,1,0,1,0,1,0,0,1,0,0,1,0,0.04482272488696264,1.1317738033958065
1,72,88.05,6425.65,0,0,1,1,1,0,1,0,0,0,1,0,1,0,1,0,1,0,1,0,1,0,1,1,1,0,0,0.04462220135640235,3.928984829431227
0,70,84.7,5991.05,0,0,0,0,1,0,1,0,0,0,1,0,1,0,1,0,0,0,1,0,1,0,1,0,0,0,1,0.044537714945675315,3.772344455898699
1,72,84.45,5899.85,0,1,1,0,1,0,1,0,0,0,1,0,1,0,1,0,0,0,1,0,1,0,1,0,1,0,0,0.04451281866785099,3.7591075365000166
0,66,79.5,5196.1,0,1,0,1,1,0,0,0,0,0,0,0,1,0,1,0,1,0,1,0,1,0,1,1,1,0,0,0.04447515640944605,3.535774934550961
0,60,76.95,4543.95,0,1,1,1,1,0,0,0,0,0,0,0,1,0,0,0,1,0,1,0,1,0,1,0,0,0,0,0.044471634405036306,3.422092267467544
0,65,82.5,5215.1,0,0,1,1,1,0,1,0,0,0,1,0,1,0,0,0,1,0,1,0,1,0,1,1,0,0,0,0.044411519553452426,3.663950363159825
0,64,47.85,3147.5,1,0,1,0,0,1,0,0,0,0,1,0,0,0,1,0,1,0,0,0,1,0,1,0,0,1,0,0.0443645481285845,2.1228436279527685
0,68,86.5,5882.75,0,1,0,1,1,0,1,0,0,0,1,0,1,0,0,0,1,0,1,0,1,0,1,1,0,0,0,0.04433827011846009,3.8352603652467976
1,72,64.95,4546.0,0,1,1,0,0,1,0,0,0,0,1,0,1,0,1,0,1,0,1,0,1,0,1,1,1,0,0,0.044305984896119,2.877673719002929
0,71,84.2,5956.85,0,1,1,0,1,0,1,0,0,0,0,0,1,0,1,0,1,0,1,0,1,0,1,0,1,0,0,0.044252020756009536,3.726020147656003
0,25,20.1,486.05,0,0,1,1,1,0,0,0,1,1,0,1,0,1,0,1,0,1,0,1,0,0,1,0,0,0,1,0.04417649025042148,0.8879474540334719
0,71,100.2,7209.0,0,1,1,1,1,0,0,1,0,0,1,0,1,0,1,0,1,0,1,0,0,0,1,0,1,0,0,0.04416278070169168,4.425110626309507
0,60,65.85,3928.3,0,1,1,1,1,0,0,0,0,0,1,0,1,0,1,0,1,0,0,0,0,1,0,1,0,0,0,0.044053823372544314,2.900944269082043
0,70,57.8,4039.3,0,0,1,0,0,1,0,0,0,0,0,0,1,0,1,0,1,0,1,0,1,0,1,0,0,0,0,0.04402769544689234,2.544800796830377
0,69,60.05,4176.7,0,1,0,0,0,1,0,0,0,0,1,0,1,0,0,0,1,0,1,0,1,0,1,1,0,0,0,0.0439518618758468,2.6393093056446
0,61,81.05,4747.65,0,1,1,0,1,0,0,0,0,0,1,0,1,0,0,0,1,0,1,0,1,0,1,1,0,0,1,0.04394505649437225,3.5617468288688707
0,72,83.3,6042.7,0,0,1,1,1,0,1,0,0,0,1,0,0,0,1,0,1,0,1,0,1,0,1,1,0,0,0,0.04391022123543402,3.6577214289116537
0,70,89.0,6293.2,0,0,1,1,1,0,1,0,0,0,1,0,1,0,1,0,1,0,1,0,1,0,1,1,0,0,0,0.04390240383195814,3.9073139410442743
0,70,93.9,6579.05,1,0,1,1,1,0,1,1,0,0,1,0,1,0,1,0,1,0,0,0,0,0,1,0,0,0,0,0.04386032311637595,4.118484340627702
0,58,59.9,3505.1,0,0,1,0,1,0,1,0,0,0,0,0,1,0,0,0,1,0,0,0,0,0,1,1,1,0,0,0.043858702282241264,2.627136266706252
0,67,50.55,3431.75,0,0,1,1,1,0,0,0,0,0,0,0,1,0,0,0,0,0,0,0,0,1,0,0,1,0,0,0.04384758337316261,2.2164953395133695
0,63,86.7,5309.5,0,1,0,0,1,0,0,0,0,0,1,0,1,0,1,0,1,0,1,0,1,0,1,1,0,0,0,0.04368826863977132,3.787772891068174
1,71,82.7,5831.2,0,0,1,0,1,0,1,0,0,0,1,0,1,0,1,0,1,0,0,0,1,0,1,1,0,0,0,0.04366798417992748,3.611342291680003
0,72,84.2,5986.55,0,0,1,1,1,0,1,0,0,0,1,0,0,0,1,0,1,0,1,0,1,0,1,1,0,0,0,0.0436519780391564,3.6754965508969693
0,66,74.6,4798.4,0,1,0,0,1,0,1,0,0,0,1,0,1,0,1,0,0,0,0,0,1,0,1,1,1,0,0,0.04353714738442691,3.2478711948782473
0,56,75.85,4261.2,0,1,1,1,1,0,1,0,0,0,1,0,1,0,0,0,1,0,0,0,1,0,1,1,1,0,0,0.043517535035135876,3.300805032415056
0,70,76.95,5289.8,0,1,1,0,1,0,1,0,0,0,1,0,0,0,0,0,1,0,1,0,1,0,1,1,1,0,0,0.043484221700955464,3.346110859888523
0,72,89.05,6254.45,0,1,1,0,1,0,1,0,0,0,1,0,1,0,1,0,1,0,1,0,1,0,1,1,0,0,0,0.04344552365001695,3.868823881034009
0,56,59.5,3389.25,0,1,1,0,1,0,1,0,0,0,0,0,1,0,1,0,0,0,0,0,0,0,1,0,1,0,0,0.043362834049137704,2.5800886259236933
0,71,58.25,4145.9,0,0,1,0,0,1,0,0,0,0,0,0,1,0,1,0,1,0,1,0,1,0,1,0,0,0,0,0.04328662999424205,2.5214461971645994
0,72,85.9,6110.75,0,0,1,1,1,0,1,0,0,0,1,0,0,0,1,0,1,0,1,0,1,0,1,1,1,0,0,0.043274083444932394,3.717243767919693
0,34,26.1,980.35,0,1,0,0,1,0,1,0,1,1,0,1,0,1,0,1,0,1,0,1,0,0,1,0,0,0,0,0.043209180041745295,1.1277595990895521
1,72,64.8,4732.35,0,1,1,1,0,1,0,0,0,0,1,0,1,0,1,0,1,0,1,0,1,0,1,1,0,0,0,0.04308386373092592,2.791834369763999
0,70,40.05,2799.75,0,1,0,0,0,1,0,0,0,0,0,0,0,0,0,0,1,0,0,0,1,0,1,1,0,0,1,0.043068258229137825,1.7248837420769698
0,71,91.25,6589.6,0,1,1,1,1,0,1,0,0,0,1,0,1,0,1,0,1,0,1,0,1,0,1,1,0,0,1,0.04299179150073641,3.9230009744421976
0,63,70.8,4448.8,0,1,1,0,1,0,0,0,0,0,1,0,1,0,0,0,1,0,1,0,0,1,0,0,1,0,0,0.04294841030663364,3.0407474497096616
0,42,20.25,854.9,0,1,1,1,1,0,0,0,1,1,0,1,0,1,0,1,0,1,0,1,0,1,0,0,0,0,1,0.04294253396115955,0.869586312713481
0,72,90.25,6369.45,0,1,1,0,1,0,1,0,0,0,1,0,1,0,1,0,1,0,1,0,1,0,1,1,1,0,0,0.042745479351925075,3.857779511511238
0,69,53.65,3804.4,0,1,1,0,1,0,0,0,0,0,1,0,1,0,0,0,0,0,0,0,0,1,0,1,1,0,0,0.04273102941737047,2.2925197282419254
0,59,76.45,4519.5,0,0,1,1,1,0,1,0,0,0,1,0,0,0,1,0,1,0,1,0,0,0,1,1,0,0,1,0.042658310062081574,3.2612278042461362
0,72,61.2,4390.25,0,1,0,0,0,1,0,0,0,0,1,0,0,0,1,0,1,0,1,0,1,0,1,1,1,0,0,0.04260517727658533,2.6074368493270224
0,60,59.85,3590.2,0,0,1,1,0,1,0,0,0,0,1,0,0,0,1,0,1,0,1,0,1,0,1,0,1,0,0,0.04253811401324053,2.5459061236924456
0,71,90.35,6325.25,0,1,1,1,1,0,1,0,0,0,1,0,1,0,1,0,1,0,1,0,1,0,1,0,0,1,0,0.04248871729233004,3.8388556073620186
0,33,25.7,826.1,0,0,0,0,1,0,1,0,1,1,0,1,0,1,0,1,0,1,0,1,0,0,1,0,1,0,0,0.04241552329343593,1.0900789486413034
0,27,20.35,531.6,0,1,0,0,1,0,0,0,1,1,0,1,0,1,0,1,0,1,0,1,0,0,1,0,1,0,0,0.04232545130636079,0.8613229340844422
0,72,87.1,6230.1,0,1,1,0,1,0,1,0,0,0,1,0,1,0,1,0,1,0,1,0,1,0,1,1,0,0,0,0.04231582394896495,3.685708265954847
0,68,88.85,6132.7,0,1,1,1,1,0,1,0,0,0,1,0,1,0,1,0,1,0,1,0,1,0,1,1,1,0,0,0.04220006096120771,3.7494754164033046
0,72,65.55,4807.45,0,1,0,0,0,1,0,0,0,0,1,0,1,0,1,0,1,0,1,0,1,0,1,1,0,0,0,0.042171838553288515,2.764364017168062
0,66,91.7,6075.9,0,1,1,0,1,0,1,0,0,0,1,0,1,0,1,0,1,0,1,0,1,0,1,0,0,0,0,0.042148021173106266,3.864973541573845
0,67,69.35,4653.25,0,1,1,1,1,0,1,0,0,0,1,0,1,0,1,0,1,0,0,0,0,1,0,1,1,0,0,0.04204365519257175,2.9157274876048507
0,64,81.3,5129.3,0,0,1,0,1,0,1,0,0,0,1,0,1,0,1,0,1,0,0,0,1,0,1,1,0,0,1,0.04201671334632494,3.415958795056217
0,64,68.3,4378.8,0,0,1,0,1,0,0,0,0,0,0,0,1,0,1,0,1,0,0,0,1,0,1,1,0,0,1,0.04201256260461328,2.869458025895087
0,45,18.85,867.3,0,1,0,0,1,0,0,0,1,1,0,1,0,1,0,1,0,1,0,1,0,1,0,0,0,0,0,0.0419517081297743,0.7907896982462456
0,59,65.5,3801.3,0,0,1,1,1,0,1,0,0,0,1,0,1,0,0,0,1,0,0,0,0,1,0,0,0,0,1,0.0419358160073313,2.7467959484802003
0,68,60.3,4109.0,0,0,1,1,0,1,0,0,0,0,0,0,1,0,1,0,1,0,1,0,1,0,1,0,1,0,0,0.041855542804020054,2.5238892310824093
0,65,84.85,5459.2,0,0,0,0,1,0,0,0,0,0,1,0,1,0,1,0,1,0,1,0,1,0,1,1,0,0,0,0.041851791930136696,3.5511245452720983
0,43,20.0,817.95,0,0,1,1,1,0,0,0,1,1,0,1,0,1,0,1,0,1,0,1,0,1,0,0,0,0,1,0.04181585528776496,0.8363171057552992
0,66,85.9,5595.3,0,1,1,0,1,0,0,0,0,0,1,0,1,0,1,0,1,0,1,0,1,0,1,1,0,0,0,0.04167877035140299,3.5802063731855167
0,55,19.7,1140.05,0,0,1,0,1,0,0,0,1,1,0,1,0,1,0,1,0,1,0,1,0,1,0,0,0,1,0,0.04164000294164625,0.820308057950431
0,50,39.7,1932.75,0,0,0,0,0,1,0,0,0,0,0,0,1,0,1,0,1,0,0,0,0,0,1,0,1,0,0,0.04151761219408326,1.6482492041051056
0,62,86.1,5215.25,0,1,1,1,1,0,0,0,0,0,1,0,1,0,1,0,1,0,1,0,1,0,1,0,0,1,0,0.0415166179781419,3.5745808079180175
0,44,19.5,835.5,0,1,0,0,1,0,0,0,1,1,0,1,0,1,0,1,0,1,0,1,0,1,0,0,1,0,0,0.041490074422240036,0.8090564512336808
0,27,19.85,470.0,0,1,0,0,1,0,0,0,1,1,0,1,0,1,0,1,0,1,0,1,0,0,1,0,1,0,0,0.041420316221229735,0.8221932769914103
0,72,88.7,6301.7,0,1,1,0,1,0,1,0,0,0,1,0,1,0,1,0,1,0,1,0,1,0,1,1,1,0,0,0.04131883110384746,3.6649803189112697
0,40,24.6,973.95,0,1,0,0,1,0,1,0,1,1,0,1,0,1,0,1,0,1,0,1,0,0,1,1,0,0,1,0.04131833425942677,1.0164310227818987
0,44,20.6,926.0,0,1,1,1,1,0,0,0,1,1,0,1,0,1,0,1,0,1,0,1,0,1,0,0,0,0,0,0.041236174138016723,0.8494651872431446
0,65,69.55,4459.15,0,1,1,1,1,0,1,0,0,0,1,0,1,0,0,0,0,0,0,0,1,0,1,1,0,0,1,0.04120907445638264,2.8660911284414126
0,35,20.2,684.4,0,1,0,0,1,0,0,0,1,1,0,1,0,1,0,1,0,1,0,1,0,0,1,1,0,0,1,0.04110079405784463,0.8302360399684614
0,62,54.75,3425.35,0,0,1,1,1,0,0,0,0,0,1,0,0,0,1,0,0,0,0,0,0,1,0,0,1,0,0,0.04106434828895365,2.2482730688202124
0,31,25.75,755.6,0,1,1,1,1,0,1,0,1,1,0,1,0,1,0,1,0,1,0,1,0,0,1,0,0,0,1,0.041043648290047266,1.056873943468717
0,26,19.65,494.9,0,0,1,1,1,0,0,0,1,1,0,1,0,1,0,1,0,1,0,1,0,0,1,0,1,0,0,0.04100541469485238,0.8057563987538492
0,61,43.7,2696.55,0,0,0,0,0,1,0,0,0,0,1,0,1,0,1,0,1,0,0,0,0,1,0,0,1,0,0,0.04096637805658234,1.7902307210726485
0,63,71.9,4479.2,0,1,0,0,1,0,1,0,0,0,1,0,0,0,1,0,1,0,0,0,1,0,1,1,0,0,0,0.04086094562838318,2.937901990680751
0,58,19.55,1108.8,0,1,1,1,1,0,0,0,1,1,0,1,0,1,0,1,0,1,0,1,0,1,0,1,0,1,0,0.04074035393485569,0.7964739194264289
0,69,26.3,1763.55,0,0,1,0,1,0,1,0,1,1,0,1,0,1,0,1,0,1,0,1,0,1,0,1,0,1,0,0.04065586120484979,1.0692491496875496
0,64,65.8,4068.0,0,0,1,1,1,0,0,0,0,0,1,0,0,0,0,0,1,0,1,0,0,1,0,0,0,0,1,0.0406451848491482,2.6744531630739514
0,27,19.9,550.1,0,0,1,1,1,0,0,0,1,1,0,1,0,1,0,1,0,1,0,1,0,0,1,0,0,0,1,0.04056909509254906,0.8073249923417262
0,72,83.55,6093.3,0,1,1,1,1,0,1,0,0,0,1,0,0,0,1,0,1,0,1,0,1,0,1,1,1,0,0,0.0405653993301316,3.389239114032495
0,72,91.95,6614.9,0,1,1,1,1,0,1,0,0,0,1,0,1,0,1,0,1,0,1,0,1,0,1,1,1,0,0,0.040551557916864274,3.7287157504556703
0,47,19.9,942.95,0,1,1,0,1,0,0,0,1,1,0,1,0,1,0,1,0,1,0,1,0,1,0,0,0,0,0,0.04052788899075212,0.8065049909159671
0,69,82.45,5555.3,0,0,0,0,1,0,0,0,0,0,1,0,0,0,1,0,1,0,1,0,1,0,1,1,1,0,0,0.040494135874577813,3.338741502858941
0,29,19.4,554.25,0,0,0,0,1,0,0,0,1,1,0,1,0,1,0,1,0,1,0,1,0,0,1,0,0,0,1,0.04043084129239569,0.7843583210724764
0,56,24.45,1431.65,0,1,1,1,1,0,1,0,1,1,0,1,0,1,0,1,0,1,0,1,0,1,0,1,0,0,1,0.04040629048760962,0.9879338024220551
0,68,79.6,5515.8,0,0,1,0,1,0,0,0,0,0,1,0,1,0,0,0,1,0,1,0,1,0,1,1,0,0,0,0.04029524291274587,3.207501335854571
0,44,20.0,860.85,0,1,1,1,1,0,0,0,1,1,0,1,0,1,0,1,0,1,0,1,0,1,0,0,0,0,0,0.040273802373988414,0.8054760474797683
0,51,85.5,4421.95,0,0,1,1,1,0,0,0,0,0,1,0,1,0,1,0,1,0,1,0,1,0,1,0,1,0,0,0.040214214564714315,3.438315345283074
0,50,20.35,938.95,0,1,1,1,1,0,0,0,1,1,0,1,0,1,0,1,0,1,0,1,0,1,0,1,0,0,1,0.04014221751083728,0.8168941263455388
0,67,50.9,3281.65,0,1,1,1,0,1,0,0,0,0,1,0,0,0,0,0,0,0,1,0,1,0,1,0,1,0,0,0.04009201936922009,2.0406837858933025
0,65,59.95,3921.1,0,0,0,0,0,1,0,0,0,0,1,0,0,0,1,0,1,0,1,0,1,0,1,0,1,0,0,0.04005159686410459,2.40109323200307
0,63,80.3,4995.35,0,0,0,0,1,0,1,0,0,0,1,0,1,0,1,0,1,0,0,0,1,0,1,1,1,0,0,0.03984695199968115,3.199710245574396
1,70,90.05,6333.4,0,1,1,0,1,0,1,0,0,0,1,0,1,0,1,0,1,0,1,0,1,0,1,0,1,0,0,0.03978495081408954,3.582634820808763
0,70,90.15,6237.05,0,1,1,1,1,0,1,0,0,0,1,0,1,0,1,0,1,0,1,0,1,0,1,1,1,0,0,0.03977401075688382,3.5856270697330763
0,59,90.3,5194.05,0,0,1,1,1,0,1,0,0,0,1,0,1,0,1,0,1,0,1,0,1,0,1,0,1,0,0,0.039744009739298584,3.588884079458662
0,59,54.15,3116.15,0,1,0,0,1,0,1,0,0,0,0,0,0,0,1,0,0,0,0,0,0,0,1,0,1,0,0,0.03973226538132232,2.1515021703986035
0,53,62.85,3419.5,0,1,0,1,1,0,0,0,0,0,1,0,1,0,0,0,1,0,0,0,0,1,0,0,1,0,0,0.03968431298711135,2.4941590712399484
0,57,89.55,5012.35,0,1,0,1,1,0,1,0,0,0,1,0,1,0,1,0,1,0,1,0,1,0,1,0,0,0,1,0.03955331514724064,3.5419993714353994
0,72,65.6,4566.5,0,1,0,0,0,1,0,0,0,0,1,0,1,0,1,0,1,0,1,0,1,0,1,1,0,0,0,0.03954882212178939,2.594402731189384
0,46,54.35,2460.15,1,0,0,0,1,0,0,0,0,0,0,0,0,0,1,0,1,0,0,0,0,0,1,0,1,0,0,0.03952380967740115,2.1481190559667525
0,72,87.55,6463.15,0,1,1,1,1,0,1,0,0,0,1,0,1,0,1,0,1,0,1,0,1,0,1,1,0,0,0,0.039502695700988605,3.458461008621552
0,55,59.2,3175.85,0,1,0,0,1,0,0,0,0,0,1,0,0,0,1,0,1,0,0,0,0,0,1,1,0,1,0,0.03943909465093518,2.334794403335363
0,35,23.3,797.1,0,0,0,0,1,0,1,0,1,1,0,1,0,1,0,1,0,1,0,1,0,0,1,0,0,0,0,0.03941680138530232,0.918411472277544
0,71,90.55,6239.05,0,0,1,1,1,0,1,0,0,0,1,0,1,0,1,0,1,0,1,0,1,0,1,1,1,0,0,0.03939563529096515,3.5672747755968945
0,40,24.8,1024.7,0,0,1,1,1,0,1,0,1,1,0,1,0,1,0,1,0,1,0,1,0,0,1,1,0,0,1,0.03932977641905299,0.9753784551925142
0,61,88.1,5526.75,0,0,1,1,1,0,1,0,0,0,1,0,1,0,1,0,1,0,1,0,1,0,1,0,0,0,1,0.03929481347159652,3.461873066847653
0,46,40.4,1842.7,0,1,1,0,0,1,0,0,0,0,1,0,0,0,1,0,1,0,0,0,0,0,1,0,1,0,0,0.03913579572242269,1.5810861471858768
0,30,19.05,637.55,0,1,1,0,1,0,0,0,1,1,0,1,0,1,0,1,0,1,0,1,0,0,1,0,0,0,1,0.039133025705438876,0.7454841396886106
0,65,74.8,4820.15,1,1,1,1,1,0,0,0,0,0,1,0,0,0,0,0,1,0,1,0,1,0,1,1,0,0,0,0.03906052092661044,2.921726965310461
0,47,41.9,1875.25,0,0,0,0,0,1,0,0,0,0,1,0,0,0,1,0,1,0,0,0,0,0,1,0,0,0,1,0.03902256954300996,1.6350456638521174
0,69,86.9,6194.1,0,1,1,1,1,0,1,0,0,0,1,0,0,0,1,0,1,0,1,0,1,0,1,0,0,0,0,0.03899078794863166,3.388299472736091
0,70,80.15,5600.15,0,1,1,1,1,0,0,0,0,0,1,0,1,0,1,0,0,0,1,0,1,0,1,1,1,0,0,0.03896878102119372,3.123347798848677
0,35,19.85,739.35,0,0,1,1,1,0,0,0,1,1,0,1,0,1,0,1,0,1,0,1,0,0,1,1,0,0,1,0.03894731781758682,0.7731042586790984
0,65,91.55,5963.95,0,0,1,1,1,0,1,0,0,0,1,0,1,0,1,0,1,0,1,0,1,0,1,0,0,0,0,0.038857610501631445,3.557414241424359
0,68,58.25,3975.7,0,0,1,0,1,0,1,0,0,0,1,0,0,0,0,0,1,0,0,0,0,1,0,0,0,0,0,0.03871103847416889,2.2549179911203376
0,46,21.1,937.1,0,0,0,0,1,0,0,0,1,1,0,1,0,1,0,1,0,1,0,1,0,0,1,1,0,1,0,0.03869368792133083,0.8164368151400805
0,65,59.8,3808.2,0,0,1,0,1,0,0,0,0,0,0,0,0,0,0,0,1,0,1,0,0,0,1,1,1,0,0,0.03866606210132334,2.3122305136591357
0,71,66.85,4748.7,0,1,1,1,1,0,1,0,0,0,1,0,1,0,0,0,1,0,0,0,0,1,0,1,1,0,0,0.038629811507227094,2.582402899258131
0,43,25.7,1188.2,0,0,0,0,1,0,1,0,1,1,0,1,0,1,0,1,0,1,0,1,0,0,1,1,1,0,0,0.038597260821460144,0.9919496031115257
0,27,20.6,581.85,0,1,0,1,1,0,0,0,1,1,0,1,0,1,0,1,0,1,0,1,0,0,1,0,0,0,1,0.03838128085224549,0.7906543855562572
1,71,89.85,6293.45,0,0,0,0,1,0,1,0,0,0,1,0,1,0,1,0,1,0,1,0,1,0,1,0,0,0,1,0.03823417426957351,3.43534055812118
0,39,23.8,903.8,0,1,1,1,1,0,1,0,1,1,0,1,0,1,0,1,0,1,0,1,0,0,1,1,0,0,1,0.038222151335034114,0.9096872017738119
0,45,73.85,3371.0,0,1,1,1,1,0,1,0,0,0,1,0,1,0,0,0,1,0,1,0,0,0,1,0,1,0,0,0.03819095974180592,2.8204023769323667
0,72,90.6,6441.85,0,1,1,1,1,0,1,0,0,0,1,0,1,0,1,0,1,0,1,0,1,0,1,1,1,0,0,0.03817740838484551,3.458873199667003
0,63,67.25,4234.15,0,1,1,0,1,0,1,0,0,0,0,0,1,0,0,0,1,0,0,0,1,0,1,0,0,0,1,0.03815617152593003,2.5660025351187947
0,69,73.7,4885.85,0,0,1,1,1,0,1,0,0,0,1,0,1,0,0,0,1,0,1,0,0,1,0,0,1,0,0,0.03807037564177786,2.805786684799028
0,53,24.05,1301.9,0,1,0,0,1,0,1,0,1,1,0,1,0,1,0,1,0,1,0,1,0,1,0,0,0,0,0,0.03801911106534933,0.9143596211216515
0,63,68.8,4111.35,0,1,0,0,1,0,1,0,0,0,1,0,1,0,1,0,1,0,0,0,0,1,0,0,0,0,0,0.03801576408692264,2.615484569180278
0,53,19.85,1039.45,0,0,1,1,1,0,0,0,1,1,0,1,0,1,0,1,0,1,0,1,0,1,0,1,0,0,0,0.037970428873631064,0.7537130131415767
0,72,89.4,6376.55,0,1,1,1,1,0,1,0,0,0,1,0,1,0,1,0,1,0,1,0,1,0,1,1,0,0,1,0.037887845935989206,3.3871734266774354
0,62,72.0,4284.2,0,0,1,0,1,0,0,0,0,0,1,0,1,0,1,0,0,0,1,0,0,0,1,1,1,0,0,0.03787137794597395,2.7267392121101244
0,48,19.95,1004.5,0,1,0,0,1,0,0,0,1,1,0,1,0,1,0,1,0,1,0,1,0,1,0,0,0,0,0,0.03785419507897823,0.7551911918256156
0,30,19.4,578.5,0,0,0,0,1,0,0,0,1,1,0,1,0,1,0,1,0,1,0,1,0,0,1,0,1,0,0,0.037847770809781224,0.7342467537097557
0,72,90.8,6397.6,0,1,1,1,1,0,1,0,0,0,1,0,1,0,1,0,1,0,1,0,1,0,1,1,1,0,0,0.03780210789265896,3.4324313966534334
0,49,20.45,900.9,0,0,1,0,1,0,0,0,1,1,0,1,0,1,0,1,0,1,0,1,0,1,0,0,0,0,0,0.037779625751491616,0.7725933466180035
0,62,81.0,4985.9,0,0,1,0,1,0,0,0,0,0,1,0,0,0,1,0,1,0,1,0,1,0,1,0,0,0,1,0.037759664451947894,3.0585328206077795
0,72,63.7,4464.8,0,1,0,0,0,1,0,0,0,0,1,0,1,0,1,0,1,0,1,0,1,0,1,1,0,0,0,0.03774136346197622,2.4041248525278855
0,58,24.5,1497.9,0,0,1,1,1,0,1,0,1,1,0,1,0,1,0,1,0,1,0,1,0,1,0,1,1,0,0,0.03773505893285729,0.9245089438550037
0,31,20.9,689.35,0,0,0,0,1,0,0,0,1,1,0,1,0,1,0,1,0,1,0,1,0,0,1,0,1,0,0,0.037651272028927055,0.7869115854045754
0,36,18.55,689.0,0,1,0,0,1,0,0,0,1,1,0,1,0,1,0,1,0,1,0,1,0,0,1,1,1,0,0,0.0376337955061799,0.6981069066396371
0,72,63.8,4684.3,0,0,1,1,0,1,0,0,0,0,1,0,1,0,1,0,1,0,1,0,1,0,1,1,0,0,0,0.037553079815690456,2.395886492241051
0,31,20.4,609.1,0,1,0,0,1,0,0,0,1,1,0,1,0,1,0,1,0,1,0,1,0,0,1,0,0,0,0,0.0375253206501776,0.765516541263623
0,62,56.15,3487.95,0,1,0,1,1,0,0,0,0,0,1,0,1,0,0,0,0,0,0,0,0,1,0,0,0,0,0,0.03750954368795541,2.106160878078696
0,71,73.35,5154.5,0,1,1,1,1,0,0,0,0,0,0,0,1,0,0,0,1,0,1,0,1,0,1,1,1,0,0,0.037374271904809145,2.7414028442177507
0,42,22.95,1014.25,0,0,1,1,1,0,1,0,1,1,0,1,0,1,0,1,0,1,0,1,0,0,1,0,0,1,0,0.03726613338909475,0.8552577612797245
0,39,20.45,790.0,0,1,1,0,1,0,0,0,1,1,0,1,0,1,0,1,0,1,0,1,0,0,1,1,0,0,0,0.03726091592644346,0.7619857306957688
1,72,89.1,6352.4,0,0,1,0,1,0,1,0,0,0,1,0,1,0,1,0,1,0,1,0,1,0,1,0,1,0,0,0.03712690293951668,3.3080070519109364
0,71,82.0,5999.85,0,0,1,1,1,0,0,0,0,0,1,0,0,0,1,0,1,0,1,0,1,0,1,1,1,0,0,0.03712401688113029,3.0441693842526836
0,54,45.2,2460.55,0,1,0,0,0,1,0,0,0,0,1,0,0,0,0,0,1,0,1,0,0,0,1,0,1,0,0,0.03712040430729438,1.6778422746897061
0,69,43.95,2960.1,0,0,1,1,0,1,0,0,0,0,1,0,0,0,1,0,0,0,0,0,1,0,1,1,1,0,0,0.03700270684731525,1.6262689659395053
0,52,20.85,1071.6,0,1,1,1,1,0,0,0,1,1,0,1,0,1,0,1,0,1,0,1,0,1,0,1,1,0,0,0.0369770239885641,0.7709709501615616
0,49,20.7,1032.05,0,0,1,0,1,0,0,0,1,1,0,1,0,1,0,1,0,1,0,1,0,1,0,0,1,0,0,0.036968689532937714,0.7652518733318107
0,46,38.25,1755.35,0,1,0,0,0,1,0,0,0,0,1,0,0,0,1,0,1,0,0,0,0,0,1,0,0,0,1,0.036919738280009454,1.4121799892103617
0,72,71.45,5025.85,0,0,1,1,1,0,1,0,0,0,1,0,0,0,1,0,0,0,1,0,0,0,1,1,0,0,0,0.0369151747682485,2.6375892371913556
0,29,20.2,558.8,0,0,1,1,1,0,0,0,1,1,0,1,0,1,0,1,0,1,0,1,0,0,1,0,0,0,1,0.03688104730261207,0.7449971555127637
0,72,65.2,4784.45,0,0,1,1,0,1,0,0,0,0,1,0,1,0,1,0,1,0,1,0,1,0,1,1,1,0,0,0.03687197188465605,2.404052566879575
0,34,24.95,894.3,0,0,1,1,1,0,1,0,1,1,0,1,0,1,0,1,0,1,0,1,0,0,1,0,1,0,0,0.03684464660775405,0.9192739328634635
0,69,84.7,5878.9,0,1,1,0,1,0,0,0,0,0,1,0,1,0,1,0,1,0,1,0,1,0,1,1,0,0,1,0.03681045584537784,3.1178456101035033
0,72,65.65,4664.5,0,1,1,1,0,1,0,0,0,0,1,0,1,0,1,0,1,0,1,0,1,0,1,1,0,0,0,0.03671206721724483,2.4101472128121233
0,71,86.1,6045.9,0,1,1,0,1,0,0,0,0,0,1,0,1,0,1,0,1,0,1,0,1,0,1,1,0,0,0,0.036657609366629436,3.1562201664667944
0,71,93.2,6506.15,0,0,1,0,1,0,1,0,0,0,1,0,1,0,1,0,1,0,1,0,1,0,1,0,1,0,0,0.03649859760565554,3.4016692968470963
0,67,50.95,3521.7,0,1,1,0,0,1,0,0,0,0,1,0,1,0,0,0,1,0,0,0,1,0,1,1,0,0,0,0.036473708468630774,1.858335446476738
0,27,19.7,509.3,0,1,0,1,1,0,0,0,1,1,0,1,0,1,0,1,0,1,0,1,0,0,1,0,1,0,0,0.03647254286245477,0.7185090943903589
0,61,51.35,3244.4,0,0,1,1,0,1,0,0,0,0,0,0,1,0,1,0,1,0,1,0,0,0,1,0,1,0,0,0.03646174976451484,1.8723108504078372
0,31,20.45,638.55,0,1,0,0,1,0,0,0,1,1,0,1,0,1,0,1,0,1,0,1,0,0,1,0,0,0,1,0.03645562452240726,0.7455175214832285
0,35,24.3,821.6,0,0,1,1,1,0,1,0,1,1,0,1,0,1,0,1,0,1,0,1,0,0,1,0,0,0,0,0.036220932824505565,0.8801686676354853
0,45,53.3,2296.25,0,1,1,0,1,0,0,0,0,0,1,0,0,0,1,0,0,0,0,0,0,0,1,0,1,0,0,0.036219586806352184,1.9305039767785714
0,70,74.8,5315.8,0,1,1,0,1,0,1,0,0,0,1,0,0,0,1,0,1,0,0,0,1,0,1,1,1,0,0,0.036160483792669534,2.704804187691681
0,69,60.25,4055.5,0,1,1,0,0,1,0,0,0,0,1,0,0,0,1,0,1,0,1,0,1,0,1,0,0,0,0,0.0360998301159137,2.1750147644838007
0,72,92.0,6474.4,0,0,1,0,1,0,1,0,0,0,1,0,1,0,1,0,1,0,1,0,1,0,1,0,0,0,0,0.036075732028987714,3.3189673466668697
0,65,61.35,3874.1,0,0,1,1,1,0,0,0,0,0,1,0,1,0,1,0,0,0,0,0,0,1,0,0,0,0,0,0.03606219646343902,2.212415753031984
0,55,55.25,3119.9,0,1,1,1,1,0,0,0,0,0,0,0,0,0,1,0,1,0,0,0,0,0,1,1,1,0,0,0.03603668746368347,1.9910269823685118
0,40,20.6,827.3,0,0,0,0,1,0,0,0,1,1,0,1,0,1,0,1,0,1,0,1,0,0,1,1,0,0,0,0.035882097386948815,0.7391712061711456
0,57,59.75,3450.15,0,1,1,0,1,0,0,0,0,0,1,0,1,0,0,0,1,0,0,0,0,0,1,1,0,1,0,0.03581284979148219,2.139817775041061
0,61,75.35,4729.3,0,1,1,0,1,0,1,0,0,0,1,0,0,0,1,0,1,0,0,0,1,0,1,0,1,0,0,0.035776357101232115,2.69574850757784
0,72,80.45,5886.85,0,0,1,1,1,0,0,0,0,0,1,0,0,0,1,0,1,0,1,0,1,0,1,1,0,0,0,0.035769838050635695,2.8776834711736416
0,72,82.3,5980.55,0,1,1,0,1,0,1,0,0,0,1,0,1,0,1,0,1,0,0,0,1,0,1,1,0,0,0,0.03572175566358839,2.939900491113325
0,69,90.65,6322.1,0,1,0,0,1,0,1,0,0,0,1,0,1,0,1,0,1,0,1,0,1,0,1,0,0,0,1,0.035637082869082286,3.2305015620823094
0,30,21.25,711.9,0,1,1,1,1,0,0,0,1,1,0,1,0,1,0,1,0,1,0,1,0,0,1,0,0,0,1,0.03562413216121118,0.7570128084257376
0,71,90.55,6404.0,0,1,1,0,1,0,1,0,0,0,1,0,1,0,1,0,1,0,1,0,1,0,1,0,0,0,0,0.03537457618949644,3.2031678739589022
0,71,87.95,6365.35,0,0,1,0,1,0,1,0,0,0,1,0,1,0,1,0,1,0,1,0,1,0,1,0,0,0,0,0.03534691146285201,3.1087608631578343
0,30,19.7,599.25,0,0,1,1,1,0,0,0,1,1,0,1,0,1,0,1,0,1,0,1,0,0,1,0,0,0,1,0.035269037258076355,0.6948000339841042
0,50,19.75,989.05,0,0,0,0,1,0,0,0,1,1,0,1,0,1,0,1,0,1,0,1,0,1,0,0,0,0,0,0.035263063553882645,0.6964455051891822
0,49,19.0,918.7,0,0,1,0,1,0,0,0,1,1,0,1,0,1,0,1,0,1,0,1,0,1,0,0,1,0,0,0.03523607819410929,0.6694854856880765
0,72,65.1,4754.3,0,1,1,1,0,1,0,0,0,0,1,0,1,0,1,0,1,0,1,0,1,0,1,1,1,0,0,0.03523433980454737,2.2937555212760334
0,35,25.45,809.25,0,1,1,1,1,0,1,0,1,1,0,1,0,1,0,1,0,1,0,1,0,0,1,0,0,0,0,0.035226486543407605,0.8965140825297235
0,30,19.3,602.9,0,0,1,1,1,0,0,0,1,1,0,1,0,1,0,1,0,1,0,1,0,0,1,0,0,0,1,0.03515945642536063,0.6785775090094601
0,72,86.65,6094.25,0,1,1,0,1,0,1,0,0,0,1,0,0,0,1,0,1,0,1,0,1,0,1,0,1,0,0,0.035142040165770196,3.0450577803639876
0,72,92.3,6719.9,0,1,1,0,1,0,1,0,0,0,1,0,1,0,1,0,1,0,1,0,1,0,1,0,1,0,0,0.035127894179001126,3.2423046327218037
0,72,88.05,6520.8,0,0,1,0,1,0,1,0,0,0,1,0,1,0,1,0,1,0,1,0,1,0,1,0,0,0,0,0.035082409319393194,3.089006140572571
0,72,92.0,6632.75,0,1,0,0,1,0,1,0,0,0,1,0,1,0,1,0,1,0,1,0,1,0,1,0,0,0,0,0.035057344795600014,3.2252757211952012
0,57,70.35,4124.65,0,0,1,0,1,0,0,0,0,0,1,0,1,0,0,0,1,0,1,0,0,0,1,1,1,0,0,0.03499211778313401,2.4616954860434777
0,31,21.0,697.7,0,0,1,1,1,0,0,0,1,1,0,1,0,1,0,1,0,1,0,1,0,0,1,0,0,0,1,0.03489645826536013,0.7328256235725626
0,72,64.8,4719.75,0,1,1,1,0,1,0,0,0,0,1,0,1,0,1,0,1,0,1,0,1,0,1,1,1,0,0,0.034799723672182516,2.255022093957427
0,68,82.45,5646.6,0,0,0,0,1,0,0,0,0,0,1,0,1,0,1,0,1,0,1,0,1,0,1,1,1,0,0,0.03479229165101634,2.8686244466262973
0,66,56.6,3789.2,0,1,1,0,0,1,0,0,0,0,1,0,1,0,1,0,1,0,1,0,0,0,1,1,0,0,0,0.03470702265640513,1.9644174823525304
0,70,74.1,5222.3,0,0,1,1,1,0,0,0,0,0,1,0,1,0,1,0,1,0,0,0,1,1,0,0,1,0,0,0.0346746664698981,2.569392785419449
0,71,84.4,5969.3,0,0,1,0,1,0,0,0,0,0,1,0,1,0,1,0,1,0,1,0,1,0,1,1,1,0,0,0.03446969164096228,2.9092419744972164
0,70,89.75,6367.2,0,0,0,0,1,0,1,0,0,0,1,0,1,0,1,0,1,0,1,0,1,0,1,0,1,0,0,0.0344601285436925,3.092796536796402
0,70,49.85,3370.2,0,0,1,0,0,1,0,0,0,0,1,0,0,0,1,0,1,0,0,0,1,0,1,1,0,0,0,0.03445240007699839,1.7174521438383696
1,72,92.45,6440.25,1,0,1,1,1,0,1,0,0,0,1,0,1,0,1,0,1,0,1,0,1,0,1,0,1,0,0,0.03431764044830991,3.172665859446252
0,70,84.6,5706.2,0,1,1,0,1,0,0,1,0,0,1,0,1,0,0,0,1,0,0,0,0,0,1,0,0,0,0,0.034242108835187184,2.8968824074568356
0,37,65.6,2313.8,0,1,0,0,1,0,0,0,0,0,1,0,1,0,1,0,1,0,0,0,0,0,1,0,0,0,0,0.03423490917783375,2.2458100420658935
0,47,20.05,951.55,0,1,1,1,1,0,0,0,1,1,0,1,0,1,0,1,0,1,0,1,0,1,0,0,0,0,1,0.03419193837423096,0.6855483644033307
0,66,89.9,5958.85,0,0,1,1,1,0,1,0,0,0,1,0,1,0,1,0,1,0,1,0,1,0,1,0,1,0,0,0.034175297535099985,3.0723592484054887
0,63,79.85,4861.45,0,0,0,0,1,0,1,0,0,0,1,0,1,0,1,0,1,0,1,0,0,0,1,1,1,0,0,0.03415814106675771,2.7275275641806034
0,72,65.5,4919.7,0,0,1,0,0,1,0,0,0,0,1,0,1,0,1,0,1,0,1,0,1,0,1,0,0,0,0,0.034155395215259864,2.237178386599521
0,71,77.55,5574.35,0,0,1,1,1,0,0,0,0,0,1,0,0,0,1,0,0,0,1,0,1,0,1,0,1,0,0,0.03411475063224037,2.6455989115302407
0,39,19.85,854.8,0,0,1,1,1,0,0,0,1,1,0,1,0,1,0,1,0,1,0,1,0,0,1,1,0,0,0,0.034085244944385744,0.6765921121460571
0,57,59.6,3509.4,0,1,1,1,1,0,0,0,0,0,1,0,1,0,0,0,1,0,0,0,0,1,0,0,0,0,1,0.0340381546666054,2.028674018129682
0,71,89.3,6388.65,0,0,1,0,1,0,1,0,0,0,1,0,1,0,1,0,1,0,1,0,1,0,1,0,1,0,0,0.033973092599024764,3.033797169092911
0,72,92.65,6733.0,0,0,1,1,1,0,1,0,0,0,1,0,1,0,1,0,1,0,1,0,1,0,1,0,0,0,0,0.03396603079574213,3.146952753225509
0,68,64.35,4539.6,0,0,0,0,0,1,0,0,0,0,1,0,1,0,1,0,1,0,1,0,1,0,1,0,1,0,0,0.03390969565858353,2.18208891562985
0,55,58.6,3068.6,0,1,1,0,1,0,0,0,0,0,1,0,1,0,1,0,0,0,0,0,0,0,1,0,0,1,0,0.03390752215085531,1.9869807980401213
0,72,79.35,5753.25,0,1,1,0,1,0,0,0,0,0,1,0,1,0,0,0,1,0,1,0,1,0,1,1,0,0,0,0.033774089313959095,2.679973987062654
0,67,43.9,3097.2,0,1,0,0,0,1,0,0,0,0,1,0,0,0,0,0,1,0,1,0,0,0,1,0,0,1,0,0.03377343290416535,1.482653704492859
0,38,19.95,756.4,0,0,1,1,1,0,0,0,1,1,0,1,0,1,0,1,0,1,0,1,0,0,1,1,0,0,1,0.03366233206624815,0.6715635247216506
0,38,20.2,746.05,0,0,1,1,1,0,0,0,1,1,0,1,0,1,0,1,0,1,0,1,0,0,1,1,0,0,1,0.033654398547429104,0.6798188506580679
0,64,24.4,1601.2,0,0,0,0,1,0,1,0,1,1,0,1,0,1,0,1,0,1,0,1,0,1,0,1,0,0,0,0.03363903711121698,0.8207925055136942
0,57,69.75,3894.4,0,0,0,0,1,0,0,0,0,0,0,0,1,0,1,0,1,0,1,0,0,0,1,0,0,0,1,0.03361308650840103,2.3445127839609716
0,69,59.1,4134.7,0,0,1,1,1,0,0,0,0,0,0,0,1,0,1,0,1,0,0,0,0,1,0,0,0,0,0,0.033525025613268256,1.981329013744154
0,58,70.1,4048.95,0,1,0,0,1,0,0,0,0,0,0,0,1,0,1,0,1,0,1,0,0,0,1,0,0,0,0,0.03347704985234139,2.3467411946491312
0,70,64.55,4504.9,0,0,1,0,0,1,0,0,0,0,1,0,1,0,1,0,1,0,1,0,1,0,1,0,0,0,0,0.03345342821322352,2.1594187911635783
0,69,81.5,5553.25,0,1,0,0,1,0,1,0,0,0,1,0,1,0,1,0,1,0,0,0,1,0,1,1,1,0,0,0.03340802521656027,2.722754055149662
0,42,20.25,835.5,0,1,1,0,1,0,0,0,1,1,0,1,0,1,0,1,0,1,0,1,0,0,1,0,0,1,0,0.033378900604150316,0.675922737234044
0,33,20.35,689.75,0,1,0,0,1,0,0,0,1,1,0,1,0,1,0,1,0,1,0,1,0,0,1,0,0,0,1,0.03337469532199446,0.6791750498025874
0,62,23.75,1446.8,0,1,1,0,1,0,1,0,1,1,0,1,0,1,0,1,0,1,0,1,0,1,0,1,1,0,0,0.03336346461882078,0.7923822846969936
1,72,77.35,5396.25,0,1,1,0,1,0,1,0,0,0,0,0,1,0,1,0,1,0,1,0,0,0,1,0,1,0,0,0.03321116460274331,2.5688835820221945
0,62,65.1,3846.75,0,0,0,0,1,0,0,0,0,0,1,0,0,0,0,0,1,0,0,0,1,0,1,1,0,0,1,0.03316601195012227,2.1591073779529593
0,65,76.15,4929.55,0,1,1,0,1,0,1,0,0,0,1,0,0,0,1,0,1,0,0,0,1,0,1,0,0,0,0,0.0330199587571759,2.514469859358945
0,47,20.55,1013.05,0,1,0,1,1,0,0,0,1,1,0,1,0,1,0,1,0,1,0,1,0,1,0,0,1,0,0,0.032990939023889936,0.6779637969409382
0,72,53.65,3784.0,0,0,1,1,0,1,0,0,0,0,0,0,1,0,0,0,1,0,1,0,1,0,1,0,1,0,0,0.03289965392573722,1.7650664331158017
0,53,69.7,3729.6,0,1,1,1,1,0,0,0,0,0,1,0,1,0,0,0,1,0,1,0,0,0,1,1,0,0,1,0.03288496699833023,2.2920821997836174
1,57,69.85,4003.0,0,0,0,0,1,0,0,0,0,0,1,0,0,0,1,0,1,0,1,0,0,0,1,0,0,0,0,0.03280680587079883,2.291555390075298
0,72,65.25,4478.85,0,1,1,1,0,1,0,0,0,0,1,0,1,0,1,0,1,0,1,0,1,0,1,1,1,0,0,0.032754372119815196,2.1372227808179414
0,45,24.65,1138.8,0,0,1,1,1,0,1,0,1,1,0,1,0,1,0,1,0,1,0,1,0,0,1,1,0,0,0,0.0326600994155688,0.8050714505937708
0,42,20.75,844.45,0,0,0,0,1,0,0,0,1,1,0,1,0,1,0,1,0,1,0,1,0,0,1,1,0,0,0,0.032630067482158825,0.6770739002547956
0,36,25.1,930.95,0,1,1,1,1,0,1,0,1,1,0,1,0,1,0,1,0,1,0,1,0,0,1,0,1,0,0,0.032482306647396576,0.8153058968496542
0,41,19.85,810.45,0,0,0,0,1,0,0,0,1,1,0,1,0,1,0,1,0,1,0,1,0,0,1,1,0,0,1,0.03245672709176685,0.644266032771572
0,48,19.95,936.7,0,0,0,1,1,0,0,0,1,1,0,1,0,1,0,1,0,1,0,1,0,1,0,0,0,0,1,0.03237765979090668,0.6459343128285882
0,71,81.85,5924.4,0,0,1,0,1,0,0,0,0,0,1,0,0,0,1,0,1,0,1,0,1,0,1,0,0,0,0,0.03233307399551803,2.646462106533151
0,70,69.2,4872.35,0,0,1,1,1,0,1,0,0,0,1,0,1,0,0,0,0,0,1,0,0,0,1,1,1,0,0,0.032292575977398874,2.234646257636002
0,72,84.3,5997.1,0,1,0,0,1,0,1,0,0,0,1,0,0,0,1,0,1,0,1,0,1,0,1,0,1,0,0,0.032259137013737386,2.7194452502580617
0,50,20.15,989.05,0,1,0,0,1,0,0,0,1,1,0,1,0,1,0,1,0,1,0,1,0,1,0,0,1,0,0,0.03216066505905124,0.6480374009398825
0,54,69.95,3871.85,0,0,1,1,1,0,0,0,0,0,1,0,0,0,1,0,1,0,0,0,1,0,1,0,0,0,0,0.03208773258703514,2.244536894463108
0,53,20.8,1021.8,1,0,1,0,1,0,0,0,1,1,0,1,0,1,0,1,0,1,0,1,0,1,0,0,0,0,0,0.032001986175004646,0.6656413124400966
0,68,88.0,6161.9,0,0,1,1,1,0,1,0,0,0,1,0,1,0,1,0,1,0,1,0,1,0,1,0,1,0,0,0.03199816165713735,2.8158382258280867
0,72,86.05,6309.65,0,1,0,0,1,0,1,0,0,0,1,0,1,0,0,0,1,0,1,0,1,0,1,0,1,0,0,0.031997555520891154,2.7533896525726838
0,34,20.05,679.0,0,1,1,0,1,0,0,0,1,1,0,1,0,1,0,1,0,1,0,1,0,0,1,0,1,0,0,0.03194437016223151,0.6404846217527419
0,68,85.0,5607.75,0,0,1,1,1,0,0,0,0,0,1,0,1,0,1,0,1,0,1,0,1,0,1,1,1,0,0,0.031919240704855335,2.7131354599127033
0,68,55.9,3848.8,0,0,1,0,1,0,0,0,0,0,1,0,0,0,0,0,1,0,0,0,0,1,0,0,0,0,0,0.03191471492123789,1.784032564097198
1,44,19.35,847.25,0,1,1,0,1,0,0,0,1,1,0,1,0,1,0,1,0,1,0,1,0,0,1,1,1,0,0,0.03184143225496289,0.616131714133532
0,35,21.45,705.45,0,1,0,0,1,0,0,0,1,1,0,1,0,1,0,1,0,1,0,1,0,0,1,0,0,0,0,0.03180245604152733,0.6821626820907613
0,67,81.35,5398.6,0,1,1,1,1,0,0,0,0,0,1,0,1,0,1,0,0,0,1,0,1,0,1,0,1,0,0,0.03180183981860682,2.5870796692436646
0,71,80.1,5585.4,0,1,1,0,1,0,1,0,0,0,1,0,1,0,1,0,1,0,0,0,1,0,1,1,0,0,1,0.0317967729254434,2.5469215113280166
0,58,75.8,4415.75,0,0,1,1,1,0,1,0,0,0,1,0,0,0,1,0,1,0,1,0,0,0,1,0,0,0,1,0.03171835824144073,2.404251554701207
0,66,66.1,4428.45,0,1,1,0,1,0,1,0,0,0,1,0,1,0,1,0,0,0,0,0,0,0,1,1,1,0,0,0.031671394933109207,2.0934792050785185
0,57,74.3,4166.35,0,0,0,0,1,0,0,0,0,0,1,0,1,0,1,0,1,0,1,0,0,0,1,1,1,0,0,0.03164817984311456,2.351459762343412
1,38,20.2,735.9,0,0,0,0,1,0,0,0,1,1,0,1,0,1,0,1,0,1,0,1,0,0,1,0,0,0,1,0.03160657332538898,0.6384527811728573
0,71,85.75,6223.8,0,0,1,0,1,0,1,0,0,0,1,0,1,0,1,0,1,0,1,0,1,0,1,0,1,0,0,0.031325682442976656,2.686177269485248
0,56,21.2,1238.65,0,1,0,1,1,0,0,0,1,1,0,1,0,1,0,1,0,1,0,1,0,1,0,1,0,0,1,0.03130677036587403,0.6637035317565294
0,52,20.65,1022.95,0,0,0,0,1,0,0,0,1,1,0,1,0,1,0,1,0,1,0,1,0,1,0,0,0,0,1,0.03126337444538913,0.6455886822972855
0,71,89.9,6342.7,0,0,1,1,1,0,1,0,0,0,1,0,1,0,1,0,1,0,1,0,1,0,1,0,0,0,0,0.031250594273330684,2.809428425172429
0,48,55.5,2627.35,0,0,0,0,1,0,0,0,0,0,1,0,1,0,0,0,0,0,0,0,0,0,1,0,1,0,0,0.03119980930762222,1.7315894165730332
0,72,83.7,6096.9,0,0,1,1,1,0,0,0,0,0,1,0,1,0,1,0,1,0,1,0,1,0,1,1,0,0,0,0.031173273199284212,2.6092029667800887
0,72,60.95,4549.05,0,1,1,1,0,1,0,0,0,0,1,0,0,0,1,0,1,0,1,0,1,0,1,0,0,0,0,0.03112983586251516,1.8973634958202992
0,68,70.8,4859.95,0,1,1,1,1,0,1,0,0,0,0,0,1,0,0,0,1,0,0,0,1,0,1,0,1,0,0,0.031038097650598916,2.197497313662403
0,45,24.65,1171.3,0,0,1,1,1,0,1,0,1,1,0,1,0,1,0,1,0,1,0,1,0,0,1,1,1,0,0,0.03103176752775404,0.7649330695591371
0,33,20.1,670.35,0,0,1,1,1,0,0,0,1,1,0,1,0,1,0,1,0,1,0,1,0,0,1,0,0,0,1,0.03101329486242046,0.6233672267346513
0,64,74.35,4759.55,0,0,1,0,1,0,0,0,0,0,1,0,1,0,1,0,1,0,0,0,1,0,1,1,0,0,1,0.03095644491056542,2.3016116791005388
0,70,72.95,5265.55,0,1,1,0,1,0,1,0,0,0,0,0,1,0,1,0,1,0,1,0,0,0,1,0,0,0,0,0.030935344235547595,2.2567333619831973
0,72,90.95,6652.45,0,0,1,1,1,0,1,0,0,0,1,0,1,0,1,0,1,0,1,0,1,0,1,0,1,0,0,0.030757619632712927,2.7974055055952407
0,68,56.4,3948.45,0,1,1,1,0,1,0,0,0,0,1,0,1,0,1,0,1,0,0,0,1,0,1,1,0,0,1,0.03074824443601652,1.7342009861913317
0,32,20.5,696.8,0,1,0,1,1,0,0,0,1,1,0,1,0,1,0,1,0,1,0,1,0,0,1,0,0,0,1,0.030714165298969375,0.6296403886288722
0,56,59.8,3457.45,0,1,1,1,1,0,0,0,0,0,1,0,1,0,1,0,0,0,0,0,0,0,1,1,0,0,0,0.030631377482194373,1.8317563734352234
0,32,18.95,613.95,0,1,1,1,1,0,0,0,1,1,0,1,0,1,0,1,0,1,0,1,0,0,1,0,0,0,1,0.030617653430698062,0.5802045325117282
0,56,81.25,4620.4,0,0,1,1,1,0,1,0,0,0,1,0,1,0,1,0,1,0,1,0,0,0,1,0,1,0,0,0.03054815854670322,2.4820378819196365
0,60,61.4,3638.25,0,1,0,0,1,0,0,0,0,0,1,0,1,0,1,0,0,0,0,0,0,0,1,0,0,1,0,0.030510935377886902,1.8733714322022557
0,54,65.65,3566.7,0,1,1,1,1,0,1,0,0,0,1,0,1,0,0,0,1,0,0,0,0,0,1,1,1,0,0,0.030435825370021347,1.9981119355419015
0,70,59.5,4144.8,0,1,1,1,0,1,0,0,0,0,1,0,0,0,1,0,1,0,1,0,1,0,1,0,0,0,0,0.030418558412841117,1.8099042255640465
1,64,70.2,4481.0,1,0,0,0,1,0,0,0,0,0,1,0,1,0,0,0,1,0,1,0,0,0,1,1,1,0,0,0.030318653127952448,2.128369449582262
0,51,34.2,1782.0,0,0,1,1,0,1,0,0,0,0,1,0,0,0,0,0,1,0,0,0,0,0,1,0,0,0,0,0.030275648104693954,1.0354271651805333
0,37,61.45,2302.35,0,1,0,1,1,0,0,0,0,0,1,0,1,0,0,0,1,0,0,0,0,0,1,0,1,0,0,0.030191376835019136,1.855260106511926
0,43,19.65,779.25,0,0,0,0,1,0,0,0,1,1,0,1,0,1,0,1,0,1,0,1,0,0,1,1,0,0,0,0.030129078914265695,0.5920364006653208
0,70,76.1,5264.25,0,1,1,0,1,0,1,0,0,0,0,0,1,0,1,0,1,0,1,0,0,0,1,0,1,0,0,0.030082351062302087,2.2892669158411887
0,48,39.4,1978.65,0,0,1,1,0,1,0,0,0,0,1,0,1,0,0,0,1,0,0,0,0,0,1,0,0,0,1,0.030070706045904907,1.1847858182086533
0,71,91.05,6293.75,0,0,1,1,1,0,1,0,0,0,1,0,1,0,1,0,1,0,1,0,1,0,1,0,0,0,1,0.030053120461771502,2.7363366180442954
0,72,74.35,5237.4,0,0,1,1,1,0,0,0,0,0,1,0,1,0,1,0,1,0,0,0,1,0,1,1,0,1,0,0.03002231961817926,2.232159463611628
0,33,19.8,641.35,0,0,1,1,1,0,0,0,1,1,0,1,0,1,0,1,0,1,0,1,0,0,1,0,1,0,0,0.02999531996178593,0.5939073352433615
0,72,89.75,6595.9,0,0,1,1,1,0,1,0,0,0,1,0,1,0,1,0,1,0,1,0,1,0,1,0,1,0,0,0.029916911037574944,2.6850427656223514
0,49,19.45,921.3,0,0,0,1,1,0,0,0,1,1,0,1,0,1,0,1,0,1,0,1,0,1,0,0,1,0,0,0.02981438003387379,0.5798896916588452
0,35,19.25,677.9,0,1,0,0,1,0,0,0,1,1,0,1,0,1,0,1,0,1,0,1,0,0,1,0,0,0,1,0.02971953530414451,0.5721010546047818
0,72,86.65,6224.8,0,1,0,0,1,0,1,0,0,0,1,0,1,0,1,0,1,0,1,0,1,0,1,0,0,0,0,0.029708886324325206,2.574275000002779
0,72,88.55,6362.35,0,1,0,0,1,0,1,0,0,0,1,0,1,0,1,0,1,0,1,0,1,0,1,0,1,0,0,0.02961600510275538,2.622497251848989
0,38,25.05,963.95,0,1,1,1,1,0,1,0,1,1,0,1,0,1,0,1,0,1,0,1,0,0,1,0,1,0,0,0.029595386336301054,0.7413644277243414
0,72,84.7,5893.9,0,0,1,1,1,0,1,0,0,0,1,0,0,0,1,0,1,0,1,0,1,0,1,0,1,0,0,0.02949624620848101,2.498332053858342
0,56,61.3,3346.8,0,0,1,1,1,0,0,0,0,0,1,0,1,0,1,0,0,0,0,0,0,0,1,1,1,0,0,0.029483882119315446,1.8073619739140367
0,53,19.05,990.45,0,0,1,0,1,0,0,0,1,1,0,1,0,1,0,1,0,1,0,1,0,1,0,0,1,0,0,0.029348599865815585,0.5590908274437869
0,70,80.7,5617.95,0,0,1,1,1,0,1,0,0,0,1,0,1,0,1,0,1,0,1,0,0,0,1,0,0,1,0,0.02934834468639263,2.368411416191885
0,66,20.35,1359.5,0,1,1,1,1,0,0,0,1,1,0,1,0,1,0,1,0,1,0,1,0,1,0,1,0,1,0,0.02933200638777043,0.5969063299911284
0,70,79.6,5589.45,0,0,0,0,1,0,0,0,0,0,1,0,0,0,1,0,1,0,1,0,1,0,1,0,0,0,0,0.029297097242600902,2.3320489405110316
0,71,89.9,6457.15,0,1,1,1,1,0,1,0,0,0,1,0,1,0,1,0,1,0,1,0,1,0,1,0,1,0,0,0.029270604597772705,2.6314273533397663
0,72,89.8,6510.45,0,0,1,1,1,0,1,0,0,0,1,0,1,0,1,0,1,0,1,0,1,0,1,0,1,0,0,0.029245192965473725,2.6262183282995406
0,60,24.15,1505.9,0,1,1,0,1,0,1,0,1,1,0,1,0,1,0,1,0,1,0,1,0,1,0,0,0,0,0,0.02922755159440296,0.7058453710048314
0,37,19.8,813.3,0,0,0,0,1,0,0,0,1,1,0,1,0,1,0,1,0,1,0,1,0,0,1,0,0,0,1,0.029052634128105003,0.5752421557364791
0,39,25.2,987.95,0,1,1,1,1,0,1,0,1,1,0,1,0,1,0,1,0,1,0,1,0,0,1,0,0,0,1,0.028999536365023126,0.7307883163985828
0,35,20.5,759.35,0,1,1,1,1,0,0,0,1,1,0,1,0,1,0,1,0,1,0,1,0,0,1,0,0,0,0,0.028853601348800318,0.5914988276504065
0,37,19.85,784.25,0,0,0,0,1,0,0,0,1,1,0,1,0,1,0,1,0,1,0,1,0,0,1,0,0,0,1,0.0288388737270731,0.5724516434824011
0,41,20.0,879.8,0,1,1,1,1,0,0,0,1,1,0,1,0,1,0,1,0,1,0,1,0,0,1,1,0,0,1,0.02883749090956043,0.5767498181912086
0,62,60.15,3753.2,0,1,1,0,1,0,0,0,0,0,0,0,1,0,1,0,1,0,0,0,0,0,1,1,1,0,0,0.028813679137597716,1.7331428001265026
0,65,71.0,4386.2,0,0,1,0,1,0,0,0,0,0,1,0,1,0,1,0,0,0,0,0,1,0,1,0,0,0,0,0.028785646514462856,2.043780902526863
0,72,79.5,5661.7,0,0,1,1,1,0,1,0,0,0,1,0,1,0,1,0,1,0,0,0,1,0,1,1,0,0,0,0.028781912981012302,2.288162081990478
1,69,74.1,5031.0,0,1,0,0,1,0,1,0,0,0,1,0,0,0,1,0,1,0,0,0,1,0,1,0,1,0,0,0.028703920643803105,2.12696051970581
0,72,89.85,6562.9,0,1,1,1,1,0,1,0,0,0,1,0,1,0,1,0,1,0,1,0,1,0,1,0,1,0,0,0.028615840697071883,2.5711332866319085
0,71,86.85,6263.8,0,1,1,1,1,0,1,0,0,0,1,0,1,0,1,0,1,0,1,0,1,0,1,0,0,0,0,0.028579303272032452,2.4821124891760182
0,67,65.55,4361.55,0,1,0,0,1,0,0,0,0,0,1,0,0,0,1,0,0,0,0,0,1,0,1,0,0,0,0,0.02856434176983916,1.872392603012957
0,65,45.25,2933.95,0,0,0,1,0,1,0,0,0,0,0,0,1,0,0,0,1,0,1,0,0,0,1,0,0,0,1,0.028531547224481504,1.291052511907788
0,63,75.7,4676.7,0,1,1,1,1,0,1,0,0,0,1,0,0,0,1,0,1,0,0,0,1,0,1,0,0,0,1,0.028512782332736446,2.158417622588149
0,43,26.45,1110.05,0,1,0,0,1,0,1,0,1,1,0,1,0,1,0,1,0,1,0,1,0,0,1,0,0,0,0,0.02849978085551287,0.7538192036283154
0,70,77.3,5498.2,0,1,1,0,1,0,1,0,0,0,1,0,0,0,1,0,1,0,0,0,1,0,1,0,1,0,0,0.028486111141239945,2.2019763912178476
0,70,64.95,4551.5,0,1,0,1,1,0,1,0,0,0,1,0,1,0,0,0,1,0,0,0,0,1,0,0,0,0,0,0.02830618372824811,1.8384866331497147
0,38,20.4,743.5,0,1,1,0,1,0,0,0,1,1,0,1,0,1,0,1,0,1,0,1,0,0,1,0,0,0,0,0.028274276229083524,0.5767952350733039
0,61,20.55,1252.0,0,1,1,0,1,0,0,0,1,1,0,1,0,1,0,1,0,1,0,1,0,1,0,1,1,0,0,0.028137177334499122,0.578218994223957
0,51,19.4,997.75,0,1,1,1,1,0,0,0,1,1,0,1,0,1,0,1,0,1,0,1,0,1,0,0,0,0,1,0.028072957052595836,0.5446153668203592
0,71,90.3,6287.3,0,1,1,1,1,0,1,0,0,0,1,0,1,0,1,0,1,0,1,0,1,0,1,0,1,0,0,0.028064447572166445,2.53421961576663
0,39,25.0,1004.35,0,1,0,1,1,0,1,0,1,1,0,1,0,1,0,1,0,1,0,1,0,0,1,0,0,0,1,0.028058761598948604,0.7014690399737151
0,36,20.25,717.95,0,0,1,1,1,0,0,0,1,1,0,1,0,1,0,1,0,1,0,1,0,0,1,0,0,0,0,0.028051724521662554,0.5680474215636667
1,72,78.45,5682.25,0,0,1,0,1,0,1,0,0,0,1,0,1,0,1,0,1,0,0,0,1,0,1,0,0,0,0,0.027927056767293967,2.190877603394212
0,70,79.25,5731.85,0,1,1,1,1,0,1,0,0,0,1,0,1,0,1,0,1,0,1,0,0,0,1,1,0,0,0,0.027859125212898357,2.2078356731221946
0,72,88.7,6501.35,0,1,1,1,1,0,1,0,0,0,1,0,1,0,1,0,1,0,1,0,1,0,1,0,1,0,0,0.027808479451029787,2.4666121273063424
0,45,54.65,2553.7,0,1,1,1,1,0,0,0,0,0,1,0,0,0,0,0,1,0,0,0,0,0,1,0,0,0,0,0.027748174752976952,1.5164377502501905
0,35,19.7,730.4,0,0,1,1,1,0,0,0,1,1,0,1,0,1,0,1,0,1,0,1,0,0,1,0,1,0,0,0.027729179916313705,0.54626484435138
0,68,82.85,5776.45,0,1,1,1,1,0,0,0,0,0,1,0,1,0,0,0,1,0,1,0,1,0,1,0,0,0,0,0.027481103512909413,2.2768094260445446
0,53,19.55,1007.9,0,0,1,1,1,0,0,0,1,1,0,1,0,1,0,1,0,1,0,1,0,1,0,0,0,0,0,0.027428183582244452,0.5362209890328791
0,38,20.3,743.05,0,0,0,0,1,0,0,0,1,1,0,1,0,1,0,1,0,1,0,1,0,0,1,0,0,0,1,0.027227779418696436,0.5527239221995377
0,52,19.6,1012.4,0,0,1,1,1,0,0,0,1,1,0,1,0,1,0,1,0,1,0,1,0,1,0,0,1,0,0,0.02722215673407825,0.5335542719879337
0,72,65.7,4575.35,0,0,1,1,0,1,0,0,0,0,1,0,1,0,1,0,1,0,1,0,1,0,1,0,0,0,0,0.027167937110400674,1.7849334681533244
0,38,20.05,741.5,0,0,0,0,1,0,0,0,1,1,0,1,0,1,0,1,0,1,0,1,0,0,1,0,0,0,1,0.027146084951979975,0.5442790032871985
0,52,39.1,1982.1,0,0,0,0,0,1,0,0,0,0,1,0,1,0,0,0,1,0,0,0,0,0,1,0,0,0,1,0.02711788541042803,1.060309319547736
0,40,25.25,1006.9,0,1,1,1,1,0,1,0,1,1,0,1,0,1,0,1,0,1,0,1,0,0,1,0,1,0,0,0.02710100105113722,0.6843002765412147
0,35,19.6,686.95,0,1,1,1,1,0,0,0,1,1,0,1,0,1,0,1,0,1,0,1,0,0,1,0,0,0,1,0.02699108724665541,0.5290253100344461
0,60,39.6,2424.5,0,1,0,0,0,1,0,0,0,0,1,0,1,0,1,0,0,0,0,0,0,0,1,0,0,0,0,0.0269364677393021,1.0666841224763632
0,70,86.45,5950.2,0,0,1,0,1,0,0,0,0,0,1,0,1,0,1,0,1,0,1,0,1,0,1,0,1,0,0,0.02691188520177678,2.3265324756936026
0,35,20.1,655.3,0,1,1,1,1,0,0,0,1,1,0,1,0,1,0,1,0,1,0,1,0,0,1,0,0,0,1,0.026897891567584015,0.5406476205084387
0,72,89.7,6339.3,0,1,1,1,1,0,1,0,0,0,1,0,1,0,1,0,1,0,1,0,1,0,1,0,1,0,0,0.026883849075281453,2.4114812620527464
0,63,50.65,3221.25,0,0,1,1,1,0,0,0,0,0,1,0,0,0,0,0,0,0,0,0,0,0,1,1,0,0,0,0.02685054469465192,1.3599800887841198
0,54,60.0,3273.95,0,0,1,1,1,0,1,0,0,0,1,0,0,0,0,0,1,0,0,0,0,0,1,0,0,0,0,0.026801312003006294,1.6080787201803777
0,46,19.95,907.05,0,1,0,0,1,0,0,0,1,1,0,1,0,1,0,1,0,1,0,1,0,0,1,0,0,1,0,0.026727228388220323,0.5332082063449954
0,71,59.7,4122.65,0,0,1,1,0,1,0,0,0,0,1,0,1,0,0,0,1,0,1,0,1,0,1,0,0,0,0,0.02672199678239966,1.5953032079092597
0,72,64.45,4528.0,0,0,1,1,0,1,0,0,0,0,1,0,1,0,1,0,1,0,1,0,1,0,1,0,0,0,0,0.026475346632270802,1.7063360904498532
0,45,25.5,1121.05,0,0,1,0,1,0,1,0,1,1,0,1,0,1,0,1,0,1,0,1,0,0,1,0,0,0,1,0.02645522346104228,0.6746081982565781
0,39,20.15,826.0,0,0,0,0,1,0,0,0,1,1,0,1,0,1,0,1,0,1,0,1,0,0,1,0,0,0,1,0.026425181508159673,0.5324674073894173
0,46,65.65,3047.15,0,1,1,0,1,0,0,0,0,0,1,0,1,0,1,0,1,0,0,0,0,0,1,0,0,0,1,0.02640083981768647,1.7332151340311168
0,68,70.95,4741.45,0,1,1,0,1,0,0,0,0,0,1,0,1,0,1,0,0,0,0,0,1,0,1,0,0,0,0,0.026224618929675193,1.860636713060455
0,67,69.2,4671.65,0,1,1,0,1,0,0,0,0,0,1,0,1,0,0,0,1,0,0,0,1,0,1,1,1,0,0,0.026088708426426684,1.8053386231087267
0,66,25.7,1714.55,0,1,1,1,1,0,1,0,1,1,0,1,0,1,0,1,0,1,0,1,0,1,0,1,1,0,0,0.026033954438589198,0.6690726290717424
0,72,85.1,6155.4,0,0,1,0,1,0,0,0,0,0,1,0,1,0,1,0,1,0,1,0,1,0,1,0,0,0,1,0.025921394817404655,2.205910698961136
0,72,55.45,4179.2,0,1,1,1,0,1,0,0,0,0,1,0,1,0,1,0,1,0,0,0,1,0,1,1,1,0,0,0.025861294019419598,1.4340087533768169
0,49,67.4,3306.85,0,0,0,0,1,0,0,0,0,0,1,0,1,0,1,0,1,0,0,0,0,0,1,0,0,0,0,0.025745281260688375,1.7352319569703967
0,70,75.35,5437.75,0,0,1,1,1,0,0,0,0,0,1,0,0,0,0,0,1,0,1,0,1,0,1,0,1,0,0,0.025722638195076693,1.9382007879990286
0,37,19.8,726.1,0,1,1,1,1,0,0,0,1,1,0,1,0,1,0,1,0,1,0,1,0,0,1,0,0,0,0,0.025636786637348186,0.5076083754194941
1,67,64.55,4250.1,0,1,0,0,1,0,1,0,0,0,1,0,1,0,0,0,1,0,0,0,0,0,1,1,0,0,0,0.0256179144274643,1.6536363762928203
0,71,58.65,4145.25,0,0,1,1,0,1,0,0,0,0,1,0,1,0,0,0,1,0,1,0,1,0,1,0,0,0,1,0.025610388071383224,1.502049260386626
0,67,60.5,3870.0,0,0,0,0,1,0,0,0,0,0,1,0,1,0,0,0,1,0,0,0,0,1,0,0,1,0,0,0.025604048569886732,1.5490449384781473
0,72,80.85,5727.45,0,1,1,1,1,0,1,0,0,0,1,0,1,0,1,0,1,0,1,0,0,0,1,1,0,0,0,0.025547170519142317,2.065488736472656
0,39,20.7,762.45,0,0,0,0,1,0,0,0,1,1,0,1,0,1,0,1,0,1,0,1,0,0,1,0,1,0,0,0.025537652064909017,0.5286293977436166
0,36,19.45,754.5,0,1,1,1,1,0,0,0,1,1,0,1,0,1,0,1,0,1,0,1,0,0,1,0,1,0,0,0.0255045857006842,0.4960641918783077
0,53,20.2,1068.15,0,1,1,1,1,0,0,0,1,1,0,1,0,1,0,1,0,1,0,1,0,1,0,0,1,0,0,0.025477634029917293,0.5146482074043293
0,56,19.95,1126.75,0,1,1,0,1,0,0,0,1,1,0,1,0,1,0,1,0,1,0,1,0,1,0,0,1,0,0,0.0254374294610428,0.5074767177478038
0,40,19.1,780.1,0,0,1,0,1,0,0,0,1,1,0,1,0,1,0,1,0,1,0,1,0,0,1,0,0,0,1,0.025416049607377453,0.4854465475009094
0,56,45.05,2560.1,0,0,0,0,0,1,0,0,0,0,1,0,1,0,1,0,1,0,0,0,0,0,1,0,0,0,0,0.025410823801863703,1.1447576122739598
0,45,20.0,886.4,0,0,1,1,1,0,0,0,1,1,0,1,0,1,0,1,0,1,0,1,0,0,1,1,0,0,0,0.0253803708663266,0.507607417326532
0,66,66.9,4370.25,0,0,1,0,1,0,1,0,0,0,1,0,1,0,1,0,0,0,0,0,0,0,1,0,0,0,0,0.025270422972539938,1.690591296862922
0,70,68.95,4858.7,0,1,1,1,1,0,1,0,0,0,1,0,0,0,1,0,0,0,1,0,0,0,1,0,1,0,0,0.025239636568213136,1.7402729413782958
0,45,19.2,903.7,0,1,1,1,1,0,0,0,1,1,0,1,0,1,0,1,0,1,0,1,0,0,1,0,0,1,0,0.025163933778487243,0.48314752854695503
0,69,79.45,5502.55,0,1,0,1,1,0,1,0,0,0,1,0,1,0,1,0,1,0,1,0,0,0,1,1,1,0,0,0.025077290197999248,1.9923907062310402
0,47,20.55,945.7,0,0,0,0,1,0,0,0,1,1,0,1,0,1,0,1,0,1,0,1,0,0,1,1,0,0,1,0.024993142937097906,0.513609087357362
0,66,61.15,4017.45,0,0,0,0,1,0,0,0,0,0,1,0,1,0,1,0,0,0,0,0,0,0,1,1,0,0,0,0.024981913080917233,1.5276439848980887
0,40,20.15,804.85,0,0,0,0,1,0,0,0,1,1,0,1,0,1,0,1,0,1,0,1,0,0,1,0,0,0,1,0.024965825893984783,0.5030613917637934
0,71,87.25,6328.7,0,0,1,1,1,0,0,0,0,0,1,0,1,0,1,0,1,0,1,0,1,0,1,0,1,0,0,0.024902648422514783,2.172756074864415
0,72,67.2,4671.7,0,1,0,1,0,1,0,0,0,0,1,0,1,0,1,0,1,0,1,0,1,0,1,0,1,0,0,0.0248138242474403,1.667488989427988
0,62,43.7,2618.3,0,1,0,0,0,1,0,0,0,0,1,0,1,0,1,0,1,0,0,0,0,0,1,1,0,0,0,0.024778459692879166,1.0828186885788196
0,52,19.65,928.4,0,1,0,1,1,0,0,0,1,1,0,1,0,1,0,1,0,1,0,1,0,1,0,0,1,0,0,0.024767120299512606,0.4866739138854227
0,68,64.1,4326.25,0,0,1,0,1,0,0,0,0,0,0,0,1,0,0,0,1,0,1,0,0,0,1,0,0,0,0,0.024660416878893726,1.5807327219370877
0,41,20.65,875.55,0,0,1,0,1,0,0,0,1,1,0,1,0,1,0,1,0,1,0,1,0,0,1,0,1,0,0,0.02462791799371974,0.5085665065703127
0,40,19.65,830.25,0,0,0,0,1,0,0,0,1,1,0,1,0,1,0,1,0,1,0,1,0,0,1,0,1,0,0,0.024452239213978943,0.48048650055468617
0,66,47.4,3177.25,0,0,0,0,0,1,0,0,0,0,1,0,1,0,1,0,1,0,0,0,0,0,1,1,0,0,1,0.024421259661195658,1.157567707940674
0,49,20.15,973.35,0,0,1,0,1,0,0,0,1,1,0,1,0,1,0,1,0,1,0,1,0,0,1,1,0,0,0,0.02436625667468825,0.4909800719949682
0,47,21.3,1041.8,0,0,1,1,1,0,0,0,1,1,0,1,0,1,0,1,0,1,0,1,0,0,1,1,0,0,0,0.024232930980451317,0.516161429883613
0,48,20.05,1036.0,0,1,1,0,1,0,0,0,1,1,0,1,0,1,0,1,0,1,0,1,0,0,1,1,0,0,1,0.024187060356424313,0.4849505601463075
0,71,80.6,5708.2,0,1,0,0,1,0,1,0,0,0,1,0,1,0,1,0,1,0,0,0,1,0,1,0,0,0,0,0.02417190781553965,1.9482557699324956
0,59,20.35,1267.0,0,0,1,0,1,0,0,0,1,1,0,1,0,1,0,1,0,1,0,1,0,1,0,0,0,0,1,0.024158801841998322,0.4916316174846659
0,41,20.65,835.15,0,0,0,0,1,0,0,0,1,1,0,1,0,1,0,1,0,1,0,1,0,0,1,0,0,0,1,0.024043511980025918,0.49649852238753517
0,72,84.45,6033.1,0,1,1,0,1,0,0,0,0,0,1,0,1,0,1,0,1,0,1,0,1,0,1,0,0,0,1,0.02400485368792247,2.0272098939450527
0,43,24.25,1077.95,0,1,1,1,1,0,1,0,1,1,0,1,0,1,0,1,0,1,0,1,0,0,1,0,0,0,1,0.023998690875857265,0.5819682537395386
0,64,24.7,1642.75,0,0,0,0,1,0,1,0,1,1,0,1,0,1,0,1,0,1,0,1,0,1,0,0,0,0,1,0.023987302526876746,0.5924863724138556
0,62,38.6,2345.55,0,1,1,0,0,1,0,0,0,0,1,0,1,0,0,0,1,0,0,0,0,0,1,1,1,0,0,0.023947856309448477,0.9243872535447113
0,69,80.65,5542.55,0,1,1,1,1,0,0,0,0,0,1,0,1,0,0,0,1,0,1,0,1,0,1,0,0,0,0,0.023947676198938898,1.9313800854444223
0,60,23.95,1506.4,0,1,1,1,1,0,1,0,1,1,0,1,0,1,0,1,0,1,0,1,0,1,0,0,1,0,0,0.02392384956255855,0.5729761970232772
0,72,70.65,5011.15,0,0,1,1,1,0,0,0,0,0,1,0,1,0,1,0,0,0,1,0,0,0,1,1,1,0,0,0.023862266748057925,1.6858691457502926
0,52,25.05,1270.25,0,0,1,1,1,0,1,0,1,1,0,1,0,1,0,1,0,1,0,1,0,0,1,1,0,0,0,0.02379910883398614,0.5961676762913528
0,72,78.85,5763.15,0,1,1,0,1,0,1,0,0,0,1,0,1,0,1,0,1,0,0,0,1,0,1,0,0,0,0,0.023724041052155007,1.8706406369624222
0,41,20.0,810.3,0,0,0,0,1,0,0,0,1,1,0,1,0,1,0,1,0,1,0,1,0,0,1,0,0,0,1,0.02372036789350693,0.4744073578701386
0,71,80.4,5727.15,0,1,1,0,1,0,1,0,0,0,1,0,1,0,1,0,1,0,0,0,1,0,1,0,1,0,0,0.023650830158334774,1.9015267447301158
0,62,48.7,3008.55,0,0,1,1,0,1,0,0,0,0,1,0,1,0,0,0,1,0,1,0,0,0,1,0,0,0,0,0.0235307454744197,1.1459473046042394
0,70,48.4,3442.8,0,1,0,0,0,1,0,0,0,0,1,0,0,0,1,0,1,0,0,0,1,0,1,0,0,0,0,0.02351467578134831,1.1381103078172583
0,46,19.95,927.1,0,0,1,1,1,0,0,0,1,1,0,1,0,1,0,1,0,1,0,1,0,0,1,1,0,0,1,0.02346737115859548,0.4681740546139798
0,67,60.05,3994.05,0,1,1,1,1,0,0,0,0,0,1,0,1,0,0,0,1,0,0,0,0,1,0,0,0,0,1,0.023454311145391846,1.4084313842807803
1,66,79.4,5154.6,1,1,1,1,1,0,1,0,0,0,1,0,1,0,1,0,1,0,1,0,0,0,1,0,1,0,0,0.023379965309096674,1.856369245542276
0,58,64.9,3795.45,0,0,0,0,1,0,0,0,0,0,1,0,1,0,1,0,1,0,0,0,0,0,1,1,1,0,0,0.02337590156580774,1.5170960116209224
0,67,20.85,1327.4,0,0,1,0,1,0,0,0,1,1,0,1,0,1,0,1,0,1,0,1,0,1,0,1,0,0,0,0.023371864732458017,0.4873033796717497
0,72,85.3,6129.2,0,0,1,1,1,0,0,0,0,0,1,0,1,0,1,0,1,0,1,0,1,0,1,0,0,0,0,0.02332561453259165,1.9896749196300676
0,67,20.55,1343.4,0,0,0,0,1,0,0,0,1,1,0,1,0,1,0,1,0,1,0,1,0,1,0,0,0,1,0,0.023311816854783684,0.47905783636580473
0,39,19.75,757.95,0,0,1,1,1,0,0,0,1,1,0,1,0,1,0,1,0,1,0,1,0,0,1,0,0,0,1,0.023309225570690727,0.46035720502114186
0,40,20.15,777.35,0,0,1,1,1,0,0,0,1,1,0,1,0,1,0,1,0,1,0,1,0,0,1,0,0,0,0,0.02322076314536568,0.46789837737911844
0,50,19.8,1013.2,0,1,1,0,1,0,0,0,1,1,0,1,0,1,0,1,0,1,0,1,0,0,1,0,0,1,0,0.023203752667620814,0.45943430281889214
0,60,61.35,3766.2,0,1,1,0,1,0,0,0,0,0,1,0,1,0,0,0,1,0,0,0,0,0,1,1,0,0,1,0.02320215481598829,1.4234521979608816
0,55,19.15,998.1,0,0,1,1,1,0,0,0,1,1,0,1,0,1,0,1,0,1,0,1,0,1,0,0,1,0,0,0.02315630116843686,0.4434431673755658
0,55,19.5,1026.35,0,1,1,1,1,0,0,0,1,1,0,1,0,1,0,1,0,1,0,1,0,1,0,0,0,0,1,0.02309129194406426,0.4502801929092531
0,71,85.45,6029.9,0,1,1,1,1,0,0,0,0,0,1,0,1,0,1,0,1,0,1,0,1,0,1,0,0,0,0,0.023066016463863633,1.9709911068371475
0,62,24.8,1476.25,0,1,1,1,1,0,1,0,1,1,0,1,0,1,0,1,0,1,0,1,0,1,0,0,0,0,0,0.022956647774249075,0.5693248648013771
0,51,24.95,1222.25,0,1,1,1,1,0,1,0,1,1,0,1,0,1,0,1,0,1,0,1,0,0,1,1,0,0,1,0.022919635021208067,0.5718448937791413
0,46,19.25,864.2,0,0,1,1,1,0,0,0,1,1,0,1,0,1,0,1,0,1,0,1,0,0,1,1,0,0,1,0.022900116525887748,0.44082724312333915
0,55,19.1,1001.5,0,1,0,1,1,0,0,0,1,1,0,1,0,1,0,1,0,1,0,1,0,1,0,0,0,0,0,0.022893297778567946,0.4372619875706478
0,71,70.85,4973.4,0,1,1,1,1,0,0,0,0,0,1,0,0,0,1,0,1,0,0,0,1,0,1,1,1,0,0,0.022875138857730865,1.6207035880702316
0,41,20.15,802.35,0,1,0,0,1,0,0,0,1,1,0,1,0,1,0,1,0,1,0,1,0,0,1,0,0,0,1,0.022850379283139495,0.4604351425552608
0,72,79.55,5810.9,0,1,1,0,1,0,1,0,0,0,1,0,1,0,1,0,1,0,0,0,1,0,1,0,1,0,0,0.022790071982296704,1.8129502261917028
0,46,20.1,936.85,0,1,1,1,1,0,0,0,1,1,0,1,0,1,0,1,0,1,0,1,0,0,1,1,0,0,1,0.02271623792664146,0.45659638232549343
0,46,20.2,917.45,0,1,1,1,1,0,0,0,1,1,0,1,0,1,0,1,0,1,0,1,0,0,1,1,0,0,1,0.02261939391225708,0.456911757027593
0,67,65.65,4322.85,0,0,1,0,1,0,1,0,0,0,1,0,1,0,1,0,0,0,0,0,0,0,1,0,0,0,1,0.02252672857805702,1.4788797311494437
0,69,75.75,5388.15,0,1,1,1,1,0,0,0,0,0,1,0,1,0,1,0,1,0,1,0,0,0,1,1,0,0,0,0.022466881406488667,1.7018662665415165
0,63,39.35,2395.05,0,1,1,1,0,1,0,0,0,0,0,0,1,0,1,0,1,0,0,0,0,0,1,0,0,0,0,0.022411408067847544,0.8818889074698009
0,72,80.85,5824.75,0,0,1,1,1,0,1,0,0,0,1,0,1,0,1,0,1,0,0,0,1,0,1,0,0,0,0,0.02224990720753575,1.798904997729265
0,69,66.9,4577.9,0,0,0,0,1,0,1,0,0,0,1,0,1,0,0,0,1,0,0,0,0,0,1,1,0,0,1,0.022217484359167778,1.4863497036283244
0,66,25.45,1699.15,0,1,0,0,1,0,1,0,1,1,0,1,0,1,0,1,0,1,0,1,0,1,0,0,0,0,0,0.022187866162621455,0.5646811938387161
0,41,19.7,804.25,0,0,1,1,1,0,0,0,1,1,0,1,0,1,0,1,0,1,0,1,0,0,1,0,0,0,0,0.022121347741841,0.43579055051426774
0,61,19.45,1336.35,0,0,0,0,1,0,0,0,1,1,0,1,0,1,0,1,0,1,0,1,0,1,0,0,0,0,0,0.022071270517066054,0.42928621155693475
0,72,73.0,5265.2,0,0,0,0,1,0,0,0,0,0,1,0,1,0,1,0,1,0,0,0,1,0,1,1,1,0,0,0.021987419044016146,1.6050815902131788
0,56,25.95,1444.05,0,1,0,0,1,0,1,0,1,1,0,1,0,1,0,1,0,1,0,1,0,0,1,1,0,0,0,0.02193293660390607,0.5691597048713626
0,41,19.3,772.4,0,0,1,1,1,0,0,0,1,1,0,1,0,1,0,1,0,1,0,1,0,0,1,0,0,0,0,0.021838286348946922,0.4214789265346756
0,45,24.45,1088.25,0,1,1,1,1,0,1,0,1,1,0,1,0,1,0,1,0,1,0,1,0,0,1,0,0,0,1,0.021769746284984265,0.5322702966678653
0,40,19.6,808.95,0,1,1,1,1,0,0,0,1,1,0,1,0,1,0,1,0,1,0,1,0,0,1,0,0,0,1,0.021612423904081902,0.4236035085200053
0,49,19.9,1022.6,0,1,0,0,1,0,0,0,1,1,0,1,0,1,0,1,0,1,0,1,0,0,1,1,1,0,0,0.02156851281065575,0.42921340493204935
0,71,47.6,3377.8,0,0,1,0,0,1,0,0,0,0,1,0,1,0,1,0,1,0,0,0,0,0,1,1,0,0,0,0.021541899218686034,1.0253944028094553
0,48,24.0,1183.05,0,0,0,0,1,0,1,0,1,1,0,1,0,1,0,1,0,1,0,1,0,0,1,0,1,0,0,0.021441761783027598,0.5146022827926624
0,64,24.9,1595.5,0,0,1,1,1,0,1,0,1,1,0,1,0,1,0,1,0,1,0,1,0,1,0,0,0,0,1,0.021406585551540822,0.5330239802333664
0,70,66.0,4891.5,0,0,0,1,1,0,1,0,0,0,1,0,1,0,0,0,1,0,0,0,0,0,1,0,0,1,0,0.02126921055530316,1.4037678966500087
0,70,79.15,5536.5,0,1,1,0,1,0,1,0,0,0,1,0,1,0,1,0,1,0,1,0,0,0,1,0,0,0,1,0.02126365750239999,1.6830184913149595
0,65,24.8,1600.95,0,1,0,0,1,0,1,0,1,1,0,1,0,1,0,1,0,1,0,1,0,1,0,0,1,0,0,0.021254144651031044,0.5271027873455699
1,54,18.95,1031.1,0,0,1,0,1,0,0,0,1,1,0,1,0,1,0,1,0,1,0,1,0,0,1,1,0,0,1,0.02123827908196849,0.4024653886033029
0,70,79.7,5743.3,0,0,1,1,1,0,1,0,0,0,1,0,1,0,1,0,1,0,1,0,0,0,1,0,0,0,0,0.021230761985134582,1.6920917302152263
0,61,68.05,4158.25,0,1,1,1,1,0,0,0,0,0,1,0,1,0,1,0,1,0,0,0,0,0,1,1,0,0,0,0.021133360986587323,1.4381252151372672
0,57,19.4,1061.6,0,1,1,1,1,0,0,0,1,1,0,1,0,1,0,1,0,1,0,1,0,1,0,0,0,0,1,0.021022921549904747,0.40784467806815206
0,43,19.55,876.15,0,1,0,0,1,0,0,0,1,1,0,1,0,1,0,1,0,1,0,1,0,0,1,0,0,0,1,0.02091519642919781,0.4088920901908172
0,72,75.1,5336.35,0,1,0,0,1,0,0,0,0,0,1,0,1,0,1,0,1,0,1,0,0,0,1,1,0,0,0,0.020914132393838682,1.570651342777285
1,53,25.1,1275.6,0,0,1,0,1,0,1,0,1,1,0,1,0,1,0,1,0,1,0,1,0,0,1,0,1,0,0,0.020796844256102433,0.5220007908281711
0,60,37.7,2288.7,0,0,1,0,0,1,0,0,0,0,1,0,1,0,0,0,1,0,0,0,0,0,1,0,0,0,0,0.02077702104912251,0.7832936935519187
0,48,26.3,1245.05,0,1,1,1,1,0,1,0,1,1,0,1,0,1,0,1,0,1,0,1,0,0,1,0,0,0,0,0.020633188533111187,0.5426528584208242
0,67,54.2,3838.2,0,1,1,1,1,0,0,0,0,0,1,0,1,0,0,0,0,0,0,0,0,0,1,1,0,0,0,0.020581536563915325,1.1155192817642108
0,56,25.15,1327.15,1,1,1,0,1,0,1,0,1,1,0,1,0,1,0,1,0,1,0,1,0,0,1,1,1,0,0,0.020545893029309283,0.5167292096871284
0,58,71.6,4230.25,0,1,1,1,1,0,1,0,0,0,1,0,1,0,1,0,1,0,0,0,0,0,1,0,1,0,0,0.02049309774903917,1.4673057988312044
0,42,20.0,833.55,0,0,1,1,1,0,0,0,1,1,0,1,0,1,0,1,0,1,0,1,0,0,1,0,0,0,1,0.020459334366243642,0.40918668732487284
0,51,25.5,1281.25,0,0,1,0,1,0,1,0,1,1,0,1,0,1,0,1,0,1,0,1,0,0,1,0,0,0,1,0.020333817824347265,0.5185123545208552
0,51,24.95,1288.0,0,0,0,0,1,0,1,0,1,1,0,1,0,1,0,1,0,1,0,1,0,0,1,0,0,0,0,0.020302830006853363,0.5065556086709914
0,54,24.05,1230.9,0,1,1,1,1,0,1,0,1,1,0,1,0,1,0,1,0,1,0,1,0,0,1,1,0,0,0,0.020271663791101405,0.48753351417598884
0,59,24.45,1493.1,0,0,0,0,1,0,1,0,1,1,0,1,0,1,0,1,0,1,0,1,0,0,1,0,0,1,0,0.020098219053046516,0.4914014558469873
0,71,20.85,1539.75,0,1,1,0,1,0,0,0,1,1,0,1,0,1,0,1,0,1,0,1,0,1,0,0,0,1,0,0.02007949701741906,0.41865751281318747
0,72,23.3,1623.15,0,0,1,1,1,0,1,0,1,1,0,1,0,1,0,1,0,1,0,1,0,1,0,1,0,0,0,0.02007871290760128,0.46783401074710984
0,50,24.9,1195.25,0,1,0,0,1,0,1,0,1,1,0,1,0,1,0,1,0,1,0,1,0,0,1,0,0,0,0,0.02007048961960614,0.49975519152819287
0,47,24.55,1160.45,0,1,1,1,1,0,1,0,1,1,0,1,0,1,0,1,0,1,0,1,0,0,1,0,0,0,1,0.020061077553835738,0.4924994539466674
0,71,73.5,5357.75,0,1,1,0,1,0,1,0,0,0,1,0,1,0,0,0,1,0,1,0,0,0,1,0,1,0,0,0.019962901498459064,1.467273260136741
0,55,25.65,1388.0,0,0,1,1,1,0,1,0,1,1,0,1,0,1,0,1,0,1,0,1,0,0,1,1,1,0,0,0.019962229686686005,0.512031191463496
0,67,19.45,1195.95,0,1,0,0,1,0,0,0,1,1,0,1,0,1,0,1,0,1,0,1,0,1,0,1,0,0,1,0.019896686374789724,0.3869905499896601
0,42,20.7,828.85,0,1,1,1,1,0,0,0,1,1,0,1,0,1,0,1,0,1,0,1,0,0,1,0,0,0,1,0.01983737216931409,0.41063360390480164
0,72,81.0,5750.0,0,1,1,1,1,0,1,0,0,0,1,0,1,0,1,0,1,0,0,0,1,0,1,0,1,0,0,0.01980516223644275,1.6042181411518626
0,44,20.05,845.25,0,1,0,0,1,0,0,0,1,1,0,1,0,1,0,1,0,1,0,1,0,0,1,0,0,0,1,0.019803960111092988,0.39706940022741444
0,42,19.35,867.3,0,1,1,1,1,0,0,0,1,1,0,1,0,1,0,1,0,1,0,1,0,0,1,0,0,0,1,0.01976812995655557,0.3825133146593503
0,44,20.4,905.55,0,1,0,0,1,0,0,0,1,1,0,1,0,1,0,1,0,1,0,1,0,0,1,0,1,0,0,0.01975525547344425,0.40300721165826264
0,70,39.15,2692.75,0,1,1,0,0,1,0,0,0,0,1,0,0,0,1,0,1,0,0,0,0,0,1,1,1,0,0,0.01966417139812767,0.7698523102366983
0,60,60.5,3694.45,0,1,1,1,1,0,0,0,0,0,1,0,1,0,1,0,0,0,0,0,0,0,1,0,0,0,0,0.01956106315081966,1.1834443206245893
0,69,64.15,4254.1,0,0,1,1,1,0,1,0,0,0,1,0,0,0,1,0,1,0,0,0,0,0,1,1,1,0,0,0.0194886931372165,1.2501996647524385
0,58,24.7,1519.0,0,0,0,0,1,0,1,0,1,1,0,1,0,1,0,1,0,1,0,1,0,0,1,1,1,0,0,0.01947526386922064,0.48103901756974976
0,67,74.0,4868.4,0,0,1,1,1,0,1,0,0,0,1,0,1,0,0,0,1,0,1,0,0,0,1,0,1,0,0,0.019453718292566462,1.4395751536499182
0,70,44.6,3058.15,0,0,0,0,0,1,0,0,0,0,1,0,1,0,1,0,1,0,0,0,0,0,1,1,0,0,0,0.01942854413559553,0.8665130684475607
0,72,82.3,5815.15,0,1,1,1,1,0,1,0,0,0,1,0,1,0,1,0,1,0,1,0,0,0,1,0,0,0,0,0.019350379929593757,1.5925362682055662
0,71,76.9,5522.7,0,1,0,1,1,0,0,0,0,0,1,0,1,0,1,0,1,0,1,0,0,0,1,1,1,0,0,0.01933705151900496,1.4870192618114817
0,72,70.45,5165.7,0,0,1,1,1,0,1,0,0,0,1,0,1,0,1,0,1,0,0,0,0,0,1,1,0,0,0,0.019324009086679795,1.3613764401565915
0,47,19.65,921.55,0,0,1,0,1,0,0,0,1,1,0,1,0,1,0,1,0,1,0,1,0,0,1,0,0,0,0,0.01928317528227354,0.37891439429667506
0,62,69.4,4237.5,0,1,0,0,1,0,1,0,0,0,1,0,1,0,1,0,1,0,0,0,0,0,1,0,0,0,0,0.01925495277666827,1.336293722700778
0,56,24.95,1468.9,0,0,1,1,1,0,1,0,1,1,0,1,0,1,0,1,0,1,0,1,0,0,1,1,1,0,0,0.019248067392202507,0.4802392814354525
0,72,66.5,4811.6,0,1,1,1,1,0,1,0,0,0,1,0,0,0,1,0,1,0,0,0,0,0,1,1,1,0,0,0.019228958906557823,1.2787257672860952
0,49,25.25,1211.65,0,0,1,1,1,0,1,0,1,1,0,1,0,1,0,1,0,1,0,1,0,0,1,0,0,0,1,0.019188292931018053,0.48450439650820587
0,67,36.15,2434.45,0,0,1,1,0,1,0,0,0,0,1,0,1,0,0,0,0,0,0,0,0,0,1,0,0,0,0,0.019187366630491358,0.6936233036922625
0,56,24.45,1385.85,0,0,1,1,1,0,1,0,1,1,0,1,0,1,0,1,0,1,0,1,0,0,1,1,0,0,1,0.019145409100705908,0.46810525251225943
0,72,80.2,5714.2,0,0,1,1,1,0,1,0,0,0,1,0,1,0,1,0,1,0,1,0,0,0,1,0,0,0,0,0.01910617033754879,1.532314861071413
0,67,54.2,3623.95,0,0,1,1,0,1,0,0,0,0,1,0,1,0,1,0,1,0,1,0,0,0,1,0,1,0,0,0.019080352076004833,1.034155082519462
0,51,60.5,3121.45,0,1,1,1,1,0,0,0,0,0,1,0,1,0,0,0,1,0,0,0,0,0,1,0,1,0,0,0.018943220292213743,1.1460648276789314
0,48,23.55,1173.35,0,1,1,1,1,0,1,0,1,1,0,1,0,1,0,1,0,1,0,1,0,0,1,0,0,0,1,0.018926229326618166,0.4457127006418578
0,71,53.95,3888.65,0,1,0,0,0,1,0,0,0,0,1,0,1,0,1,0,1,0,1,0,0,0,1,0,0,0,0,0.018923851659119997,1.0209417970095238
0,46,20.05,902.0,0,1,0,0,1,0,0,0,1,1,0,1,0,1,0,1,0,1,0,1,0,0,1,0,0,0,0,0.01885513903640228,0.37804553767986576
0,72,67.8,4804.65,0,1,1,0,1,0,1,0,0,0,1,0,1,0,1,0,1,0,0,0,0,0,1,1,0,0,0,0.018853877080145645,1.2782928660338746
0,72,79.2,5401.9,0,0,1,0,1,0,1,0,0,0,1,0,1,0,1,0,1,0,1,0,0,0,1,0,1,0,0,0.018767360783314032,1.4863749740384713
0,58,24.45,1513.6,0,1,0,0,1,0,1,0,1,1,0,1,0,1,0,1,0,1,0,1,0,0,1,1,1,0,0,0.018693053448168136,0.4570451568077109
0,67,50.55,3260.1,0,1,0,0,1,0,0,0,0,0,0,0,0,0,0,0,1,0,0,0,0,0,1,0,0,0,0,0.01867923949261072,0.9442355563514718
0,58,25.3,1474.35,0,1,0,0,1,0,1,0,1,1,0,1,0,1,0,1,0,1,0,1,0,0,1,1,1,0,0,0.018657016747898,0.4720225237218194
0,63,20.5,1328.15,0,1,0,0,1,0,0,0,1,1,0,1,0,1,0,1,0,1,0,1,0,1,0,0,0,0,1,0.018642231997850665,0.38216575595593866
0,47,20.15,1046.2,0,0,0,0,1,0,0,0,1,1,0,1,0,1,0,1,0,1,0,1,0,0,1,0,0,0,1,0.018632178816118148,0.37543840314478066
0,69,59.75,4069.9,0,1,1,1,1,0,0,0,0,0,1,0,1,0,1,0,0,0,0,0,0,0,1,1,0,0,0,0.01862200972535055,1.1126650810896952
0,70,26.05,1856.4,0,0,0,0,1,0,1,0,1,1,0,1,0,1,0,1,0,1,0,1,0,1,0,0,1,0,0,0.018538400365087044,0.48292532951051753
0,51,24.75,1234.6,0,1,0,0,1,0,1,0,1,1,0,1,0,1,0,1,0,1,0,1,0,0,1,0,0,0,1,0.018523896523793014,0.4584664389638771
0,64,69.25,4447.75,0,1,1,1,1,0,0,0,0,0,1,0,0,0,1,0,1,0,1,0,0,0,1,0,0,0,1,0.01851011473169575,1.2818254451699307
0,72,68.75,4888.2,0,0,1,1,1,0,0,0,0,0,1,0,1,0,1,0,0,0,0,0,1,0,1,0,1,0,0,0.018481023444550562,1.2705703618128512
0,67,67.85,4627.65,0,1,1,1,1,0,0,0,0,0,1,0,0,0,1,0,1,0,0,0,1,0,1,0,0,0,1,0.018438280599578034,1.2510373386813696
1,72,74.4,5360.75,0,1,1,0,1,0,0,0,0,0,1,0,1,0,1,0,1,0,1,0,0,0,1,0,0,0,0,0.018382772303898766,1.3676782594100683
0,72,59.75,4265.0,0,0,0,0,1,0,1,0,0,0,1,0,1,0,0,0,0,0,0,0,0,0,1,0,0,0,0,0.018207612163181213,1.0879048267500775
0,47,20.45,943.0,0,1,0,0,1,0,0,0,1,1,0,1,0,1,0,1,0,1,0,1,0,0,1,0,0,0,0,0.018188889176234527,0.37196278365399604
0,47,20.25,1029.8,0,0,0,0,1,0,0,0,1,1,0,1,0,1,0,1,0,1,0,1,0,0,1,0,1,0,0,0.018151117252930626,0.36756012437184515
0,47,19.65,973.1,0,1,1,0,1,0,0,0,1,1,0,1,0,1,0,1,0,1,0,1,0,0,1,0,0,0,1,0.018145035299581783,0.356549943636782
0,61,20.4,1226.45,0,1,1,1,1,0,0,0,1,1,0,1,0,1,0,1,0,1,0,1,0,1,0,0,0,0,1,0.018098855297593298,0.36921664807090326
0,72,74.55,5430.65,0,0,1,1,1,0,1,0,0,0,1,0,1,0,0,0,1,0,1,0,0,0,1,0,0,0,1,0.018064709546724636,1.3467240967083216
0,56,24.8,1424.2,0,1,0,1,1,0,1,0,1,1,0,1,0,1,0,1,0,1,0,1,0,0,1,1,0,0,1,0.018057990777927864,0.44783817129261105
0,55,56.8,3112.05,0,0,1,0,1,0,0,0,0,0,1,0,1,0,0,0,1,0,0,0,0,0,1,0,0,0,1,0.018054708392294887,1.0255074366823496
0,72,55.65,3880.05,0,0,1,1,0,1,0,0,0,0,1,0,1,0,1,0,1,0,0,0,1,0,1,0,1,0,0,0.01804007380352119,1.0039301071659543
0,70,65.3,4759.75,1,0,1,0,1,0,1,0,0,0,1,0,0,0,1,0,1,0,0,0,0,0,1,0,1,0,0,0.018001502895934544,1.1754981391045256
0,63,75.55,4707.85,0,0,1,1,1,0,0,0,0,0,1,0,1,0,1,0,1,0,1,0,0,0,1,0,1,0,0,0.017990488683346895,1.359181420026858
0,45,20.85,892.15,0,0,1,1,1,0,0,0,1,1,0,1,0,1,0,1,0,1,0,1,0,0,1,0,0,0,1,0.017979890436103416,0.37488071559275626
0,44,19.9,868.1,0,0,0,1,1,0,0,0,1,1,0,1,0,1,0,1,0,1,0,1,0,0,1,0,0,0,1,0.017964772559856294,0.3574989739411402
0,72,42.1,2962.0,0,1,1,0,0,1,0,0,0,0,1,0,1,0,1,0,0,0,0,0,0,0,1,0,0,0,0,0.01794962194036654,0.7556790836894314
0,54,20.5,1035.7,0,0,0,0,1,0,0,0,1,1,0,1,0,1,0,1,0,1,0,1,0,0,1,1,0,0,1,0.017883087657598763,0.36660329698077465
0,62,19.95,1244.8,0,1,1,1,1,0,0,0,1,1,0,1,0,1,0,1,0,1,0,1,0,1,0,0,0,0,0,0.01786552676858555,0.3564172590332817
0,50,24.95,1261.45,0,1,1,1,1,0,1,0,1,1,0,1,0,1,0,1,0,1,0,1,0,0,1,0,0,0,1,0.01775234595259173,0.44292103151716367
0,69,20.35,1442.65,0,0,1,1,1,0,0,0,1,1,0,1,0,1,0,1,0,1,0,1,0,1,0,1,1,0,0,0.017739318947723095,0.360995140586165
0,61,19.1,1143.8,0,0,1,1,1,0,0,0,1,1,0,1,0,1,0,1,0,1,0,1,0,1,0,0,1,0,0,0.017704245653015472,0.3381510919725955
0,44,19.55,819.95,0,1,0,1,1,0,0,0,1,1,0,1,0,1,0,1,0,1,0,1,0,0,1,0,0,0,0,0.01768439693138694,0.3457299600086147
0,46,20.25,890.35,0,0,1,1,1,0,0,0,1,1,0,1,0,1,0,1,0,1,0,1,0,0,1,0,0,0,0,0.01762235699411856,0.3568527291309008
0,72,55.3,3983.6,0,1,1,1,1,0,1,0,0,0,1,0,0,0,0,0,0,0,0,0,0,0,1,0,0,0,0,0.017619940719133594,0.9743827217680877
0,46,19.2,908.15,0,1,0,0,1,0,0,0,1,1,0,1,0,1,0,1,0,1,0,1,0,0,1,0,1,0,0,0.017616162745611928,0.338230324715749
0,65,59.6,3739.8,0,0,0,0,1,0,0,0,0,0,1,0,1,0,0,0,1,0,0,0,0,0,1,1,0,0,1,0.017520214658447525,1.0442047936434724
0,68,70.9,4911.35,0,0,1,0,1,0,1,0,0,0,1,0,1,0,1,0,1,0,0,0,0,0,1,0,1,0,0,0.017496871562819635,1.2405281938039123
0,45,20.35,929.2,0,1,1,1,1,0,0,0,1,1,0,1,0,1,0,1,0,1,0,1,0,0,1,0,0,0,1,0.017413983983942723,0.35437457407323447
0,55,25.7,1443.65,0,1,1,0,1,0,1,0,1,1,0,1,0,1,0,1,0,1,0,1,0,0,1,0,0,0,0,0.01736691994885558,0.44632984268558834
0,46,19.4,967.85,0,0,1,1,1,0,0,0,1,1,0,1,0,1,0,1,0,1,0,1,0,0,1,0,0,0,1,0.017175639867981807,0.333207413438847
0,64,19.8,1336.65,0,0,1,1,1,0,0,0,1,1,0,1,0,1,0,1,0,1,0,1,0,1,0,0,0,0,0,0.017126252224930597,0.33909979405362584
0,67,60.4,3953.7,0,1,1,1,1,0,0,0,0,0,1,0,0,0,1,0,1,0,0,0,0,0,1,1,0,0,0,0.01707814536772931,1.0315199802108503
0,63,74.5,4674.55,0,1,1,1,1,0,0,0,0,0,1,0,1,0,1,0,1,0,1,0,0,0,1,0,1,0,0,0.016992284057341482,1.2659251622719405
0,54,20.35,1092.35,0,0,1,1,1,0,0,0,1,1,0,1,0,1,0,1,0,1,0,1,0,0,1,1,0,0,0,0.01698774701440826,0.34570065174320813
0,71,77.35,5550.1,0,0,0,0,1,0,0,0,0,0,1,0,1,0,1,0,1,0,1,0,0,0,1,0,1,0,0,0.016982067687854305,1.3135629356555303
0,69,20.55,1403.1,0,1,1,1,1,0,0,0,1,1,0,1,0,1,0,1,0,1,0,1,0,1,0,1,1,0,0,0.01694571326898371,0.34823440767761527
0,53,24.6,1279.0,0,1,0,0,1,0,1,0,1,1,0,1,0,1,0,1,0,1,0,1,0,0,1,0,0,0,1,0.01689128918935078,0.4155257140580292
0,72,48.9,3527.0,0,1,1,1,0,1,0,0,0,0,1,0,0,0,1,0,1,0,1,0,0,0,1,0,0,0,1,0.016889137902185235,0.8258788434168579
1,51,19.6,967.9,0,0,0,0,1,0,0,0,1,1,0,1,0,1,0,1,0,1,0,1,0,0,1,0,1,0,0,0.016827399846252526,0.3298170369865495
0,56,19.55,1080.55,0,0,0,0,1,0,0,0,1,1,0,1,0,1,0,1,0,1,0,1,0,0,1,1,0,0,0,0.016801549412831608,0.32847029102085795
0,57,19.6,1134.25,0,0,1,0,1,0,0,0,1,1,0,1,0,1,0,1,0,1,0,1,0,0,1,1,0,0,0,0.016794998316640906,0.3291819670061618
0,46,19.4,958.15,0,0,1,1,1,0,0,0,1,1,0,1,0,1,0,1,0,1,0,1,0,0,1,0,1,0,0,0.01674494911226654,0.3248520127779708
0,48,20.65,1057.0,0,0,1,1,1,0,0,0,1,1,0,1,0,1,0,1,0,1,0,1,0,0,1,0,0,0,0,0.016713987263662404,0.34514383699462864
0,67,70.9,4677.1,0,1,1,0,1,0,1,0,0,0,1,0,1,0,1,0,1,0,0,0,0,0,1,0,1,0,0,0.01664390865397081,1.1800531235665306
0,48,19.25,855.1,0,1,1,0,1,0,0,0,1,1,0,1,0,1,0,1,0,1,0,1,0,0,1,0,0,0,1,0.0166144865928871,0.31982886691307666
0,60,59.85,3483.45,0,0,1,0,1,0,0,0,0,0,1,0,1,0,0,0,1,0,0,0,0,0,1,0,0,0,0,0.016580105120226712,0.9923192914455687
0,47,19.3,890.5,0,0,1,1,1,0,0,0,1,1,0,1,0,1,0,1,0,1,0,1,0,0,1,0,0,0,0,0.016573506211108025,0.3198686698743849
0,52,25.75,1345.85,0,1,1,1,1,0,1,0,1,1,0,1,0,1,0,1,0,1,0,1,0,0,1,0,0,0,1,0.016529183605175347,0.4256264778332652
0,53,19.4,1110.35,0,1,1,1,1,0,0,0,1,1,0,1,0,1,0,1,0,1,0,1,0,0,1,1,0,0,1,0.016508627900609113,0.32026738127181675
0,48,20.2,1027.25,0,0,1,1,1,0,0,0,1,1,0,1,0,1,0,1,0,1,0,1,0,0,1,0,0,0,0,0.016499878173716023,0.3332975391090637
0,66,68.75,4447.55,0,1,0,0,1,0,1,0,0,0,1,0,1,0,1,0,1,0,0,0,0,0,1,0,0,0,0,0.0164935661250303,1.133932671095833
0,70,67.95,4664.15,0,1,1,0,1,0,0,0,0,0,1,0,1,0,0,0,1,0,0,0,1,0,1,0,0,0,1,0.016409644866259794,1.115035368662353
0,48,20.15,982.95,0,1,0,0,1,0,0,0,1,1,0,1,0,1,0,1,0,1,0,1,0,0,1,0,1,0,0,0.016384557832746463,0.3301488403298412
0,68,38.9,2719.2,0,0,0,0,0,1,0,0,0,0,1,0,0,0,1,0,1,0,0,0,0,0,1,0,0,0,1,0.016312672089245046,0.6345629442716323
0,47,19.75,948.9,0,0,1,1,1,0,0,0,1,1,0,1,0,1,0,1,0,1,0,1,0,0,1,0,0,0,1,0.01628786758419303,0.32168538478781233
0,71,24.5,1816.2,0,1,1,0,1,0,1,0,1,1,0,1,0,1,0,1,0,1,0,1,0,0,1,1,0,1,0,0.01627846195923348,0.3988223180012202
0,47,20.05,1016.7,0,0,1,1,1,0,0,0,1,1,0,1,0,1,0,1,0,1,0,1,0,0,1,0,1,0,0,0.01627277318804019,0.3262691024202058
0,52,23.05,1255.1,0,0,1,1,1,0,1,0,1,1,0,1,0,1,0,1,0,1,0,1,0,0,1,0,0,0,1,0.01626365658665201,0.3748772843223288
0,52,24.55,1331.05,0,1,1,1,1,0,1,0,1,1,0,1,0,1,0,1,0,1,0,1,0,0,1,0,0,0,1,0.016256882455234562,0.3991064642760085
1,71,46.35,3353.4,0,1,1,0,0,1,0,0,0,0,1,0,1,0,1,0,1,0,0,0,0,0,1,0,1,0,0,0.016253721610191688,0.7533599966323847
0,62,25.8,1563.95,0,0,0,0,1,0,1,0,1,1,0,1,0,1,0,1,0,1,0,1,0,0,1,1,1,0,0,0.016235152838905666,0.4188669432437662
0,50,20.55,1067.65,0,1,1,0,1,0,0,0,1,1,0,1,0,1,0,1,0,1,0,1,0,0,1,0,0,0,1,0.016108627075107216,0.3310322863934533
0,48,19.85,916.0,0,1,0,0,1,0,0,0,1,1,0,1,0,1,0,1,0,1,0,1,0,0,1,0,1,0,0,0.016034754721187625,0.3182898812155744
0,52,24.8,1229.1,0,1,1,1,1,0,1,0,1,1,0,1,0,1,0,1,0,1,0,1,0,0,1,0,0,0,1,0.015847850568051013,0.3930266940876651
0,46,19.95,862.4,0,1,1,1,1,0,0,0,1,1,0,1,0,1,0,1,0,1,0,1,0,0,1,0,1,0,0,0.015806966084708236,0.3153489733899293
0,46,19.75,856.5,0,1,1,1,1,0,0,0,1,1,0,1,0,1,0,1,0,1,0,1,0,0,1,0,1,0,0,0.015748326072913106,0.31102943994003385
0,72,64.45,4720.0,0,1,1,1,1,0,1,0,0,0,1,0,1,0,1,0,0,0,0,0,0,0,1,0,1,0,0,0.01573177655262166,1.013912998816466
0,51,20.65,1020.75,0,0,0,0,1,0,0,0,1,1,0,1,0,1,0,1,0,1,0,1,0,0,1,0,0,0,0,0.015725814093664216,0.324738061034166
0,67,35.7,2545.7,0,0,1,1,0,1,0,0,0,0,1,0,0,0,0,0,1,0,0,0,0,0,1,0,1,0,0,0.015720876450967165,0.5612352892995278
0,47,20.25,873.4,0,0,1,1,1,0,0,0,1,1,0,1,0,1,0,1,0,1,0,1,0,0,1,0,1,0,0,0.01567536692104628,0.3174261801511872
0,55,57.55,3046.4,1,1,1,1,1,0,0,0,0,0,1,0,1,0,0,0,1,0,0,0,0,0,1,0,0,0,0,0.01556353656647435,0.8956815294005988
0,72,64.75,4804.75,0,0,1,0,1,0,1,0,0,0,1,0,1,0,0,0,1,0,0,0,0,0,1,0,0,0,0,0.015523669875843004,1.0051576244608345
0,52,25.6,1334.5,0,1,0,1,1,0,1,0,1,1,0,1,0,1,0,1,0,1,0,1,0,0,1,0,1,0,0,0.015515699471803115,0.3972019064781598
1,64,24.4,1548.65,0,1,1,1,1,0,1,0,1,1,0,1,0,1,0,1,0,1,0,1,0,0,1,1,0,0,0,0.015481936314067414,0.3777592460632449
0,48,20.0,935.9,0,0,1,1,1,0,0,0,1,1,0,1,0,1,0,1,0,1,0,1,0,0,1,0,0,0,1,0.015454456240387477,0.3090891248077495
0,61,24.1,1551.6,0,0,1,1,1,0,1,0,1,1,0,1,0,1,0,1,0,1,0,1,0,0,1,1,0,0,1,0.015434791080864839,0.37197846504884263
0,50,19.4,1023.95,0,0,0,0,1,0,0,0,1,1,0,1,0,1,0,1,0,1,0,1,0,0,1,0,1,0,0,0.015390092065754124,0.29856778607563
0,66,65.7,4378.9,0,1,0,1,1,0,1,0,0,0,1,0,1,0,0,0,1,0,0,0,0,0,1,0,0,0,0,0.015361147867096836,1.009227414868262
0,71,65.15,4681.75,0,1,1,0,1,0,1,0,0,0,1,0,1,0,0,0,1,0,0,0,0,0,1,0,0,0,0,0.015289457301099946,0.9961081431666616
0,53,25.55,1336.1,0,1,1,1,1,0,1,0,1,1,0,1,0,1,0,1,0,1,0,1,0,0,1,0,1,0,0,0.0152724312604949,0.3902106187056447
0,72,66.85,4758.8,0,0,1,1,1,0,1,0,0,0,1,0,0,0,1,0,1,0,0,0,0,0,1,0,0,0,0,0.015253793886558417,1.01971612131643
0,48,19.55,883.35,0,0,1,1,1,0,0,0,1,1,0,1,0,1,0,1,0,1,0,1,0,0,1,0,0,0,1,0.015160594669270784,0.2963896257842438
1,68,19.5,1193.55,0,1,1,1,1,0,0,0,1,1,0,1,0,1,0,1,0,1,0,1,0,1,0,0,0,0,0,0.015014842805719445,0.2927894347115292
0,61,24.2,1445.2,0,0,1,1,1,0,1,0,1,1,0,1,0,1,0,1,0,1,0,1,0,0,1,1,0,0,1,0.01500410908292338,0.3630994398067458
1,61,25.0,1501.75,0,1,1,0,1,0,1,0,1,1,0,1,0,1,0,1,0,1,0,1,0,0,1,0,0,0,0,0.015002386420835767,0.3750596605208942
0,65,58.9,3857.1,0,0,1,0,1,0,0,0,0,0,1,0,0,0,1,0,1,0,0,0,0,0,1,0,1,0,0,0.014809173300699911,0.8722603074112247
0,52,21.0,1107.2,0,1,0,0,1,0,0,0,1,1,0,1,0,1,0,1,0,1,0,1,0,0,1,0,0,0,0,0.014793263225452295,0.3106585277344982
0,65,25.1,1725.0,0,1,0,0,1,0,1,0,1,1,0,1,0,1,0,1,0,1,0,1,0,0,1,1,0,0,0,0.014782990326999094,0.3710530572076773
0,66,58.2,3810.8,0,0,1,1,1,0,0,0,0,0,1,0,1,0,0,0,1,0,0,0,0,0,1,1,1,0,0,0.01473675080649026,0.8576788969377331
0,69,61.4,4059.85,0,0,1,1,1,0,1,0,0,0,1,0,0,0,0,0,1,0,0,0,0,0,1,0,1,0,0,0.014703605545530485,0.9028013804955718
0,51,20.45,1042.65,0,1,0,0,1,0,0,0,1,1,0,1,0,1,0,1,0,1,0,1,0,0,1,0,0,0,1,0.01464324511791968,0.2994543626614575
0,71,71.1,5224.95,0,0,1,1,1,0,1,0,0,0,1,0,1,0,1,0,1,0,0,0,0,0,1,0,0,0,1,0.014572537421266064,1.036107410652017
0,57,20.1,1087.7,0,0,1,1,1,0,0,0,1,1,0,1,0,1,0,1,0,1,0,1,0,0,1,1,0,0,0,0.014496606369712329,0.29138178803121784
0,50,20.15,930.9,0,0,1,1,1,0,0,0,1,1,0,1,0,1,0,1,0,1,0,1,0,0,1,0,0,0,0,0.014485037983151173,0.2918735153604961
0,61,25.0,1498.35,0,0,0,1,1,0,1,0,1,1,0,1,0,1,0,1,0,1,0,1,0,0,1,1,1,0,0,0.014479074624537897,0.36197686561344744
0,56,19.8,1119.9,0,0,1,1,1,0,0,0,1,1,0,1,0,1,0,1,0,1,0,1,0,0,1,1,1,0,0,0.014443692107444504,0.2859851037274012
0,59,20.2,1192.3,0,1,0,0,1,0,0,0,1,1,0,1,0,1,0,1,0,1,0,1,0,0,1,1,0,0,0,0.014401526663712716,0.29091083860699685
0,58,19.15,1035.5,0,1,0,0,1,0,0,0,1,1,0,1,0,1,0,1,0,1,0,1,0,0,1,1,0,0,0,0.014363522182027254,0.2750614497858219
0,49,20.45,1024.65,0,0,0,1,1,0,0,0,1,1,0,1,0,1,0,1,0,1,0,1,0,0,1,0,1,0,0,0.014251129969302367,0.2914356078722334
0,60,20.5,1198.8,0,1,1,0,1,0,0,0,1,1,0,1,0,1,0,1,0,1,0,1,0,0,1,1,0,0,0,0.014246768945059211,0.29205876337371384
0,50,20.55,1070.25,0,0,1,1,1,0,0,0,1,1,0,1,0,1,0,1,0,1,0,1,0,0,1,0,1,0,0,0.014221179082469396,0.2922452301447461
0,62,24.25,1424.6,0,1,1,1,1,0,1,0,1,1,0,1,0,1,0,1,0,1,0,1,0,0,1,1,0,0,0,0.014192475544061197,0.34416753194348404
0,67,25.6,1790.35,0,0,0,0,1,0,1,0,1,1,0,1,0,1,0,1,0,1,0,1,0,0,1,1,0,0,0,0.014162177834913341,0.3625517525737816
0,56,24.15,1402.25,0,1,1,1,1,0,1,0,1,1,0,1,0,1,0,1,0,1,0,1,0,0,1,0,0,0,0,0.013954770378234874,0.3370077046343722
0,65,25.3,1748.55,0,0,1,1,1,0,1,0,1,1,0,1,0,1,0,1,0,1,0,1,0,0,1,1,0,0,0,0.013947640300150239,0.35287529959380104
0,70,19.7,1341.5,0,0,0,0,1,0,0,0,1,1,0,1,0,1,0,1,0,1,0,1,0,1,0,0,0,0,0,0.013946009224739453,0.2747363817273672
0,69,46.25,3121.4,0,0,1,1,0,1,0,0,0,0,1,0,1,0,1,0,1,0,0,0,0,0,1,0,0,0,0,0.013881177675271136,0.64200446748129
0,72,69.65,4908.25,0,1,0,0,1,0,1,0,0,0,1,0,1,0,1,0,1,0,0,0,0,0,1,0,0,0,0,0.0138725669312417,0.9662242867609845
0,58,24.35,1423.85,0,0,0,0,1,0,1,0,1,1,0,1,0,1,0,1,0,1,0,1,0,0,1,0,1,0,0,0.013742539304187491,0.3346308320569654
0,52,19.65,1025.05,0,1,0,0,1,0,0,0,1,1,0,1,0,1,0,1,0,1,0,1,0,0,1,0,0,0,1,0.013723419131814789,0.2696651859401606
0,69,39.1,2779.5,0,1,1,1,0,1,0,0,0,0,1,0,0,0,1,0,1,0,0,0,0,0,1,0,0,0,1,0.013711439629739652,0.5361172895228205
0,53,20.25,1048.45,0,0,0,0,1,0,0,0,1,1,0,1,0,1,0,1,0,1,0,1,0,0,1,0,0,0,1,0.01369859970302245,0.2773966439862046
0,52,20.1,1078.75,0,0,1,1,1,0,0,0,1,1,0,1,0,1,0,1,0,1,0,1,0,0,1,0,0,0,0,0.013600717834059488,0.27337442846459575
0,67,26.1,1759.55,0,0,0,0,1,0,1,0,1,1,0,1,0,1,0,1,0,1,0,1,0,0,1,1,0,0,1,0.013585904354424621,0.3545921036504826
0,61,25.3,1554.9,0,0,1,0,1,0,1,0,1,1,0,1,0,1,0,1,0,1,0,1,0,0,1,0,0,0,0,0.013580612150355094,0.3435894874039839
0,51,19.95,1028.75,0,0,1,1,1,0,0,0,1,1,0,1,0,1,0,1,0,1,0,1,0,0,1,0,0,0,1,0.01357361326590428,0.27079358465479036
0,66,25.15,1683.6,0,0,0,0,1,0,1,0,1,1,0,1,0,1,0,1,0,1,0,1,0,0,1,1,1,0,0,0.013557891830427311,0.34098097953524686
0,53,19.9,1110.05,0,1,1,0,1,0,0,0,1,1,0,1,0,1,0,1,0,1,0,1,0,0,1,0,1,0,0,0.013553602814218257,0.2697166960029433
0,67,25.25,1733.15,0,0,1,0,1,0,1,0,1,1,0,1,0,1,0,1,0,1,0,1,0,0,1,1,1,0,0,0.01354415048901329,0.34198979984758554
0,58,19.85,1158.85,0,0,1,1,1,0,0,0,1,1,0,1,0,1,0,1,0,1,0,1,0,0,1,1,0,0,1,0.013477563685817047,0.2675296391634684
0,70,26.0,2006.95,0,0,1,0,1,0,1,0,1,1,0,1,0,1,0,1,0,1,0,1,0,0,1,1,0,0,0,0.013403549471098905,0.34849228624857154
0,72,38.5,2763.0,0,1,1,1,0,1,0,0,0,0,1,0,1,0,1,0,0,0,0,0,0,0,1,0,1,0,0,0.013390394266746005,0.5155301792697212
0,53,19.65,978.0,0,1,0,0,1,0,0,0,1,1,0,1,0,1,0,1,0,1,0,1,0,0,1,0,0,0,0,0.01336601043776596,0.2626421051021011
0,54,20.05,1102.4,0,0,1,0,1,0,0,0,1,1,0,1,0,1,0,1,0,1,0,1,0,0,1,0,1,0,0,0.013350425497894594,0.2676760312327866
0,53,19.85,1049.6,0,0,0,0,1,0,0,0,1,1,0,1,0,1,0,1,0,1,0,1,0,0,1,0,1,0,0,0.013337994507958074,0.2647591909829678
0,53,18.7,1005.7,0,0,0,0,1,0,0,0,1,1,0,1,0,1,0,1,0,1,0,1,0,0,1,0,0,0,1,0.013319712328509876,0.24907862054313468
0,50,20.15,970.85,0,0,0,1,1,0,0,0,1,1,0,1,0,1,0,1,0,1,0,1,0,0,1,0,1,0,0,0.013292118992305823,0.2678361976949623
0,59,25.0,1510.5,0,1,0,0,1,0,1,0,1,1,0,1,0,1,0,1,0,1,0,1,0,0,1,0,0,0,1,0.01326671650059634,0.3316679125149085
0,72,68.15,4808.7,0,1,1,0,1,0,1,0,0,0,1,0,1,0,1,0,1,0,0,0,0,0,1,0,0,0,1,0.01325449812305311,0.9032940470860695
0,64,24.05,1559.15,0,0,1,1,1,0,1,0,1,1,0,1,0,1,0,1,0,1,0,1,0,0,1,1,0,0,1,0.013240525587999461,0.318434640391387
0,72,69.85,5102.35,0,1,1,1,1,0,1,0,0,0,1,0,1,0,1,0,1,0,0,0,0,0,1,0,0,0,0,0.01321963226901795,0.9233913139909038
0,57,19.6,1170.55,0,1,0,1,1,0,0,0,1,1,0,1,0,1,0,1,0,1,0,1,0,0,1,1,0,0,1,0.013200738580619155,0.25873447618013545
0,62,24.4,1413.0,0,1,0,1,1,0,1,0,1,1,0,1,0,1,0,1,0,1,0,1,0,0,1,1,0,0,1,0.013156031323432705,0.32100716429175796
0,54,20.1,1079.45,0,0,0,0,1,0,0,0,1,1,0,1,0,1,0,1,0,1,0,1,0,0,1,0,0,0,1,0.013099915805906779,0.26330830769872626
0,60,25.0,1505.05,0,0,0,0,1,0,1,0,1,1,0,1,0,1,0,1,0,1,0,1,0,0,1,0,0,0,1,0.013055191990151562,0.32637979975378906
0,61,25.45,1538.6,0,1,1,0,1,0,1,0,1,1,0,1,0,1,0,1,0,1,0,1,0,0,1,0,0,0,0,0.013047387857766914,0.33205602098016795
0,52,19.85,1070.5,0,0,1,1,1,0,0,0,1,1,0,1,0,1,0,1,0,1,0,1,0,0,1,0,0,0,1,0.013025773818510408,0.25856161029743163
1,64,25.65,1740.8,0,1,1,0,1,0,1,0,1,1,0,1,0,1,0,1,0,1,0,1,0,0,1,0,1,0,0,0.013000835561250904,0.33347143214608566
1,64,20.05,1198.05,0,1,0,0,1,0,0,0,1,1,0,1,0,1,0,1,0,1,0,1,0,0,1,1,0,0,0,0.012982142328042096,0.260291953677244
1,72,25.7,1937.4,0,0,1,0,1,0,1,0,1,1,0,1,0,1,0,1,0,1,0,1,0,0,1,1,1,0,0,0.012978504777405291,0.33354757277931596
0,51,19.55,1086.75,0,1,1,1,1,0,0,0,1,1,0,1,0,1,0,1,0,1,0,1,0,0,1,0,1,0,0,0.012936201120476087,0.2529027319053075
0,54,20.0,1149.65,0,1,0,0,1,0,0,0,1,1,0,1,0,1,0,1,0,1,0,1,0,0,1,0,0,0,1,0.012856225294677167,0.25712450589354335
0,52,19.35,1031.7,0,0,1,1,1,0,0,0,1,1,0,1,0,1,0,1,0,1,0,1,0,0,1,0,0,0,1,0.012819440362818976,0.2480561710205472
0,72,66.75,4760.3,0,0,1,1,1,0,1,0,0,0,1,0,1,0,0,0,1,0,0,0,0,0,1,0,1,0,0,0.012809761115988198,0.8550515544922122
0,53,19.5,1050.5,0,1,0,0,1,0,0,0,1,1,0,1,0,1,0,1,0,1,0,1,0,0,1,0,1,0,0,0.01280794510183591,0.24975492948580025
0,58,25.15,1509.9,0,0,1,1,1,0,1,0,1,1,0,1,0,1,0,1,0,1,0,1,0,0,1,0,1,0,0,0.012790451406621018,0.32167985287651857
0,53,20.9,1146.05,0,0,1,1,1,0,0,0,1,1,0,1,0,1,0,1,0,1,0,1,0,0,1,0,0,0,1,0.012770199879358745,0.26689717747859776
1,72,25.0,1802.55,0,1,1,0,1,0,1,0,1,1,0,1,0,1,0,1,0,1,0,1,0,0,1,1,0,0,0,0.012713516190540442,0.31783790476351104
0,64,24.8,1514.85,0,1,1,1,1,0,1,0,1,1,0,1,0,1,0,1,0,1,0,1,0,0,1,1,0,0,1,0.01270202887865792,0.3150103161907164
0,63,63.55,4014.2,0,0,1,1,1,0,0,0,0,0,1,0,1,0,1,0,1,0,0,0,0,0,1,0,0,0,1,0.01269538268863365,0.8067915698626684
0,60,20.95,1270.55,0,1,1,1,1,0,0,0,1,1,0,1,0,1,0,1,0,1,0,1,0,0,1,1,0,0,0,0.012694931618754034,0.265958817412897
0,72,68.4,4855.35,0,1,1,1,1,0,0,0,0,0,1,0,1,0,0,0,1,0,1,0,0,0,1,0,0,0,0,0.012611968738156072,0.8626586616898754
0,59,25.45,1534.05,0,0,1,1,1,0,1,0,1,1,0,1,0,1,0,1,0,1,0,1,0,0,1,0,0,0,1,0.01254881274628278,0.31936728439289674
0,61,24.4,1417.9,0,0,1,0,1,0,1,0,1,1,0,1,0,1,0,1,0,1,0,1,0,0,1,0,0,0,1,0.01246638216703644,0.3041797248756891
0,72,72.1,5016.65,0,1,1,1,1,0,1,0,0,0,1,0,1,0,1,0,1,0,0,0,0,0,1,0,1,0,0,0.012434351807701275,0.8965167653352619
0,52,19.2,1054.75,0,1,1,1,1,0,0,0,1,1,0,1,0,1,0,1,0,1,0,1,0,0,1,0,0,0,1,0.012411399006876895,0.23829886093203637
0,68,24.95,1614.9,0,0,1,0,1,0,1,0,1,1,0,1,0,1,0,1,0,1,0,1,0,0,1,1,1,0,0,0.012408940058694013,0.3096030544644156
1,71,24.65,1766.75,0,1,0,0,1,0,1,0,1,1,0,1,0,1,0,1,0,1,0,1,0,0,1,1,0,0,1,0.012262388441717892,0.302267875088346
0,63,19.95,1234.8,0,1,1,0,1,0,0,0,1,1,0,1,0,1,0,1,0,1,0,1,0,0,1,1,0,0,0,0.01225142891072101,0.24441600676888414
0,62,23.65,1416.75,0,0,1,0,1,0,1,0,1,1,0,1,0,1,0,1,0,1,0,1,0,0,1,0,0,0,0,0.012200107889411047,0.28853255158457125
0,57,19.9,1115.6,0,0,1,0,1,0,0,0,1,1,0,1,0,1,0,1,0,1,0,1,0,0,1,0,0,0,0,0.012177807693974503,0.2423383731100926
1,67,20.05,1263.05,0,0,1,0,1,0,0,0,1,1,0,1,0,1,0,1,0,1,0,1,0,0,1,1,0,0,0,0.012176206936280328,0.24413294907242059
0,56,19.7,1051.9,0,0,0,0,1,0,0,0,1,1,0,1,0,1,0,1,0,1,0,1,0,0,1,0,0,0,0,0.012129820474383863,0.2389574633453621
0,69,24.95,1718.35,0,0,1,0,1,0,1,0,1,1,0,1,0,1,0,1,0,1,0,1,0,0,1,1,1,0,0,0.012125292441763805,0.3025260464220069
0,63,20.6,1298.7,0,0,0,0,1,0,0,0,1,1,0,1,0,1,0,1,0,1,0,1,0,0,1,1,0,0,1,0.012097444025076148,0.24920734691656868
0,54,19.65,1008.7,0,1,0,0,1,0,0,0,1,1,0,1,0,1,0,1,0,1,0,1,0,0,1,0,1,0,0,0.012041320413873671,0.23661194613261763
0,53,19.75,1052.35,1,1,0,1,1,0,0,0,1,1,0,1,0,1,0,1,0,1,0,1,0,0,1,0,0,0,0,0.011873836048728728,0.23450826196239238
0,67,24.9,1680.25,0,0,1,1,1,0,1,0,1,1,0,1,0,1,0,1,0,1,0,1,0,0,1,1,0,0,1,0.011828397973785664,0.294527109547263
0,68,24.15,1498.85,0,1,0,0,1,0,1,0,1,1,0,1,0,1,0,1,0,1,0,1,0,0,1,1,0,0,0,0.01177464820530483,0.28435775415811165
0,66,25.3,1672.35,0,1,1,1,1,0,1,0,1,1,0,1,0,1,0,1,0,1,0,1,0,0,1,1,1,0,0,0.011754738916089726,0.2973948945770701
0,55,21.0,1210.3,0,0,1,1,1,0,0,0,1,1,0,1,0,1,0,1,0,1,0,1,0,0,1,0,0,0,1,0.011733551554868727,0.24640458265224327
0,64,25.55,1714.95,0,0,1,0,1,0,1,0,1,1,0,1,0,1,0,1,0,1,0,1,0,0,1,0,0,0,1,0.011728679220160973,0.29966775407511287
0,71,54.5,3778.2,0,1,1,0,1,0,0,0,0,0,1,0,0,0,0,0,1,0,0,0,0,0,1,0,0,0,0,0.011712687847806123,0.6383414877054338
0,62,19.2,1123.65,0,0,0,0,1,0,0,0,1,1,0,1,0,1,0,1,0,1,0,1,0,0,1,1,1,0,0,0.011690542550817633,0.22445841697569854
0,60,19.25,1103.25,0,0,1,1,1,0,0,0,1,1,0,1,0,1,0,1,0,1,0,1,0,0,1,1,1,0,0,0.01162404161967198,0.22376280117868563
0,62,20.05,1201.65,0,1,0,0,1,0,0,0,1,1,0,1,0,1,0,1,0,1,0,1,0,0,1,1,1,0,0,0.01161278966087471,0.23283643270053792
0,71,24.65,1710.15,0,0,1,0,1,0,1,0,1,1,0,1,0,1,0,1,0,1,0,1,0,0,1,1,0,0,0,0.011559903024213655,0.2849516095468666
0,71,24.55,1719.15,0,0,0,0,1,0,1,0,1,1,0,1,0,1,0,1,0,1,0,1,0,0,1,0,0,1,0,0.01153170648391832,0.28310339418019476
1,72,25.1,1789.9,0,1,0,0,1,0,1,0,1,1,0,1,0,1,0,1,0,1,0,1,0,0,1,1,1,0,0,0.011508218329846782,0.28885628007915426
0,72,25.25,1841.2,0,0,1,0,1,0,1,0,1,1,0,1,0,1,0,1,0,1,0,1,0,0,1,1,0,0,0,0.011454013363080592,0.28921383741778495
0,72,24.55,1750.7,0,0,1,0,1,0,1,0,1,1,0,1,0,1,0,1,0,1,0,1,0,0,1,0,0,1,0,0.011450703283335998,0.28111476560589876
0,57,20.65,1125.6,0,1,0,0,1,0,0,0,1,1,0,1,0,1,0,1,0,1,0,1,0,0,1,0,0,0,0,0.011439671195831244,0.23622921019391516
0,63,24.2,1618.2,0,0,0,0,1,0,1,0,1,1,0,1,0,1,0,1,0,1,0,1,0,0,1,0,0,0,1,0.011437149656054146,0.2767790216765103
0,63,19.35,1263.85,0,0,1,1,1,0,0,0,1,1,0,1,0,1,0,1,0,1,0,1,0,0,1,0,0,1,0,0.011433770545933412,0.22124346006381154
0,55,19.35,1153.25,0,1,1,1,1,0,0,0,1,1,0,1,0,1,0,1,0,1,0,1,0,0,1,0,0,0,0,0.011364705294626517,0.21990704745102313
0,62,23.4,1429.65,0,1,0,0,1,0,1,0,1,1,0,1,0,1,0,1,0,1,0,1,0,0,1,0,0,0,0,0.011350060117047674,0.26559140673891557
0,66,25.3,1673.8,0,1,0,1,1,0,1,0,1,1,0,1,0,1,0,1,0,1,0,1,0,0,1,1,1,0,0,0.011343692083878507,0.2869954097221262
0,71,25.95,1801.9,0,0,1,0,1,0,1,0,1,1,0,1,0,1,0,1,0,1,0,1,0,0,1,1,1,0,0,0.011306448596278277,0.2934023410734213
0,55,20.3,1079.05,0,0,1,1,1,0,0,0,1,1,0,1,0,1,0,1,0,1,0,1,0,0,1,0,0,0,1,0.011232005950737584,0.22800972079997295
0,65,26.5,1698.55,0,0,0,0,1,0,1,0,1,1,0,1,0,1,0,1,0,1,0,1,0,0,1,0,0,0,0,0.011223975513600593,0.29743535111041575
0,54,20.4,1090.6,0,1,1,1,1,0,0,0,1,1,0,1,0,1,0,1,0,1,0,1,0,0,1,0,1,0,0,0.011187008513136922,0.2282149736679932
0,70,64.95,4523.25,0,1,1,0,1,0,0,0,0,0,1,0,1,0,1,0,1,0,0,0,0,0,1,0,1,0,0,0.011184728754783923,0.7264481326232158
0,69,26.0,1796.55,0,1,1,1,1,0,1,0,1,1,0,1,0,1,0,1,0,1,0,1,0,0,1,1,0,0,0,0.01115465173287169,0.29002094505466397
0,62,26.0,1638.7,0,0,0,1,1,0,1,0,1,1,0,1,0,1,0,1,0,1,0,1,0,0,1,0,0,0,0,0.01114992892495386,0.2898981520488004
0,55,20.5,1177.95,0,1,1,1,1,0,0,0,1,1,0,1,0,1,0,1,0,1,0,1,0,0,1,0,0,0,1,0.011145700573203752,0.2284868617506769
0,69,25.6,1673.4,0,0,1,1,1,0,1,0,1,1,0,1,0,1,0,1,0,1,0,1,0,0,1,1,0,0,0,0.011142363522577843,0.2852445061779928
0,57,20.55,1252.85,0,1,0,0,1,0,0,0,1,1,0,1,0,1,0,1,0,1,0,1,0,0,1,0,1,0,0,0.011134472228768127,0.22881340430118502
0,68,24.0,1664.3,0,1,1,1,1,0,1,0,1,1,0,1,0,1,0,1,0,1,0,1,0,0,1,1,0,0,0,0.011089832107505424,0.2661559705801302
0,57,19.75,1272.05,0,0,1,1,1,0,0,0,1,1,0,1,0,1,0,1,0,1,0,1,0,0,1,0,0,0,0,0.011036630507620382,0.21797345252550254
0,58,20.75,1185.95,0,1,1,0,1,0,0,0,1,1,0,1,0,1,0,1,0,1,0,1,0,0,1,0,0,0,1,0.011030758983925781,0.22888824891645995
0,57,20.75,1118.8,0,1,0,0,1,0,0,0,1,1,0,1,0,1,0,1,0,1,0,1,0,0,1,0,0,0,1,0.01099982766083444,0.22824642396231462
0,64,25.0,1584.8,0,0,1,0,1,0,1,0,1,1,0,1,0,1,0,1,0,1,0,1,0,0,1,0,1,0,0,0.010994241268006952,0.2748560317001738
0,66,65.85,4097.05,0,1,1,1,1,0,0,0,0,0,1,0,1,0,1,0,1,0,0,0,0,0,1,0,0,0,1,0.010977302262978174,0.7228553540171127
0,65,20.4,1414.45,0,1,1,0,1,0,0,0,1,1,0,1,0,1,0,1,0,1,0,1,0,0,1,1,1,0,0,0.010971878613993027,0.22382632372545774
0,63,25.25,1559.3,0,1,0,0,1,0,1,0,1,1,0,1,0,1,0,1,0,1,0,1,0,0,1,0,0,0,1,0.010961384731978233,0.27677496448245037
0,72,26.0,1776.0,0,0,1,0,1,0,1,0,1,1,0,1,0,1,0,1,0,1,0,1,0,0,1,1,0,0,1,0.010911128102960382,0.28368933067696994
0,71,24.25,1732.95,0,0,1,0,1,0,1,0,1,1,0,1,0,1,0,1,0,1,0,1,0,0,1,1,1,0,0,0.010896315264698309,0.264235645168934
0,71,24.4,1725.4,0,0,1,0,1,0,1,0,1,1,0,1,0,1,0,1,0,1,0,1,0,0,1,1,1,0,0,0.01089069465929893,0.26573294968689387
0,55,19.4,1083.0,0,0,1,1,1,0,0,0,1,1,0,1,0,1,0,1,0,1,0,1,0,0,1,0,1,0,0,0.010886773479414465,0.21120340550064062
0,71,24.45,1681.6,0,0,1,0,1,0,1,0,1,1,0,1,0,1,0,1,0,1,0,1,0,0,1,1,1,0,0,0.01076499602804019,0.26320415288558263
0,58,20.8,1212.25,0,1,0,0,1,0,0,0,1,1,0,1,0,1,0,1,0,1,0,1,0,0,1,0,0,0,1,0.010723933332029348,0.22305781330621044
0,72,45.25,3139.8,0,1,1,1,0,1,0,0,0,0,1,0,1,0,1,0,1,0,0,0,0,0,1,0,1,0,0,0.010714226353567438,0.48481874249892654
0,57,19.5,1167.6,0,0,1,1,1,0,0,0,1,1,0,1,0,1,0,1,0,1,0,1,0,0,1,0,0,0,0,0.010693739879189893,0.20852792764420292
0,56,20.05,1090.1,0,0,1,1,1,0,0,0,1,1,0,1,0,1,0,1,0,1,0,1,0,0,1,0,0,0,1,0.010669531659964962,0.2139241097822975
0,59,18.4,1057.85,0,0,1,0,1,0,0,0,1,1,0,1,0,1,0,1,0,1,0,1,0,0,1,0,0,0,0,0.010636630774444728,0.195714006249783
0,72,23.55,1723.95,0,1,1,0,1,0,1,0,1,1,0,1,0,1,0,1,0,1,0,1,0,0,1,1,0,0,0,0.010493928982662512,0.24713202754170216
1,68,20.0,1396.0,0,1,0,0,1,0,0,0,1,1,0,1,0,1,0,1,0,1,0,1,0,0,1,1,1,0,0,0.010480873074590056,0.20961746149180113
0,72,26.25,1988.05,0,0,1,1,1,0,1,0,1,1,0,1,0,1,0,1,0,1,0,1,0,0,1,1,0,0,0,0.010478233588438678,0.2750536316965153
1,67,25.1,1672.15,0,1,0,0,1,0,1,0,1,1,0,1,0,1,0,1,0,1,0,1,0,0,1,0,1,0,0,0.010474404588306872,0.2629075551665025
0,57,18.8,1094.35,0,1,0,0,1,0,0,0,1,1,0,1,0,1,0,1,0,1,0,1,0,0,1,0,1,0,0,0.010462017600029275,0.1966859308805504
0,72,24.15,1776.45,0,0,1,0,1,0,1,0,1,1,0,1,0,1,0,1,0,1,0,1,0,0,1,1,1,0,0,0.010460459926614355,0.25262010722773665
1,70,19.55,1462.05,0,0,1,0,1,0,0,0,1,1,0,1,0,1,0,1,0,1,0,1,0,0,1,1,1,0,0,0.010305945056264249,0.20148122584996608
0,65,25.75,1654.75,0,1,0,0,1,0,1,0,1,1,0,1,0,1,0,1,0,1,0,1,0,0,1,0,0,0,1,0.010200351198120983,0.26265904335161533
0,58,20.3,1131.5,0,1,0,0,1,0,0,0,1,1,0,1,0,1,0,1,0,1,0,1,0,0,1,0,1,0,0,0.010195738064881412,0.20697348271709268
0,64,19.7,1274.05,0,1,1,1,1,0,0,0,1,1,0,1,0,1,0,1,0,1,0,1,0,0,1,1,0,0,0,0.010195051420978353,0.20084251299327355
0,68,62.65,4375.8,0,1,1,1,1,0,0,0,0,0,1,0,1,0,1,0,1,0,0,0,0,0,1,0,1,0,0,0.010103840363098563,0.6330055987481249
0,60,19.85,1128.1,0,0,0,0,1,0,0,0,1,1,0,1,0,1,0,1,0,1,0,1,0,0,1,0,0,0,0,0.010085839957946072,0.20020392316522956
0,60,19.95,1258.15,0,1,1,0,1,0,0,0,1,1,0,1,0,1,0,1,0,1,0,1,0,0,1,0,0,0,1,0.010060591997589408,0.20070881035190868
0,63,19.15,1177.05,0,1,1,1,1,0,0,0,1,1,0,1,0,1,0,1,0,1,0,1,0,0,1,1,0,0,1,0.010000803650211578,0.1915153899015517
1,71,24.85,1901.0,0,1,1,0,1,0,1,0,1,1,0,1,0,1,0,1,0,1,0,1,0,0,1,0,0,0,0,0.00997108996543877,0.24778158564115343
0,65,19.55,1218.65,0,1,0,0,1,0,0,0,1,1,0,1,0,1,0,1,0,1,0,1,0,0,1,1,1,0,0,0.009935385566856178,0.1942367878320383
0,57,20.75,1123.15,0,1,1,1,1,0,0,0,1,1,0,1,0,1,0,1,0,1,0,1,0,0,1,0,0,0,1,0.009922740109002867,0.20589685726180948
0,63,25.25,1573.05,0,1,1,1,1,0,1,0,1,1,0,1,0,1,0,1,0,1,0,1,0,0,1,0,0,0,1,0.009913831338183748,0.25032424128913966
0,68,25.8,1911.5,0,0,1,0,1,0,1,0,1,1,0,1,0,1,0,1,0,1,0,1,0,0,1,0,1,0,0,0.009864783084278215,0.25451140357437796
0,68,25.5,1821.8,0,0,0,0,1,0,1,0,1,1,0,1,0,1,0,1,0,1,0,1,0,0,1,0,0,0,0,0.009837494396494763,0.25085610711061646
0,61,20.25,1278.8,0,0,1,0,1,0,0,0,1,1,0,1,0,1,0,1,0,1,0,1,0,0,1,0,1,0,0,0.009776724914994966,0.19797867952864806
0,66,25.1,1697.7,0,1,0,0,1,0,1,0,1,1,0,1,0,1,0,1,0,1,0,1,0,0,1,0,0,0,1,0.009734105008388644,0.24432603571055497
0,59,19.35,1099.6,1,1,0,0,1,0,0,0,1,1,0,1,0,1,0,1,0,1,0,1,0,0,1,0,0,0,1,0.00971976251358401,0.1880774046378506
0,58,20.5,1191.4,0,0,1,1,1,0,0,0,1,1,0,1,0,1,0,1,0,1,0,1,0,0,1,0,1,0,0,0.009714522519710903,0.1991477116540735
0,59,20.6,1286.0,0,0,1,1,1,0,0,0,1,1,0,1,0,1,0,1,0,1,0,1,0,0,1,0,0,0,1,0.009698080037390417,0.1997804487702426
0,60,20.6,1093.0,0,0,0,0,1,0,0,0,1,1,0,1,0,1,0,1,0,1,0,1,0,0,1,0,0,0,1,0.009687715153422767,0.19956693216050903
0,67,25.6,1784.9,0,1,1,0,1,0,1,0,1,1,0,1,0,1,0,1,0,1,0,1,0,0,1,0,1,0,0,0.009644363949444854,0.24689571710578828
0,63,24.65,1574.5,0,1,1,1,1,0,1,0,1,1,0,1,0,1,0,1,0,1,0,1,0,0,1,0,1,0,0,0.009632403792597805,0.23743875348753588
0,58,20.3,1160.75,0,0,1,1,1,0,0,0,1,1,0,1,0,1,0,1,0,1,0,1,0,0,1,0,1,0,0,0.00961204959697406,0.1951246068185734
0,68,25.25,1728.2,0,1,1,0,1,0,1,0,1,1,0,1,0,1,0,1,0,1,0,1,0,0,1,0,0,0,0,0.009548809913712016,0.2411074503212284
1,71,23.95,1756.2,0,1,1,0,1,0,1,0,1,1,0,1,0,1,0,1,0,1,0,1,0,0,1,0,0,0,0,0.009488364188761842,0.2272463223208461
0,72,24.05,1709.15,0,0,1,1,1,0,1,0,1,1,0,1,0,1,0,1,0,1,0,1,0,0,1,1,0,0,0,0.009476722173743304,0.22791516827852648
0,72,25.2,1798.9,0,1,1,1,1,0,1,0,1,1,0,1,0,1,0,1,0,1,0,1,0,0,1,1,0,0,0,0.009474138720427525,0.23874829575477363
1,72,24.3,1778.7,0,0,1,0,1,0,1,0,1,1,0,1,0,1,0,1,0,1,0,1,0,0,1,0,0,0,0,0.009443898922721001,0.22948674382212034
0,67,19.8,1311.3,0,1,0,0,1,0,0,0,1,1,0,1,0,1,0,1,0,1,0,1,0,0,1,1,0,0,1,0.009426910266352392,0.18665282327377736
0,71,64.05,4492.9,0,0,1,1,1,0,0,0,0,0,1,0,1,0,1,0,1,0,0,0,0,0,1,0,1,0,0,0.009409794478261829,0.6026973363326701
0,65,26.0,1654.85,0,0,1,1,1,0,1,0,1,1,0,1,0,1,0,1,0,1,0,1,0,0,1,0,1,0,0,0.009347560748181903,0.2430365794527295
0,58,19.55,1079.65,0,0,1,1,1,0,0,0,1,1,0,1,0,1,0,1,0,1,0,1,0,0,1,0,1,0,0,0.00932435695705032,0.18229117851033377
0,67,19.25,1372.9,0,0,1,1,1,0,0,0,1,1,0,1,0,1,0,1,0,1,0,1,0,0,1,1,0,0,0,0.00926477715786046,0.17834696028881383
0,59,19.5,1222.65,0,0,1,1,1,0,0,0,1,1,0,1,0,1,0,1,0,1,0,1,0,0,1,0,1,0,0,0.009206264229108037,0.17952215246760672
1,71,25.45,1789.65,0,1,1,0,1,0,1,0,1,1,0,1,0,1,0,1,0,1,0,1,0,0,1,0,1,0,0,0.009150218638560297,0.23287306435135954
0,69,19.3,1447.9,0,1,0,0,1,0,0,0,1,1,0,1,0,1,0,1,0,1,0,1,0,0,1,1,0,0,0,0.009123600152332365,0.17608548294001464
0,70,25.15,1940.85,0,1,1,0,1,0,1,0,1,1,0,1,0,1,0,1,0,1,0,1,0,0,1,0,0,0,0,0.009120962047500276,0.22939219549463194
0,71,20.9,1493.2,0,0,1,0,1,0,0,0,1,1,0,1,0,1,0,1,0,1,0,1,0,0,1,1,0,0,0,0.009114112966126534,0.19048496099204454
0,65,19.85,1267.05,0,1,1,1,1,0,0,0,1,1,0,1,0,1,0,1,0,1,0,1,0,0,1,1,1,0,0,0.00910050017659044,0.18064492850532024
0,69,24.25,1641.8,0,0,1,0,1,0,1,0,1,1,0,1,0,1,0,1,0,1,0,1,0,0,1,0,0,0,0,0.009091146119620978,0.22046029340080872
0,62,19.85,1253.65,0,1,0,0,1,0,0,0,1,1,0,1,0,1,0,1,0,1,0,1,0,0,1,0,0,0,0,0.009069615917164552,0.18003187595571638
0,67,24.85,1583.5,0,1,1,0,1,0,1,0,1,1,0,1,0,1,0,1,0,1,0,1,0,0,1,0,1,0,0,0.009048554201688945,0.2248565719119703
0,65,24.75,1715.1,0,1,1,1,1,0,1,0,1,1,0,1,0,1,0,1,0,1,0,1,0,0,1,0,1,0,0,0.009037701640144204,0.22368311559356904
0,66,19.75,1344.5,0,1,1,1,1,0,0,0,1,1,0,1,0,1,0,1,0,1,0,1,0,0,1,1,0,0,1,0.009022938325947772,0.1782030319374685
0,59,19.85,1188.25,0,1,1,1,1,0,0,0,1,1,0,1,0,1,0,1,0,1,0,1,0,0,1,0,0,0,1,0.009021820097038936,0.17908312892622288
1,72,25.4,1809.35,0,1,0,0,1,0,1,0,1,1,0,1,0,1,0,1,0,1,0,1,0,0,1,0,0,0,0,0.00895389489368225,0.22742893029952915
0,59,19.5,1147.85,0,1,1,1,1,0,0,0,1,1,0,1,0,1,0,1,0,1,0,1,0,0,1,0,0,0,1,0.00888841937503626,0.17332417781320708
0,72,25.1,1790.8,0,1,1,1,1,0,1,0,1,1,0,1,0,1,0,1,0,1,0,1,0,0,1,1,1,0,0,0.008880938716620412,0.22291156178717236
0,67,20.8,1411.9,0,1,1,1,1,0,0,0,1,1,0,1,0,1,0,1,0,1,0,1,0,0,1,1,0,0,1,0.008825210030033812,0.1835643686247033
0,59,19.3,1192.7,0,1,1,1,1,0,0,0,1,1,0,1,0,1,0,1,0,1,0,1,0,0,1,0,1,0,0,0.008777411813048813,0.16940404799184208
0,68,25.05,1629.2,0,1,1,0,1,0,1,0,1,1,0,1,0,1,0,1,0,1,0,1,0,0,1,0,1,0,0,0.008718758241189539,0.21840489394179796
0,71,24.75,1836.9,0,0,1,0,1,0,1,0,1,1,0,1,0,1,0,1,0,1,0,1,0,0,1,0,0,0,0,0.008696169840447378,0.2152302035510726
0,60,20.55,1205.05,0,1,1,1,1,0,0,0,1,1,0,1,0,1,0,1,0,1,0,1,0,0,1,0,0,0,1,0.008669028467328694,0.17814853500360467
0,68,24.55,1657.4,0,1,0,0,1,0,1,0,1,1,0,1,0,1,0,1,0,1,0,1,0,0,1,0,0,0,1,0.008626668184451519,0.2117847039282848
0,62,20.3,1296.15,0,0,1,1,1,0,0,0,1,1,0,1,0,1,0,1,0,1,0,1,0,0,1,0,0,0,0,0.00862210372238402,0.1750287055643956
0,68,19.35,1292.65,0,0,1,1,1,0,0,0,1,1,0,1,0,1,0,1,0,1,0,1,0,0,1,1,0,0,0,0.008611354985642862,0.1666297189721894
0,69,23.95,1713.1,0,1,0,0,1,0,1,0,1,1,0,1,0,1,0,1,0,1,0,1,0,0,1,0,0,0,0,0.008589582456879767,0.20572049984227042
0,61,19.75,1311.6,0,0,1,1,1,0,0,0,1,1,0,1,0,1,0,1,0,1,0,1,0,0,1,0,1,0,0,0.008528107702942581,0.16843012713311598
0,71,25.0,1753.0,0,0,1,0,1,0,1,0,1,1,0,1,0,1,0,1,0,1,0,1,0,0,1,0,0,0,0,0.008518319921254808,0.21295799803137022
0,70,24.25,1724.15,0,1,1,0,1,0,1,0,1,1,0,1,0,1,0,1,0,1,0,1,0,0,1,0,0,0,0,0.00850748325599267,0.20630646895782223
0,63,19.25,1237.65,0,1,1,0,1,0,0,0,1,1,0,1,0,1,0,1,0,1,0,1,0,0,1,0,0,0,1,0.008498387276671503,0.16359395507592644
0,65,19.35,1319.95,0,0,1,0,1,0,0,0,1,1,0,1,0,1,0,1,0,1,0,1,0,0,1,0,0,0,0,0.008462878597007496,0.16375670085209504
0,72,25.65,1887.0,0,0,1,0,1,0,1,0,1,1,0,1,0,1,0,1,0,1,0,1,0,0,1,0,0,0,0,0.008451418916544011,0.21677889520935387
0,67,24.65,1620.45,0,1,1,1,1,0,1,0,1,1,0,1,0,1,0,1,0,1,0,1,0,0,1,0,0,0,0,0.00842841076658593,0.20776032539634315
0,67,26.3,1688.9,0,1,1,1,1,0,1,0,1,1,0,1,0,1,0,1,0,1,0,1,0,0,1,0,0,0,1,0.008410731380298844,0.2212022353018596
0,68,19.95,1303.25,0,1,1,1,1,0,0,0,1,1,0,1,0,1,0,1,0,1,0,1,0,0,1,1,0,0,0,0.008373221080178265,0.1670457605495564
0,71,25.6,1888.25,0,0,1,0,1,0,1,0,1,1,0,1,0,1,0,1,0,1,0,1,0,0,1,0,1,0,0,0.008370321738010155,0.21428023649305997
0,69,24.6,1678.05,0,0,0,0,1,0,1,0,1,1,0,1,0,1,0,1,0,1,0,1,0,0,1,0,1,0,0,0.008360878162794893,0.20567760280475436
0,69,19.1,1268.85,0,1,0,0,1,0,0,0,1,1,0,1,0,1,0,1,0,1,0,1,0,0,1,1,0,0,1,0.008335963075508131,0.15921689474220532
0,62,20.45,1297.35,0,1,1,1,1,0,0,0,1,1,0,1,0,1,0,1,0,1,0,1,0,0,1,0,0,0,0,0.00832228630658013,0.17019075496956365
0,60,19.65,1161.75,0,1,1,1,1,0,0,0,1,1,0,1,0,1,0,1,0,1,0,1,0,0,1,0,1,0,0,0.008292367552685162,0.1629450224102634
0,71,25.55,1898.1,0,1,0,0,1,0,1,0,1,1,0,1,0,1,0,1,0,1,0,1,0,0,1,0,0,0,0,0.008288667041661934,0.2117754429144624
0,71,25.05,1873.7,0,0,1,0,1,0,1,0,1,1,0,1,0,1,0,1,0,1,0,1,0,0,1,0,1,0,0,0.008288420155935545,0.20762492490618542
0,60,19.95,1189.9,0,1,0,1,1,0,0,0,1,1,0,1,0,1,0,1,0,1,0,1,0,0,1,0,0,0,1,0.008274048708278716,0.1650672717301604
0,61,20.55,1305.95,0,1,1,1,1,0,0,0,1,1,0,1,0,1,0,1,0,1,0,1,0,0,1,0,1,0,0,0.008272319710751706,0.16999617005594755
0,72,24.65,1830.05,0,0,1,0,1,0,1,0,1,1,0,1,0,1,0,1,0,1,0,1,0,0,1,0,0,0,0,0.008231653490683234,0.2029102585453417
0,67,19.4,1284.2,0,1,1,1,1,0,0,0,1,1,0,1,0,1,0,1,0,1,0,1,0,0,1,1,1,0,0,0.008202931434498476,0.15913686982927042
0,72,21.15,1419.4,0,0,0,0,1,0,0,0,1,1,0,1,0,1,0,1,0,1,0,1,0,0,1,1,0,0,0,0.00819835171147111,0.17339513869761397
0,64,19.45,1225.65,0,0,1,0,1,0,0,0,1,1,0,1,0,1,0,1,0,1,0,1,0,0,1,0,1,0,0,0.00817506069613974,0.15900493053991793
0,64,19.45,1208.6,0,0,1,0,1,0,0,0,1,1,0,1,0,1,0,1,0,1,0,1,0,0,1,0,1,0,0,0.008136433350553278,0.15825362866826123
0,71,24.45,1730.65,0,1,1,0,1,0,1,0,1,1,0,1,0,1,0,1,0,1,0,1,0,0,1,0,0,0,0,0.008108467787655664,0.19825203740818098
0,72,26.45,1914.5,0,0,1,0,1,0,1,0,1,1,0,1,0,1,0,1,0,1,0,1,0,0,1,0,1,0,0,0.008076693718949118,0.21362854886620417
0,68,25.4,1620.2,0,1,1,1,1,0,1,0,1,1,0,1,0,1,0,1,0,1,0,1,0,0,1,0,0,0,0,0.008064611498507963,0.20484113206210225
0,68,25.75,1686.15,0,1,1,1,1,0,1,0,1,1,0,1,0,1,0,1,0,1,0,1,0,0,1,0,0,0,1,0.007932718483865803,0.20426750095954443
0,71,23.85,1672.1,0,0,1,0,1,0,1,0,1,1,0,1,0,1,0,1,0,1,0,1,0,0,1,0,0,0,1,0.007918049355121746,0.18884547711965366
0,62,20.0,1250.1,0,1,0,1,1,0,0,0,1,1,0,1,0,1,0,1,0,1,0,1,0,0,1,0,0,0,0,0.007884899904106795,0.15769799808213592
0,72,24.85,1871.85,0,0,1,0,1,0,1,0,1,1,0,1,0,1,0,1,0,1,0,1,0,0,1,0,1,0,0,0.007848146597442545,0.19502644294644728
0,64,19.55,1240.15,0,1,0,0,1,0,0,0,1,1,0,1,0,1,0,1,0,1,0,1,0,0,1,0,0,0,1,0.007811944843775791,0.1527235216958167
0,72,25.0,1849.2,0,0,1,0,1,0,1,0,1,1,0,1,0,1,0,1,0,1,0,1,0,0,1,0,1,0,0,0.007811241575528234,0.19528103938820585
0,69,24.45,1718.2,0,1,1,1,1,0,1,0,1,1,0,1,0,1,0,1,0,1,0,1,0,0,1,0,0,0,0,0.007789197027786013,0.19044586732936802
0,72,20.8,1521.2,0,1,0,0,1,0,0,0,1,1,0,1,0,1,0,1,0,1,0,1,0,0,1,1,0,0,1,0.007788955114935063,0.16201026639064933
0,62,20.05,1263.9,0,1,1,1,1,0,0,0,1,1,0,1,0,1,0,1,0,1,0,1,0,0,1,0,1,0,0,0.007721432977223475,0.1548147311933307
0,61,19.75,1124.2,0,1,0,1,1,0,0,0,1,1,0,1,0,1,0,1,0,1,0,1,0,0,1,0,0,0,1,0.007696746501167926,0.15201074339806653
0,70,19.2,1401.4,0,0,1,1,1,0,0,0,1,1,0,1,0,1,0,1,0,1,0,1,0,0,1,1,0,0,1,0.00768524524208312,0.14755670864799592
0,62,20.65,1218.45,0,1,1,1,1,0,0,0,1,1,0,1,0,1,0,1,0,1,0,1,0,0,1,0,1,0,0,0.007672874300523679,0.15844485430581398
0,72,25.85,1872.2,0,1,1,0,1,0,1,0,1,1,0,1,0,1,0,1,0,1,0,1,0,0,1,0,1,0,0,0.007641390046500825,0.19752993270204636
0,70,24.7,1685.9,0,0,1,1,1,0,1,0,1,1,0,1,0,1,0,1,0,1,0,1,0,0,1,0,0,0,0,0.007627414698263292,0.1883971430471033
0,72,25.4,1797.1,0,1,1,0,1,0,1,0,1,1,0,1,0,1,0,1,0,1,0,1,0,0,1,0,0,0,1,0.00762098191608395,0.1935729406685323
0,72,25.75,1864.2,0,1,1,0,1,0,1,0,1,1,0,1,0,1,0,1,0,1,0,1,0,0,1,0,1,0,0,0.007616388146697984,0.19612199477747308
0,70,20.15,1411.2,0,0,1,1,1,0,0,0,1,1,0,1,0,1,0,1,0,1,0,1,0,0,1,1,1,0,0,0.007607213268201251,0.1532853473542552
0,72,25.45,1866.45,0,0,0,0,1,0,1,0,1,1,0,1,0,1,0,1,0,1,0,1,0,0,1,0,1,0,0,0.007606200470021708,0.19357780196205246
0,71,19.9,1355.1,0,1,0,0,1,0,0,0,1,1,0,1,0,1,0,1,0,1,0,1,0,0,1,1,1,0,0,0.00758447330908216,0.15093101885073495
0,72,24.8,1874.3,0,1,1,0,1,0,1,0,1,1,0,1,0,1,0,1,0,1,0,1,0,0,1,0,1,0,0,0.007561713665262059,0.18753049889849907
0,71,25.45,1813.35,0,0,1,1,1,0,1,0,1,1,0,1,0,1,0,1,0,1,0,1,0,0,1,0,0,0,0,0.007561657609314956,0.19244418615706563
0,72,24.75,1777.6,0,1,0,0,1,0,1,0,1,1,0,1,0,1,0,1,0,1,0,1,0,0,1,0,0,0,0,0.007545945304974751,0.1867621462981251
0,63,19.7,1275.85,0,1,1,1,1,0,0,0,1,1,0,1,0,1,0,1,0,1,0,1,0,0,1,0,0,0,1,0.007497642171731874,0.14770355078311792
0,71,24.7,1810.55,0,0,1,1,1,0,1,0,1,1,0,1,0,1,0,1,0,1,0,1,0,0,1,0,0,0,0,0.0074962862468838055,0.18515827029803
0,63,20.0,1209.25,0,0,1,1,1,0,0,0,1,1,0,1,0,1,0,1,0,1,0,1,0,0,1,0,1,0,0,0.007490499841141608,0.14980999682283216
0,70,24.05,1764.75,0,0,1,1,1,0,1,0,1,1,0,1,0,1,0,1,0,1,0,1,0,0,1,0,0,0,1,0.007450626303928025,0.17918756260946903
0,72,25.4,1710.9,0,1,1,0,1,0,1,0,1,1,0,1,0,1,0,1,0,1,0,1,0,0,1,0,0,0,1,0.007440552649039158,0.1889900372855946
0,64,20.2,1277.75,0,0,1,1,1,0,0,0,1,1,0,1,0,1,0,1,0,1,0,1,0,0,1,0,0,0,1,0.00743156474537073,0.15011760785648876
0,72,19.8,1468.75,0,1,0,0,1,0,0,0,1,1,0,1,0,1,0,1,0,1,0,1,0,0,1,1,1,0,0,0.00742349041440083,0.14698511020513644
0,63,19.55,1245.6,0,1,1,1,1,0,0,0,1,1,0,1,0,1,0,1,0,1,0,1,0,0,1,0,0,0,1,0.007423114694365998,0.14512189227485525
0,67,20.5,1430.95,0,1,0,0,1,0,0,0,1,1,0,1,0,1,0,1,0,1,0,1,0,0,1,0,0,0,0,0.007398329943904117,0.15166576385003439
0,67,19.65,1335.2,0,0,1,0,1,0,0,0,1,1,0,1,0,1,0,1,0,1,0,1,0,0,1,0,0,0,1,0.0073938316176376225,0.14528879128657926
0,66,19.7,1253.8,0,1,0,0,1,0,0,0,1,1,0,1,0,1,0,1,0,1,0,1,0,0,1,0,0,0,0,0.007356402060787876,0.14492112059752116
0,72,20.55,1432.55,0,1,1,1,1,0,0,0,1,1,0,1,0,1,0,1,0,1,0,1,0,0,1,0,0,1,0,0.007327458659398899,0.1505792754506474
0,70,25.4,1782.05,0,1,1,1,1,0,1,0,1,1,0,1,0,1,0,1,0,1,0,1,0,0,1,0,0,0,1,0.007315474339922023,0.18581304823401937
0,71,19.6,1387.45,0,1,1,1,1,0,0,0,1,1,0,1,0,1,0,1,0,1,0,1,0,0,1,1,0,0,0,0.0073069559837106585,0.1432163372807289
0,66,19.35,1240.8,0,1,0,0,1,0,0,0,1,1,0,1,0,1,0,1,0,1,0,1,0,0,1,0,0,0,0,0.007302869079142466,0.14131051668140673
0,72,25.1,1857.85,0,0,1,1,1,0,1,0,1,1,0,1,0,1,0,1,0,1,0,1,0,0,1,0,0,0,0,0.007241119471928651,0.18175209874540915
0,63,19.5,1215.1,0,0,0,1,1,0,0,0,1,1,0,1,0,1,0,1,0,1,0,1,0,0,1,0,1,0,0,0.007198280198725613,0.14036646387514945
0,72,20.7,1482.3,0,0,1,1,1,0,0,0,1,1,0,1,0,1,0,1,0,1,0,1,0,0,1,1,0,0,1,0.0071966316735527155,0.1489702756425412
0,70,25.35,1715.15,0,1,1,1,1,0,1,0,1,1,0,1,0,1,0,1,0,1,0,1,0,0,1,0,0,0,1,0.007176874321371001,0.18193376404675488
0,68,20.05,1386.9,0,0,0,0,1,0,0,0,1,1,0,1,0,1,0,1,0,1,0,1,0,0,1,0,0,0,0,0.0071678829786020175,0.14371605372097046
1,69,20.3,1356.3,0,1,0,0,1,0,0,0,1,1,0,1,0,1,0,1,0,1,0,1,0,0,1,0,1,0,0,0.007159731164461872,0.14534254263857602
0,72,20.35,1354.4,0,1,1,1,1,0,0,0,1,1,0,1,0,1,0,1,0,1,0,1,0,0,1,0,0,1,0,0.007154857072663687,0.14560134142870604
0,70,25.15,1790.15,0,1,1,1,1,0,1,0,1,1,0,1,0,1,0,1,0,1,0,1,0,0,1,0,1,0,0,0.0071467571069763584,0.1797409412404554
0,67,19.95,1311.75,0,1,0,0,1,0,0,0,1,1,0,1,0,1,0,1,0,1,0,1,0,0,1,0,0,0,0,0.007115775515205701,0.14195972152835373
0,72,25.2,1787.35,0,0,1,1,1,0,1,0,1,1,0,1,0,1,0,1,0,1,0,1,0,0,1,0,0,0,0,0.007108042945786724,0.17912268223382544
0,72,19.75,1567.0,0,0,0,1,1,0,0,0,1,1,0,1,0,1,0,1,0,1,0,1,0,0,1,1,0,0,1,0.007035664949784703,0.13895438275824787
0,72,24.9,1859.2,0,0,1,1,1,0,1,0,1,1,0,1,0,1,0,1,0,1,0,1,0,0,1,0,0,0,1,0.006955328022527384,0.17318766776093183
0,71,25.35,1847.55,0,1,1,1,1,0,1,0,1,1,0,1,0,1,0,1,0,1,0,1,0,0,1,0,1,0,0,0.006908239241122512,0.17512386476245567
0,72,24.45,1709.1,0,0,1,1,1,0,1,0,1,1,0,1,0,1,0,1,0,1,0,1,0,0,1,0,0,0,0,0.0069002420958819855,0.16871091924431453
0,68,20.5,1424.9,0,0,0,0,1,0,0,0,1,1,0,1,0,1,0,1,0,1,0,1,0,0,1,0,1,0,0,0.006844398152378091,0.14031016212375086
0,68,19.6,1441.65,0,0,0,0,1,0,0,0,1,1,0,1,0,1,0,1,0,1,0,1,0,0,1,0,1,0,0,0.0068113998296651925,0.1335034366614378
0,65,19.9,1292.6,0,1,1,1,1,0,0,0,1,1,0,1,0,1,0,1,0,1,0,1,0,0,1,0,0,0,1,0.006802809324504162,0.13537590555763282
0,72,23.75,1679.25,0,0,1,1,1,0,1,0,1,1,0,1,0,1,0,1,0,1,0,1,0,0,1,0,0,0,0,0.006792853960623249,0.16133028156480217
0,72,24.75,1769.6,0,1,1,1,1,0,1,0,1,1,0,1,0,1,0,1,0,1,0,1,0,0,1,0,0,0,0,0.006781393563044391,0.16783949068534867
0,72,26.1,1851.45,0,1,1,1,1,0,1,0,1,1,0,1,0,1,0,1,0,1,0,1,0,0,1,0,0,0,1,0.006770958571166625,0.1767220187074489
0,72,25.0,1738.9,0,1,1,1,1,0,1,0,1,1,0,1,0,1,0,1,0,1,0,1,0,0,1,0,0,0,0,0.006741480084854793,0.16853700212136982
0,71,23.9,1663.5,0,0,1,1,1,0,1,0,1,1,0,1,0,1,0,1,0,1,0,1,0,0,1,0,1,0,0,0.0067099633398782586,0.16036812382309037
0,70,19.8,1397.65,0,0,1,0,1,0,0,0,1,1,0,1,0,1,0,1,0,1,0,1,0,0,1,0,0,0,0,0.006699858689260273,0.13265720204735343
0,72,20.1,1326.25,0,0,1,1,1,0,0,0,1,1,0,1,0,1,0,1,0,1,0,1,0,0,1,1,1,0,0,0.006692102504779151,0.13451126034606095
0,72,24.25,1784.5,0,0,1,1,1,0,1,0,1,1,0,1,0,1,0,1,0,1,0,1,0,0,1,0,1,0,0,0.006612177570181156,0.16034530607689304
0,72,25.55,1867.7,0,1,1,1,1,0,1,0,1,1,0,1,0,1,0,1,0,1,0,1,0,0,1,0,1,0,0,0.006608783665262287,0.16885442264745143
0,72,19.8,1414.65,0,1,1,1,1,0,0,0,1,1,0,1,0,1,0,1,0,1,0,1,0,0,1,1,1,0,0,0.0065862459739205285,0.13040767028362646
0,72,24.75,1859.1,0,1,1,1,1,0,1,0,1,1,0,1,0,1,0,1,0,1,0,1,0,0,1,0,1,0,0,0.0065375820344726904,0.1618051553531991
0,72,24.3,1643.25,0,1,1,1,1,0,1,0,1,1,0,1,0,1,0,1,0,1,0,1,0,0,1,0,0,0,0,0.006516154324975776,0.15834255009691137
0,70,19.45,1303.5,0,0,1,0,1,0,0,0,1,1,0,1,0,1,0,1,0,1,0,1,0,0,1,0,0,0,0,0.006502585554988554,0.12647528904452737
0,69,19.9,1363.45,0,1,1,0,1,0,0,0,1,1,0,1,0,1,0,1,0,1,0,1,0,0,1,0,0,0,1,0.006486578713348006,0.12908291639562533
0,66,20.0,1374.2,0,1,1,1,1,0,0,0,1,1,0,1,0,1,0,1,0,1,0,1,0,0,1,0,1,0,0,0.006462992761990464,0.12925985523980926
0,71,23.9,1626.4,0,1,1,1,1,0,1,0,1,1,0,1,0,1,0,1,0,1,0,1,0,0,1,0,1,0,0,0.006397415829104992,0.1528982383156093
0,71,24.35,1654.6,0,1,0,1,1,0,1,0,1,1,0,1,0,1,0,1,0,1,0,1,0,0,1,0,0,0,1,0.00639345594438666,0.15568065224581518
0,66,20.55,1357.1,0,1,0,1,1,0,0,0,1,1,0,1,0,1,0,1,0,1,0,1,0,0,1,0,0,0,1,0.006384816997892648,0.13120798930669392
0,72,24.1,1734.65,0,1,1,1,1,0,1,0,1,1,0,1,0,1,0,1,0,1,0,1,0,0,1,0,1,0,0,0.006271890460730108,0.15115256010359562
0,68,19.95,1377.7,0,1,1,1,1,0,0,0,1,1,0,1,0,1,0,1,0,1,0,1,0,0,1,0,0,0,0,0.0061964039598112735,0.1236182589982349
0,70,19.85,1328.35,0,0,1,0,1,0,0,0,1,1,0,1,0,1,0,1,0,1,0,1,0,0,1,0,1,0,0,0.006182990573098307,0.1227323628760014
0,69,20.2,1412.65,0,0,1,1,1,0,0,0,1,1,0,1,0,1,0,1,0,1,0,1,0,0,1,0,0,0,0,0.006182150541087352,0.1248794409299645
0,72,19.4,1496.45,0,0,1,0,1,0,0,0,1,1,0,1,0,1,0,1,0,1,0,1,0,0,1,0,0,0,0,0.006179672870975218,0.11988565369691923
0,69,19.95,1399.35,0,1,0,0,1,0,0,0,1,1,0,1,0,1,0,1,0,1,0,1,0,0,1,0,1,0,0,0.006178633133566728,0.12326373101465622
0,71,19.6,1416.5,0,0,1,0,1,0,0,0,1,1,0,1,0,1,0,1,0,1,0,1,0,0,1,0,0,0,1,0.0061386992989070485,0.12031850625857816
0,70,19.85,1433.8,0,1,1,0,1,0,0,0,1,1,0,1,0,1,0,1,0,1,0,1,0,0,1,0,1,0,0,0.0061334761938787825,0.12174950244849383
0,69,19.7,1396.9,0,0,1,1,1,0,0,0,1,1,0,1,0,1,0,1,0,1,0,1,0,0,1,0,0,0,0,0.006122713265165819,0.12061745132376663
0,72,20.05,1423.65,0,0,1,0,1,0,0,0,1,1,0,1,0,1,0,1,0,1,0,1,0,0,1,0,0,0,0,0.006097394819129472,0.12225276612354591
0,69,19.75,1375.4,0,0,1,1,1,0,0,0,1,1,0,1,0,1,0,1,0,1,0,1,0,0,1,0,0,0,0,0.006089392699098582,0.120265505807197
0,69,20.15,1337.5,0,0,1,1,1,0,0,0,1,1,0,1,0,1,0,1,0,1,0,1,0,0,1,0,0,0,0,0.0060509790041505165,0.12192722693363289
0,66,19.95,1269.1,0,1,0,1,1,0,0,0,1,1,0,1,0,1,0,1,0,1,0,1,0,0,1,0,1,0,0,0.006050403329792991,0.12070554642937016
0,72,20.7,1492.1,0,1,1,0,1,0,0,0,1,1,0,1,0,1,0,1,0,1,0,1,0,0,1,0,0,0,0,0.006027795360390653,0.12477536396008651
0,71,19.85,1379.6,0,0,1,0,1,0,0,0,1,1,0,1,0,1,0,1,0,1,0,1,0,0,1,0,1,0,0,0.005953637931884637,0.11817971294791005
0,69,20.2,1376.5,0,1,1,1,1,0,0,0,1,1,0,1,0,1,0,1,0,1,0,1,0,0,1,0,0,0,0,0.005895601621663757,0.1190911527576079
0,71,19.1,1372.45,0,0,1,0,1,0,0,0,1,1,0,1,0,1,0,1,0,1,0,1,0,0,1,0,1,0,0,0.005894941648307693,0.11259338548267694
0,72,20.5,1502.25,0,0,1,0,1,0,0,0,1,1,0,1,0,1,0,1,0,1,0,1,0,0,1,0,1,0,0,0.005888123302590308,0.12070652770310132
0,69,19.9,1356.7,0,1,1,1,1,0,0,0,1,1,0,1,0,1,0,1,0,1,0,1,0,0,1,0,0,0,0,0.005844650129534451,0.11630853757773556
1,71,19.8,1388.45,0,1,1,1,1,0,0,0,1,1,0,1,0,1,0,1,0,1,0,1,0,0,1,0,1,0,0,0.0058321069674607436,0.11547571795572273
0,69,19.8,1436.95,0,0,1,1,1,0,0,0,1,1,0,1,0,1,0,1,0,1,0,1,0,0,1,0,1,0,0,0.005827882872952712,0.1153920808844637
0,69,19.4,1346.2,0,0,1,1,1,0,0,0,1,1,0,1,0,1,0,1,0,1,0,1,0,0,1,0,0,0,1,0.005790072638272765,0.11232740918249162
0,70,19.8,1378.75,0,0,1,1,1,0,0,0,1,1,0,1,0,1,0,1,0,1,0,1,0,0,1,0,0,0,0,0.0057888635528991535,0.11461949834740325
0,72,20.25,1566.9,0,0,0,0,1,0,0,0,1,1,0,1,0,1,0,1,0,1,0,1,0,0,1,0,1,0,0,0.005766668464398987,0.11677503640407949
0,71,20.5,1500.95,0,0,1,1,1,0,0,0,1,1,0,1,0,1,0,1,0,1,0,1,0,0,1,0,0,0,0,0.005727457139349407,0.11741287135666284
0,72,19.85,1434.1,0,1,0,0,1,0,0,0,1,1,0,1,0,1,0,1,0,1,0,1,0,0,1,0,0,0,0,0.005669240448064417,0.11253442289407868
0,72,19.3,1414.8,0,1,0,0,1,0,0,0,1,1,0,1,0,1,0,1,0,1,0,1,0,0,1,0,0,0,0,0.005606197546970128,0.10819961265652348
0,71,20.1,1389.6,0,0,1,1,1,0,0,0,1,1,0,1,0,1,0,1,0,1,0,1,0,0,1,0,0,0,0,0.005529170385204302,0.11113632474260648
0,71,19.9,1389.35,0,0,1,1,1,0,0,0,1,1,0,1,0,1,0,1,0,1,0,1,0,0,1,0,0,0,0,0.005517120363708114,0.10979069523779146
0,72,19.7,1421.9,0,1,1,0,1,0,0,0,1,1,0,1,0,1,0,1,0,1,0,1,0,0,1,0,1,0,0,0.005499766582783956,0.10834540168084393
0,71,19.85,1326.35,0,0,1,1,1,0,0,0,1,1,0,1,0,1,0,1,0,1,0,1,0,0,1,0,0,0,0,0.0054182894173336145,0.10755304493407225
0,70,20.35,1458.1,0,1,1,1,1,0,0,0,1,1,0,1,0,1,0,1,0,1,0,1,0,0,1,0,1,0,0,0.005391637710280543,0.10971982740420906
0,72,20.1,1460.85,0,0,1,1,1,0,0,0,1,1,0,1,0,1,0,1,0,1,0,1,0,0,1,0,0,0,0,0.005353685631051267,0.10760908118413048
0,72,19.55,1463.45,0,0,1,1,1,0,0,0,1,1,0,1,0,1,0,1,0,1,0,1,0,0,1,0,0,0,0,0.0053265309134364735,0.10413367935768306
0,72,19.3,1304.8,0,1,1,0,1,0,0,0,1,1,0,1,0,1,0,1,0,1,0,1,0,0,1,0,1,0,0,0.005300822543394463,0.10230587508751314
0,72,21.0,1493.75,0,1,1,1,1,0,0,0,1,1,0,1,0,1,0,1,0,1,0,1,0,0,1,0,0,0,0,0.005254229023692011,0.11033880949753223
0,70,20.05,1360.25,0,1,1,1,1,0,0,0,1,1,0,1,0,1,0,1,0,1,0,1,0,0,1,0,1,0,0,0.005230051846555299,0.10486253952343376
0,71,19.7,1415.85,0,0,1,1,1,0,0,0,1,1,0,1,0,1,0,1,0,1,0,1,0,0,1,0,1,0,0,0.0052149578940491916,0.10273467051276906
0,71,19.9,1397.3,0,0,1,1,1,0,0,0,1,1,0,1,0,1,0,1,0,1,0,1,0,0,1,0,1,0,0,0.005199048206432529,0.10346105930800731
0,71,19.8,1396.25,0,1,1,1,1,0,0,0,1,1,0,1,0,1,0,1,0,1,0,1,0,0,1,0,0,0,1,0.005117647507592691,0.10132942065033529
0,72,20.3,1401.15,0,1,1,1,1,0,0,0,1,1,0,1,0,1,0,1,0,1,0,1,0,0,1,0,0,0,0,0.005082676435115794,0.10317833163285062
0,71,19.45,1378.45,0,1,1,1,1,0,0,0,1,1,0,1,0,1,0,1,0,1,0,1,0,0,1,0,0,0,1,0.0050735322929035456,0.09868020309697395
0,72,19.95,1322.85,0,1,1,1,1,0,0,0,1,1,0,1,0,1,0,1,0,1,0,1,0,0,1,0,0,0,0,0.004954620729365306,0.09884468355083785
0,72,19.7,1379.8,0,0,1,1,1,0,0,0,1,1,0,1,0,1,0,1,0,1,0,1,0,0,1,0,1,0,0,0.004900643822541334,0.09654268330406428
0,71,19.7,1301.1,0,1,1,1,1,0,0,0,1,1,0,1,0,1,0,1,0,1,0,1,0,0,1,0,1,0,0,0.004865265098997947,0.09584572245025955
0,72,19.9,1529.65,0,1,0,1,1,0,0,0,1,1,0,1,0,1,0,1,0,1,0,1,0,0,1,0,1,0,0,0.0047567432482325325,0.09465919063982739
0,72,19.4,1363.25,0,1,1,1,1,0,0,0,1,1,0,1,0,1,0,1,0,1,0,1,0,0,1,0,1,0,0,0.004683941825901717,0.09086847142249331
